区,団地,住宅名,戸数,建設年度,築年数_2026,耐震性,活用手法,所在地,PLATEAU建物ID,建物の数,高さm（最大）,地上階数（PLATEAU）,階数_推定,構造,浸水深_最大m,洪水_想定最大m,洪水_計画規模m,浸水継続時間_h,高潮m,津波m,浸水が及ぶ階の目安,全階浸水の恐れ,位置の種類,確認状況,緯度,経度
中央区,上町住宅,上町住宅１号館,139.0,2007.0,19.0,A,継続活用,中央区上町１丁目１５番１号,bldg_0b96f73e-faa6-40d4-a8cb-d922459d5e13,1,44.8,14.0,15.0,RC造,0.0,,,,,,なし,,PLATEAU建物,団地ごとの目視確認済み,34.677208,135.524304
中央区,上町住宅,上町住宅２号館,83.0,2013.0,13.0,A,継続活用,中央区上町１丁目１５番２号,bldg_8f570d97-bc79-4a7d-b689-ec831ebac6c9,1,48.0,14.0,17.0,RC造,0.0,,,,,,なし,,PLATEAU建物,団地ごとの目視確認で修正,34.677563,135.524855
住之江区,中加賀屋住宅,中加賀屋住宅１号館,195.0,1980.0,46.0,A,継続活用,住之江区中加賀屋１丁目９番１号,bldg_3bb75bfe-1fcb-41ea-b342-b6310f7e5f61,1,50.3,14.0,17.0,RC造,4.61,2.28,1.4,86.0,4.61,1.26,2階まで,,PLATEAU建物,団地ごとの目視確認済み,34.620515,135.480741
住之江区,中加賀屋住宅,中加賀屋住宅１０号館,117.0,1983.0,43.0,A,継続活用,住之江区中加賀屋１丁目１２番１０号,bldg_4370ea36-855e-4d0f-b07d-f55c820924b5,1,48.7,13.0,17.0,RC造,4.98,2.48,1.69,106.0,4.98,1.61,2階まで,,PLATEAU建物,団地ごとの目視確認済み,34.621033,135.479502
住之江区,中加賀屋住宅,中加賀屋住宅１１号館,108.0,1986.0,40.0,A,継続活用,住之江区中加賀屋１丁目１１番１１号,bldg_28f01665-f085-4b8b-be88-b266431506e8,1,42.4,11.0,15.0,RC造,4.82,2.28,1.5,93.0,4.82,1.3,2階まで,,PLATEAU建物,団地ごとの目視確認済み,34.621226,135.480824
住之江区,中加賀屋住宅,中加賀屋住宅１２号館,131.0,1983.0,43.0,A,継続活用,住之江区中加賀屋１丁目１番１２号,bldg_8de3d45f-47e7-4186-994f-d455a65b45d1,1,45.4,12.0,16.0,RC造,4.92,2.28,1.49,93.0,4.92,1.46,2階まで,,PLATEAU建物,団地ごとの目視確認済み,34.621394,135.481908
住之江区,中加賀屋住宅,中加賀屋住宅１３号館,30.0,1983.0,43.0,A,継続活用,住之江区中加賀屋１丁目２番１３号,bldg_04a59c25-a139-4044-85ee-4c9da82e5746,1,14.6,5.0,5.0,RC造,4.93,2.38,1.49,96.0,4.93,1.44,2階まで,,PLATEAU建物,団地ごとの目視確認済み,34.620881,135.481626
住之江区,中加賀屋住宅,中加賀屋住宅２号館,72.0,1980.0,46.0,A,継続活用,住之江区中加賀屋１丁目８番２号,bldg_88e9afe8-b69d-4e58-8c46-50d17c53b4ed,1,33.0,8.0,11.0,RC造,4.62,2.09,1.3,84.0,4.62,1.13,2階まで,,PLATEAU建物,団地ごとの目視確認済み,34.620045,135.480569
住之江区,中加賀屋住宅,中加賀屋住宅３号館,72.0,1980.0,46.0,A,継続活用,住之江区中加賀屋１丁目７番３号,bldg_c20d2e46-8c0a-4be5-95c0-05345509f255,1,33.0,8.0,11.0,RC造,4.64,1.99,1.3,78.0,4.64,1.17,2階まで,,PLATEAU建物,団地ごとの目視確認済み,34.619644,135.480476
住之江区,中加賀屋住宅,中加賀屋住宅４号館,60.0,1983.0,43.0,A,継続活用,住之江区中加賀屋１丁目６番４号,bldg_40d5ee0a-6f46-4ba3-b154-41e8a94bea31,1,14.3,5.0,5.0,RC造,4.89,2.29,1.5,96.0,4.89,1.35,2階まで,,PLATEAU建物,団地ごとの目視確認済み,34.619293,135.480405
住之江区,中加賀屋住宅,中加賀屋住宅５号館,50.0,1983.0,43.0,A,継続活用,住之江区中加賀屋２丁目１２番５号,bldg_6d54bec3-5fa0-4355-98d2-d5e74129d9af,1,14.7,5.0,5.0,RC造,4.88,2.19,1.41,92.0,4.88,1.34,2階まで,,PLATEAU建物,団地ごとの目視確認済み,34.618974,135.48027
住之江区,中加賀屋住宅,中加賀屋住宅６号館,39.0,1983.0,43.0,A,継続活用,住之江区中加賀屋２丁目１３番６号,bldg_5acb06bb-7412-4433-8f16-0e22115f157e,1,11.6,4.0,4.0,RC造,4.67,2.09,1.4,86.0,4.67,1.15,2階まで,,PLATEAU建物,団地ごとの目視確認済み,34.619142,135.479255
住之江区,中加賀屋住宅,中加賀屋住宅７号館,50.0,1982.0,44.0,A,継続活用,住之江区中加賀屋１丁目１６番７号,bldg_3990b76c-3989-411f-9b00-b243323526b5,1,14.1,5.0,5.0,RC造,4.78,2.29,1.5,95.0,4.78,1.52,2階まで,,PLATEAU建物,団地ごとの目視確認済み,34.619459,135.479303
住之江区,中加賀屋住宅,中加賀屋住宅８号館,200.0,1984.0,42.0,A,継続活用,住之江区西加賀屋１丁目３番８号,bldg_43800cf0-3d99-4b38-9eed-334ae8147581,1,39.3,10.0,14.0,RC造,4.84,2.19,1.4,86.0,4.84,1.37,2階まで,,PLATEAU建物,団地ごとの目視確認済み,34.620007,135.478522
住之江区,中加賀屋住宅,中加賀屋住宅９号館,56.0,1983.0,43.0,A,継続活用,住之江区中加賀屋１丁目１３番９号,bldg_4e8f628f-5ff8-454f-87c6-d454d4712f69,1,33.7,8.0,12.0,RC造,4.67,2.28,1.5,92.0,4.67,1.26,2階まで,,PLATEAU建物,団地ごとの目視確認済み,34.620559,135.47961
住之江区,住之江住宅,住之江住宅１号館,20.0,2000.0,26.0,A,継続活用,住之江区住之江３丁目１１番１号,bldg_493a3f2a-bbfd-46c0-906d-9ae1a6f931cb,1,15.1,5.0,5.0,RC造,4.61,4.56,3.95,65.0,4.61,0.32,2階まで,,PLATEAU建物,団地ごとの目視確認済み,34.599113,135.485617
住之江区,住之江住宅,住之江住宅２号館,34.0,2000.0,26.0,A,継続活用,住之江区住之江３丁目１２番２号,bldg_305f78ff-29f2-486a-a037-09676acc8d02,1,15.1,5.0,5.0,RC造,4.59,4.59,3.99,68.0,4.51,0.38,2階まで,,PLATEAU建物,団地ごとの目視確認済み,34.59869,135.485268
住之江区,住之江住宅,住之江住宅３号館,45.0,2000.0,26.0,A,継続活用,住之江区住之江３丁目１４番３号,bldg_7ecb39b9-b209-4539-9d73-986a9f1eae18,1,14.8,5.0,5.0,RC造,4.72,4.72,4.13,67.0,4.58,0.28,2階まで,,PLATEAU建物,団地ごとの目視確認済み,34.598359,135.485086
住之江区,北加賀屋住宅,北加賀屋住宅１号館,22.0,1992.0,34.0,A,継続活用,住之江区北加賀屋１丁目５番８号,bldg_f88b881c-1617-49a3-83dd-78ee1688d330,1,17.6,6.0,6.0,RC造,5.22,2.48,1.69,111.0,5.22,1.86,2階まで,,PLATEAU建物,団地ごとの目視確認済み,34.621959,135.48061
住之江区,北加賀屋第５住宅,北加賀屋第５住宅１号館,134.0,1975.0,51.0,A,継続活用,住之江区北加賀屋５丁目６番１号,bldg_c20a9c25-0b14-43e0-9d29-15874b986255,1,36.4,11.0,13.0,RC造,3.98,1.4,0.26,48.0,3.98,0.93,2階まで,,PLATEAU建物,団地ごとの目視確認済み,34.621657,135.473457
住之江区,北加賀屋第５住宅,北加賀屋第５住宅２号館,24.0,1978.0,48.0,A,継続活用,住之江区北加賀屋５丁目６番２号,bldg_50c62fe7-dc5d-4f51-8694-63191cc43faa,1,11.4,4.0,4.0,非木造,4.33,1.69,0.86,57.0,4.33,1.2,2階まで,,PLATEAU建物,団地ごとの目視確認済み,34.621571,135.473974
住之江区,南港中住宅,南港中住宅２１号館,387.0,1976.0,50.0,A,継続活用,住之江区南港中２丁目５番２１号,bldg_c22159b8-43b8-4e18-ad0c-77e041afd458,1,50.9,14.0,18.0,RC造,0.45,,,,0.45,,1階まで,,PLATEAU建物,団地ごとの目視確認済み,34.628218,135.429721
住之江区,南港中住宅,南港中住宅２２号館,276.0,1975.0,51.0,A,継続活用,住之江区南港中２丁目５番２２号,bldg_fbc51df1-b694-4919-9879-58b6b14d2146,1,50.6,14.0,17.0,RC造,0.71,,,,0.71,,1階まで,,PLATEAU建物,団地ごとの目視確認済み,34.627851,135.428834
住之江区,南港中住宅,南港中住宅３１号館,285.0,1976.0,50.0,A,継続活用,住之江区南港中２丁目８番３１号,bldg_695f2e13-22b1-4c5c-bd9d-626eacd25ccc,1,45.5,12.0,16.0,RC造,0.89,,,,0.89,,1階まで,,PLATEAU建物,団地ごとの目視確認済み,34.628513,135.426987
住之江区,南港中住宅,南港中住宅３２号館,276.0,1975.0,51.0,A,継続活用,住之江区南港中２丁目８番３２号,bldg_d9dcc595-9458-4e5e-8719-b65ee9fa8ccb,1,50.5,14.0,17.0,RC造,0.95,,,,0.95,,1階まで,,PLATEAU建物,団地ごとの目視確認済み,34.627719,135.427037
住之江区,南港中住宅,南港中住宅４１号館,216.0,1977.0,49.0,A,継続活用,住之江区南港中５丁目３番４１号,bldg_6eef1b40-0752-4ec8-8cae-b981131fb5a5,1,50.8,14.0,18.0,RC造,0.78,,,,0.78,,1階まで,,PLATEAU建物,団地ごとの目視確認済み,34.635116,135.419722
住之江区,南港中住宅,南港中住宅４２号館,164.0,1977.0,49.0,A,継続活用,住之江区南港中５丁目３番４２号,bldg_4f515392-1fc0-4ceb-ab28-f16ebc6daaa8,1,51.3,14.0,18.0,RC造,0.79,,,,0.79,,1階まで,,PLATEAU建物,団地ごとの目視確認済み,34.634555,135.419723
住之江区,南港中住宅,南港中住宅４３号館,164.0,1977.0,49.0,A,継続活用,住之江区南港中５丁目３番４３号,bldg_6b73a28a-b57c-4ed7-86f4-95b8d7b70f7c,1,51.1,14.0,18.0,RC造,0.94,,,,0.94,,1階まで,,PLATEAU建物,団地ごとの目視確認済み,34.634555,135.418855
住之江区,南港中住宅,南港中住宅４４号館,162.0,1978.0,48.0,A,継続活用,住之江区南港中５丁目３番４４号,bldg_fc1caddf-337c-45b9-a885-ff0be6a84caa,1,51.2,14.0,18.0,RC造,0.62,,,,0.62,,1階まで,,PLATEAU建物,団地ごとの目視確認済み,34.634815,135.417988
住之江区,南港中住宅,南港中住宅４５号館,164.0,1977.0,49.0,A,継続活用,住之江区南港中５丁目３番４５号,bldg_e11846c8-f880-4f8b-9690-f3ff5a5dce18,1,50.9,14.0,18.0,RC造,0.72,,,,0.72,,1階まで,,PLATEAU建物,団地ごとの目視確認済み,34.635062,135.418853
住之江区,南港住宅,南港住宅１号館,390.0,1972.0,54.0,A,継続活用,住之江区南港東１丁目７番６９号,bldg_337409a3-3aaa-4cc4-833e-c56c461bcb0e,1,48.0,14.0,17.0,RC造,1.94,,,0.0,1.94,0.01,1階まで,,PLATEAU建物,団地ごとの目視確認済み,34.613217,135.446487
住之江区,大和川住宅,大和川住宅１号館,20.0,1973.0,53.0,A,建替(Ⅱ),住之江区北島３丁目１番１号,bldg_2622073f-7cb8-4d11-8146-0e2ed19c534c,1,14.0,5.0,5.0,RC造,5.2,3.88,3.12,195.0,5.2,1.11,2階まで,,PLATEAU建物,団地ごとの目視確認済み,34.601468,135.479654
住之江区,大和川住宅,大和川住宅１０号館,30.0,1977.0,49.0,A,建替(Ⅱ),住之江区北島１丁目１１番１０号,bldg_f9f96f5f-4b96-438d-ad43-7a7758db02f4,1,13.9,5.0,5.0,RC造,5.22,4.13,3.29,195.0,5.22,1.19,2階まで,,PLATEAU建物,団地ごとの目視確認済み,34.59947,135.480145
住之江区,大和川住宅,大和川住宅１１号館,30.0,1977.0,49.0,A,建替(Ⅱ),住之江区北島１丁目１１番１１号,bldg_a03f5a2b-42ef-4b78-9019-d597fbc024ff,1,13.8,5.0,5.0,RC造,5.39,4.15,3.3,195.0,5.39,1.29,2階まで,,PLATEAU建物,団地ごとの目視確認済み,34.599416,135.480643
住之江区,大和川住宅,大和川住宅１２号館,30.0,1977.0,49.0,A,建替(Ⅱ),住之江区北島１丁目１０番１２号,bldg_93ebc8fc-c27d-4583-83d2-7f32fc2ae5ab,1,13.9,5.0,5.0,RC造,5.33,4.2,3.3,195.0,5.33,1.23,2階まで,,PLATEAU建物,団地ごとの目視確認済み,34.599699,135.480784
住之江区,大和川住宅,大和川住宅１３号館,30.0,1976.0,50.0,A,建替(Ⅱ),住之江区北島１丁目９番１３号,bldg_bfa62c3b-4ea3-4671-afb9-dede4a6e8e79,1,13.8,5.0,5.0,RC造,5.34,4.25,3.31,195.0,5.34,1.24,2階まで,,PLATEAU建物,団地ごとの目視確認済み,34.600111,135.481004
住之江区,大和川住宅,大和川住宅１４号館,40.0,1976.0,50.0,A,建替(Ⅱ),住之江区北島１丁目９番１４号,bldg_6e3f8730-06c2-4887-aafe-662cf73d01c9,1,13.8,5.0,5.0,RC造,5.28,4.08,3.21,195.0,5.28,1.16,2階まで,,PLATEAU建物,団地ごとの目視確認済み,34.600389,135.481068
住之江区,大和川住宅,大和川住宅１５号館,50.0,1976.0,50.0,A,建替(Ⅱ),住之江区北島１丁目８番１５号,bldg_0c8a0df9-f0a3-4ae3-9efa-b8068dc28d24,1,13.8,5.0,5.0,RC造,5.24,4.08,3.33,195.0,5.24,1.14,2階まで,,PLATEAU建物,団地ごとの目視確認済み,34.600667,135.48114
住之江区,大和川住宅,大和川住宅１６号館,30.0,1977.0,49.0,A,建替(Ⅱ),住之江区北島１丁目８番１６号,bldg_0e78e4fa-35d7-4223-994f-c773fdbfd5c6,1,13.9,5.0,5.0,RC造,5.11,3.8,3.06,195.0,5.11,1.01,2階まで,,PLATEAU建物,団地ごとの目視確認済み,34.600944,135.480958
住之江区,大和川住宅,大和川住宅１７号館,30.0,1977.0,49.0,A,建替(Ⅱ),住之江区北島１丁目８番１７号,bldg_14d02e4e-afc0-4e54-9e02-b3b8b2c3e112,1,13.9,5.0,5.0,RC造,5.24,3.75,3.11,195.0,5.24,1.14,2階まで,,PLATEAU建物,団地ごとの目視確認済み,34.600941,135.481409
住之江区,大和川住宅,大和川住宅１８号館,40.0,1977.0,49.0,A,建替(Ⅱ),住之江区北島１丁目６番１８号,bldg_739a9805-ca9c-425b-a966-0c55ce036a73,1,14.0,5.0,5.0,RC造,5.11,3.76,3.03,195.0,5.11,1.01,2階まで,,PLATEAU建物,団地ごとの目視確認済み,34.601224,135.480803
住之江区,大和川住宅,大和川住宅１９号館,40.0,1977.0,49.0,A,建替(Ⅱ),住之江区北島１丁目５番１９号,bldg_90c8c3b9-eaf4-4902-80ed-70268ff5a64b,1,13.9,5.0,5.0,RC造,5.04,3.8,3.08,195.0,5.04,0.94,2階まで,,PLATEAU建物,団地ごとの目視確認済み,34.601226,135.48149
住之江区,大和川住宅,大和川住宅２号館,30.0,1973.0,53.0,A,建替(Ⅱ),住之江区北島３丁目１番２号,bldg_388f1666-01cb-42e9-89a9-e28b524089c6,1,14.2,5.0,5.0,RC造,5.32,3.77,3.06,195.0,5.32,1.14,2階まで,,PLATEAU建物,団地ごとの目視確認済み,34.601283,135.479507
住之江区,大和川住宅,大和川住宅２０号館,40.0,1977.0,49.0,A,建替(Ⅱ),住之江区北島１丁目６番２０号,bldg_0874b116-8749-4f21-a1b8-bb3908001c56,1,14.0,5.0,5.0,RC造,5.12,3.79,2.98,195.0,5.12,1.02,2階まで,,PLATEAU建物,団地ごとの目視確認済み,34.601505,135.480803
住之江区,大和川住宅,大和川住宅２１号館,40.0,1977.0,49.0,A,建替(Ⅱ),住之江区北島１丁目５番２１号,bldg_38d9e947-c3a3-4480-abe4-67b74f7304f1,1,13.9,5.0,5.0,RC造,5.2,3.75,3.03,195.0,5.2,1.01,2階まで,,PLATEAU建物,団地ごとの目視確認済み,34.601505,135.48149
住之江区,大和川住宅,大和川住宅２２号館,50.0,1979.0,47.0,A,建替(Ⅱ),住之江区北島１丁目４番２２号,bldg_a560cb36-bd6c-4657-9499-52436e2f2c4b,1,14.0,5.0,5.0,RC造,5.11,3.67,2.97,100.0,5.11,1.04,2階まで,,PLATEAU建物,団地ごとの目視確認済み,34.601793,135.48159
住之江区,大和川住宅,大和川住宅２３号館,20.0,1979.0,47.0,A,継続活用,住之江区御崎７丁目１５番２３号,bldg_e731fdc5-515f-4a14-8458-17c221047402,1,13.9,5.0,5.0,RC造,5.47,3.82,3.16,195.0,5.47,1.39,2階まで,,PLATEAU建物,団地ごとの目視確認済み,34.603041,135.480183
住之江区,大和川住宅,大和川住宅２４号館,60.0,1979.0,47.0,A,継続活用,住之江区御崎７丁目１５番２４号,bldg_b6fd6dcc-4ee7-458b-b243-771c1925d21d,1,14.8,5.0,5.0,RC造,5.18,3.67,2.95,195.0,5.18,1.2,2階まで,,PLATEAU建物,団地ごとの目視確認済み,34.602709,135.481547
住之江区,大和川住宅,大和川住宅３号館,16.0,1979.0,47.0,A,建替(Ⅱ),住之江区北島３丁目１７番３号,bldg_1428cbb3-827c-4a48-b76c-5cf965bfe217,1,11.3,4.0,4.0,RC造,5.32,3.93,3.2,195.0,5.32,1.22,2階まで,,PLATEAU建物,団地ごとの目視確認済み,34.600615,135.479515
住之江区,大和川住宅,大和川住宅４号館,24.0,1980.0,46.0,A,建替(Ⅱ),住之江区北島３丁目１９番４号,bldg_0cd8f597-2771-4109-bc73-d336acd1dad2,1,11.5,4.0,4.0,RC造,4.78,3.45,2.66,66.0,4.78,0.68,2階まで,,PLATEAU建物,団地ごとの目視確認済み,34.599766,135.47945
住之江区,大和川住宅,大和川住宅５号館,50.0,1974.0,52.0,A,建替(Ⅱ),住之江区北島１丁目８番５号,bldg_c80b1277-6a0a-4e8a-98fa-b0246e145810,1,14.1,5.0,5.0,RC造,5.4,3.99,3.23,195.0,5.4,1.24,2階まで,,PLATEAU建物,団地ごとの目視確認済み,34.600944,135.480219
住之江区,大和川住宅,大和川住宅６号館,50.0,1974.0,52.0,A,建替(Ⅱ),住之江区北島１丁目８番６号,bldg_23c4757f-2026-4056-9788-14579d3411c3,1,13.9,5.0,5.0,RC造,5.34,4.01,3.23,195.0,5.34,1.24,2階まで,,PLATEAU建物,団地ごとの目視確認済み,34.600665,135.480219
住之江区,大和川住宅,大和川住宅７号館,50.0,1976.0,50.0,A,建替(Ⅱ),住之江区北島１丁目９番７号,bldg_add0e9c2-6c79-47f2-b0f6-2292945592bf,1,14.0,5.0,5.0,RC造,5.28,4.04,3.25,195.0,5.28,1.18,2階まで,,PLATEAU建物,団地ごとの目視確認済み,34.60039,135.480212
住之江区,大和川住宅,大和川住宅８号館,40.0,1976.0,50.0,A,建替(Ⅱ),住之江区北島１丁目９番８号,bldg_215c310d-cd40-422b-a35c-610a1081ebf0,1,13.9,5.0,5.0,RC造,5.26,4.09,3.27,195.0,5.26,1.16,2階まで,,PLATEAU建物,団地ごとの目視確認済み,34.600113,135.480136
住之江区,大和川住宅,大和川住宅９号館,40.0,1977.0,49.0,A,建替(Ⅱ),住之江区北島１丁目１０番９号,bldg_c02d421f-d138-4b01-b893-3b78a6ce5fa4,1,13.9,5.0,5.0,RC造,5.23,4.01,3.18,195.0,5.23,1.13,2階まで,,PLATEAU建物,団地ごとの目視確認済み,34.59976,135.480213
住之江区,平林南住宅,平林南住宅１号館,134.0,1974.0,52.0,A,継続活用,住之江区平林南２丁目２番１号,bldg_10a0a413-bc5b-42b6-8682-a97bde649b89,1,37.2,11.0,13.0,RC造,3.9,0.84,0.24,14.0,3.9,0.35,2階まで,,PLATEAU建物,団地ごとの目視確認済み,34.609488,135.45926
住之江区,平林南住宅,平林南住宅２号館,79.0,1974.0,52.0,A,継続活用,住之江区平林南２丁目２番２号,bldg_8edfc2b6-e6b5-4fbb-b21a-b913d968f851,1,39.1,11.0,13.0,RC造,3.63,0.84,0.24,38.0,3.63,0.13,2階まで,,PLATEAU建物,団地ごとの目視確認済み,34.609587,135.45867
住之江区,平林南第２住宅,平林南第２住宅１号館,98.0,1980.0,46.0,A,継続活用,住之江区平林南２丁目３番１号,bldg_aebfae49-f453-420f-b7f4-0122743b76f6,1,41.4,11.0,14.0,RC造,4.2,1.34,0.71,43.0,4.2,0.71,2階まで,,PLATEAU建物,団地ごとの目視確認済み,34.608921,135.457975
住之江区,平林南第２住宅,平林南第２住宅２号館,70.0,1980.0,46.0,A,継続活用,住之江区平林南２丁目６番２号,bldg_c514c75c-a220-4c0f-9a17-cbf4b62468f6,1,38.7,10.0,13.0,RC造,3.99,1.49,0.49,34.0,3.99,0.46,2階まで,,PLATEAU建物,団地ごとの目視確認済み,34.608469,135.456659
住之江区,平林南第３住宅,平林南第３住宅１号館,103.0,1984.0,42.0,A,継続活用,住之江区平林南２丁目９番１号,bldg_444acf80-b16e-4bef-aa6b-a8328c79fa0d,1,42.0,11.0,14.0,RC造,3.96,1.48,0.51,38.0,3.96,0.1,2階まで,,PLATEAU建物,団地ごとの目視確認済み,34.60921,135.455133
住之江区,御崎住宅,御崎住宅１号館,63.0,2002.0,24.0,A,継続活用,住之江区御崎４丁目１０番１号,bldg_c64c5f68-7fe9-4e75-bec6-68f7d6ff688e,1,37.9,13.0,13.0,RC造,4.5,1.72,1.16,59.0,4.5,0.57,2階まで,,PLATEAU建物,団地ごとの目視確認済み,34.609173,135.477954
住之江区,御崎住宅,御崎住宅１０号館,90.0,1976.0,50.0,A,継続活用,住之江区御崎２丁目８番１０号,bldg_cdef7cfc-e4d6-4975-9a16-993b4420ebe4,1,33.8,9.0,12.0,RC造,4.53,1.75,1.09,61.0,4.53,0.43,2階まで,,PLATEAU建物,団地ごとの目視確認済み,34.612489,135.477789
住之江区,御崎住宅,御崎住宅１１号館,87.0,1978.0,48.0,A,継続活用,住之江区御崎４丁目５番１１号,bldg_605664a6-4e76-4020-a3f3-cb616be0e2ee,1,30.5,8.0,11.0,RC造,4.41,1.69,1.04,58.0,4.41,0.3,2階まで,,PLATEAU建物,団地ごとの目視確認済み,34.610323,135.478509
住之江区,御崎住宅,御崎住宅１２号館,76.0,1980.0,46.0,A,継続活用,住之江区御崎４丁目２番１２号,bldg_0b0cd42b-7343-4b12-b9fd-4709b69361cb,1,30.3,7.0,10.0,RC造,4.33,1.78,1.13,55.0,4.33,0.22,2階まで,,PLATEAU建物,団地ごとの目視確認済み,34.610702,135.478583
住之江区,御崎住宅,御崎住宅１３号館,42.0,1980.0,46.0,A,継続活用,住之江区御崎２丁目１３番１３号,bldg_35f20a5a-e9ab-4943-8328-7bf4b574a727,1,20.1,7.0,7.0,RC造,4.19,1.67,1.01,52.0,4.19,0.09,2階まで,,PLATEAU建物,団地ごとの目視確認済み,34.611399,135.478351
住之江区,御崎住宅,御崎住宅４号館,56.0,1975.0,51.0,A,継続活用,住之江区御崎４丁目１１番４号,bldg_668f79cc-5f49-4621-a72a-82ad5a4d23c6,1,31.0,8.0,11.0,RC造,4.48,1.75,1.11,58.0,4.48,0.37,2階まで,,PLATEAU建物,団地ごとの目視確認済み,34.609419,135.476923
住之江区,御崎住宅,御崎住宅５号館,107.0,1977.0,49.0,A,継続活用,住之江区御崎４丁目９番５号,bldg_7397d503-013c-4101-847c-330e9ed88db0,1,34.1,9.0,12.0,RC造,4.35,1.67,1.0,50.0,4.35,0.29,2階まで,,PLATEAU建物,団地ごとの目視確認済み,34.609847,135.477252
住之江区,御崎住宅,御崎住宅６号館,75.0,1978.0,48.0,A,継続活用,住之江区御崎４丁目４番６号,bldg_57f0c8ad-bd7d-431c-b598-3e42f316001d,1,17.8,6.0,6.0,RC造,4.54,1.66,1.01,53.0,4.54,0.34,2階まで,,PLATEAU建物,団地ごとの目視確認済み,34.610428,135.477361
住之江区,御崎住宅,御崎住宅７号館,53.0,1980.0,46.0,A,継続活用,住之江区御崎４丁目３番７号,bldg_3dad38a7-6e62-4f31-8825-8895710897c7 bldg_74af5e71-fd21-4d1e-b6ac-9feb13c7b942,2,32.9,8.0,11.0,RC造,4.44,1.76,1.11,58.0,4.44,0.34,2階まで,,PLATEAU建物,団地ごとの目視確認で修正（2つの建物で1棟）,34.610941,135.477806
住之江区,御崎住宅,御崎住宅８号館,49.0,1980.0,46.0,A,継続活用,住之江区御崎２丁目１４番８号,bldg_4fa94261-25de-444e-870a-65bda02b03a6,1,20.1,7.0,7.0,RC造,4.44,1.76,1.12,56.0,4.44,0.35,2階まで,,PLATEAU建物,団地ごとの目視確認済み,34.611446,135.477897
住之江区,御崎住宅,御崎住宅９号館,81.0,1980.0,46.0,A,継続活用,住之江区御崎２丁目９番９号,bldg_310a69be-bde3-4629-b6d5-b89599bc9fc5,1,33.4,9.0,12.0,RC造,4.47,1.75,1.1,58.0,4.47,0.37,2階まで,,PLATEAU建物,団地ごとの目視確認で修正,34.612022,135.477705
住之江区,御崎第２住宅,御崎第２住宅１号館,56.0,1980.0,46.0,A,継続活用,住之江区御崎６丁目７番１号,bldg_b4331538-f37e-4f13-a22c-398f060b6fb1,1,33.5,8.0,12.0,RC造,4.69,2.12,1.49,59.0,4.69,0.45,2階まで,,PLATEAU建物,団地ごとの目視確認済み,34.607729,135.479642
住之江区,敷津浦住宅,敷津浦住宅１号館,153.0,2001.0,25.0,A,継続活用,住之江区御崎５丁目７番１号,bldg_69395abe-f261-4358-891d-a232ccb0282a,1,42.9,14.0,15.0,RC造,3.81,1.48,0.81,31.0,3.81,,2階まで,,PLATEAU建物,団地ごとの目視確認済み,34.608639,135.480667
住之江区,敷津浦第２住宅,敷津浦第２住宅１号館,96.0,2008.0,18.0,A,継続活用,住之江区御崎７丁目１番１号,bldg_19468080-2e35-418b-9fab-67b78efe6609,1,42.1,14.0,15.0,RC造,3.34,1.46,0.84,15.0,3.34,,2階まで,,PLATEAU建物,団地ごとの目視確認済み,34.605647,135.482829
住之江区,新北島住宅,新北島住宅１号館,330.0,1973.0,53.0,A,継続活用,住之江区新北島４丁目１番１号,bldg_a5eb929f-89ef-455d-a1e1-1e46dc917048,1,47.9,14.0,17.0,RC造,4.37,1.67,1.32,49.0,4.37,0.22,2階まで,,PLATEAU建物,団地ごとの目視確認済み,34.604878,135.468865
住之江区,新北島住宅,新北島住宅２号館,283.0,1973.0,53.0,A,継続活用,住之江区新北島４丁目１番２号,bldg_614fc920-cde9-4e1f-859d-62e283860dbf,1,45.5,14.0,16.0,RC造,4.29,1.6,1.28,51.0,4.29,0.16,2階まで,,PLATEAU建物,団地ごとの目視確認済み,34.605206,135.467658
住之江区,新北島住宅,新北島住宅３号館,255.0,1973.0,53.0,A,継続活用,住之江区新北島４丁目２番３号,bldg_1ed37d8e-19ce-4f49-b0db-e03f2a0a6550,1,47.3,14.0,16.0,RC造,4.42,1.7,1.43,52.0,4.42,0.29,2階まで,,PLATEAU建物,団地ごとの目視確認済み,34.605539,135.466464
住之江区,新北島住宅,新北島住宅４号館,255.0,1973.0,53.0,A,継続活用,住之江区新北島４丁目２番４号,bldg_69054e5b-a9c7-47ab-8ce2-43ebda8f61fa,1,47.4,14.0,16.0,RC造,4.34,1.44,1.17,50.0,4.34,0.1,2階まで,,PLATEAU建物,団地ごとの目視確認済み,34.605928,135.465232
住之江区,新北島第２住宅,新北島第２住宅１号館,72.0,1980.0,46.0,A,継続活用,住之江区新北島８丁目２番１号,bldg_996b9ad6-e02a-4620-aee0-443f8f6dbaf0 bldg_8b051c71-1fba-4734-8907-b64196807896,2,35.7,9.0,12.0,RC造,4.27,1.64,1.01,50.0,4.27,0.68,2階まで,,PLATEAU建物,団地ごとの目視確認で修正（2つの建物で1棟）,34.606132,135.460905
住之江区,東加賀屋住宅,東加賀屋住宅１号館,143.0,1975.0,51.0,A,継続活用,住之江区東加賀屋１丁目４番１号,bldg_5e0ab959-8d56-4e4c-ad21-524a1f00781c,1,31.3,8.0,11.0,RC造,4.94,2.2,1.42,87.0,4.94,1.4,2階まで,,PLATEAU建物,団地ごとの目視確認済み,34.618828,135.483967
住之江区,東加賀屋住宅,東加賀屋住宅２号館,111.0,1977.0,49.0,A,継続活用,住之江区東加賀屋１丁目５番２号,bldg_d441a9fa-d997-4c97-bb61-8ca3ff5fc257,1,31.6,8.0,11.0,RC造,4.56,1.89,1.12,72.0,4.56,0.98,2階まで,,PLATEAU建物,団地ごとの目視確認済み,34.619225,135.484167
住之江区,東加賀屋住宅,東加賀屋住宅３号館,88.0,1978.0,48.0,A,継続活用,住之江区東加賀屋１丁目１７番３号,bldg_50938fb9-8f36-4277-95e9-a3fab71a5d26,1,30.2,8.0,10.0,RC造,4.82,1.99,1.21,71.0,4.82,1.26,2階まで,,PLATEAU建物,団地ごとの目視確認済み,34.619665,135.483046
住之江区,東加賀屋住宅,東加賀屋住宅４号館,56.0,1978.0,48.0,A,継続活用,住之江区東加賀屋１丁目１６番４号,bldg_9613d7d5-9da7-43a1-b3fc-ad79c2d91033,1,30.7,8.0,11.0,RC造,4.86,2.09,1.3,79.0,4.86,1.35,2階まで,,PLATEAU建物,団地ごとの目視確認済み,34.620094,135.482998
住之江区,柴谷住宅,柴谷住宅１号館,223.0,2000.0,26.0,A,継続活用,住之江区柴谷２丁目１番１号,bldg_e52da507-6e9e-40fc-bb37-69f078fa8848,1,49.2,14.0,17.0,RC造,4.71,1.91,0.79,62.0,4.71,2.04,2階まで,,PLATEAU建物,団地ごとの目視確認済み,34.619765,135.468571
住之江区,柴谷住宅,柴谷住宅２号館,30.0,2001.0,25.0,A,継続活用,住之江区柴谷２丁目１番２号,bldg_2e69ed1d-0e41-47d2-8e1b-666191c5392b,1,18.0,6.0,6.0,RC造,4.65,2.01,0.78,68.0,4.65,2.0,2階まで,,PLATEAU建物,団地ごとの目視確認済み,34.619431,135.468985
住之江区,柴谷住宅,柴谷住宅３号館,193.0,2003.0,23.0,A,継続活用,住之江区柴谷２丁目１番３号,bldg_53425de8-200a-428f-becd-ac3b1918fe30,1,45.3,14.0,16.0,RC造,4.64,2.01,0.89,70.0,4.64,1.99,2階まで,,PLATEAU建物,団地ごとの目視確認済み,34.618879,135.468491
住之江区,緑木住宅,緑木住宅１号館,113.0,1972.0,54.0,A,継続活用,住之江区緑木１丁目２番１号,bldg_3f8d8a1d-8f63-4709-9963-d84289341074,1,39.5,11.0,14.0,RC造,4.44,1.91,1.02,70.0,4.44,1.01,2階まで,,PLATEAU建物,団地ごとの目視確認済み,34.61858,135.474214
住之江区,緑木住宅,緑木住宅２号館,178.0,1972.0,54.0,A,建替(Ⅱ),住之江区緑木１丁目３番２号,bldg_90bd156a-921c-4b53-bcd0-bc2997603ab1,1,39.1,11.0,13.0,RC造,4.39,1.61,0.93,63.0,4.39,1.0,2階まで,,PLATEAU建物,団地ごとの目視確認済み,34.617767,135.473813
住之江区,緑木第２住宅,緑木第２住宅１号館,66.0,1972.0,54.0,A,継続活用,住之江区緑木２丁目１番１号,bldg_dfb13ed0-da5a-47f7-9a83-7b68be7065ef,1,39.0,11.0,13.0,RC造,4.13,1.53,0.87,57.0,4.13,0.66,2階まで,,PLATEAU建物,団地ごとの目視確認済み,34.615864,135.473038
住之江区,西住之江住宅,西住之江住宅１号館,30.0,1981.0,45.0,A,継続活用,住之江区西住之江３丁目１１番１号,bldg_12c96a61-699f-404b-8d9a-db0408b31ddd,1,14.0,5.0,5.0,RC造,4.93,4.51,3.9,76.0,4.93,0.67,2階まで,,PLATEAU建物,団地ごとの目視確認済み,34.599708,135.48438
住之江区,西住之江住宅,西住之江住宅１０号館,30.0,1982.0,44.0,A,継続活用,住之江区西住之江４丁目７番１０号,bldg_7dacada0-c053-4b33-b3b7-098af94beb03,1,13.8,5.0,5.0,RC造,4.88,4.63,4.08,65.0,4.88,0.64,2階まで,,PLATEAU建物,団地ごとの目視確認済み,34.598383,135.482991
住之江区,西住之江住宅,西住之江住宅２号館,20.0,1981.0,45.0,A,継続活用,住之江区西住之江３丁目１１番２号,bldg_bae051e0-7e74-411b-83ad-7108152dc6f1,1,13.9,5.0,5.0,RC造,4.93,4.3,3.71,79.0,4.93,0.67,2階まで,,PLATEAU建物,団地ごとの目視確認で修正,34.599774,135.483976
住之江区,西住之江住宅,西住之江住宅３号館,20.0,1982.0,44.0,A,継続活用,住之江区西住之江３丁目１３番３号,bldg_c57046d6-bd5e-41fa-be63-9c1aaa64db41,1,13.9,5.0,5.0,RC造,5.08,4.29,3.69,72.0,5.08,0.83,2階まで,,PLATEAU建物,団地ごとの目視確認済み,34.599956,135.483422
住之江区,西住之江住宅,西住之江住宅４号館,30.0,1981.0,45.0,A,継続活用,住之江区西住之江３丁目１２番４号,bldg_52a9fce5-98e7-4982-9c73-0c0911b8f5d6,1,13.9,5.0,5.0,RC造,4.86,4.47,3.88,71.0,4.86,0.59,2階まで,,PLATEAU建物,団地ごとの目視確認済み,34.599348,135.48424
住之江区,西住之江住宅,西住之江住宅５号館,20.0,1981.0,45.0,A,継続活用,住之江区西住之江３丁目１２番５号,bldg_40a324a0-45fb-4674-93b6-4d5decc5568e,1,13.9,5.0,5.0,RC造,4.82,4.34,3.75,70.0,4.82,0.59,2階まで,,PLATEAU建物,団地ごとの目視確認済み,34.599416,135.483825
住之江区,西住之江住宅,西住之江住宅６号館,30.0,1981.0,45.0,A,継続活用,住之江区西住之江４丁目１番６号,bldg_452d0ece-6cd8-4762-b2db-f8923819efe0,1,13.9,5.0,5.0,RC造,4.87,4.54,4.06,66.0,4.87,0.6,2階まで,,PLATEAU建物,団地ごとの目視確認済み,34.598974,135.484085
住之江区,西住之江住宅,西住之江住宅７号館,20.0,1981.0,45.0,A,継続活用,住之江区西住之江４丁目２番７号,bldg_34623c46-3126-4420-ad19-830f30b49f9e,1,13.9,5.0,5.0,RC造,4.87,4.37,3.82,73.0,4.87,0.61,2階まで,,PLATEAU建物,団地ごとの目視確認済み,34.599132,135.483236
住之江区,西住之江住宅,西住之江住宅８号館,30.0,1981.0,45.0,A,継続活用,住之江区西住之江４丁目２番８号,bldg_8f5bd2bd-a1d6-43af-8e78-6f6a6c5176e5,1,13.9,5.0,5.0,RC造,4.71,4.25,3.68,72.0,4.71,0.55,2階まで,,PLATEAU建物,団地ごとの目視確認済み,34.599199,135.482831
住之江区,西住之江住宅,西住之江住宅９号館,40.0,1982.0,44.0,A,継続活用,住之江区西住之江４丁目５番９号,bldg_71e2ef81-b764-4ae5-afe5-7e63ab28780d,1,13.8,5.0,5.0,RC造,4.73,4.62,4.04,65.0,4.73,0.46,2階まで,,PLATEAU建物,団地ごとの目視確認済み,34.598626,135.483874
住吉区,万代住宅,万代住宅１号館,65.0,1994.0,32.0,A,継続活用,住吉区万代２丁目９番１号,bldg_fc7bc06e-4093-41ac-bfb9-bf8b14a35ab4,1,30.9,7.0,11.0,RC造,0.0,,,,,,なし,,PLATEAU建物,団地ごとの目視確認済み,34.621506,135.504637
住吉区,上住吉住宅,上住吉住宅１号館,21.0,1977.0,49.0,A,継続活用,住吉区上住吉１丁目７番１号,bldg_1852eb46-75b1-4ed9-9161-5f6cac316f27,1,10.4,3.0,4.0,RC造,0.08,0.04,,0.0,0.08,,1階まで,,PLATEAU建物,団地ごとの目視確認済み,34.61118,135.5
住吉区,上住吉住宅,上住吉住宅２号館,39.0,1977.0,49.0,A,継続活用,住吉区上住吉１丁目７番２号,bldg_090e80fd-cd79-4b41-b945-4557b19206cd,1,10.3,3.0,4.0,RC造,0.34,0.34,,0.0,0.28,,1階まで,,PLATEAU建物,団地ごとの目視確認済み,34.610789,135.499904
住吉区,上住吉住宅,上住吉住宅３号館,30.0,1979.0,47.0,A,継続活用,住吉区上住吉１丁目１番３号,bldg_744c2515-ce4a-4145-86d3-ef88886f0a75,1,29.5,7.0,10.0,RC造,0.83,0.54,,3.0,0.83,,1階まで,,PLATEAU建物,団地ごとの目視確認済み,34.611092,135.500537
住吉区,住吉住宅,住吉住宅１号館,23.0,2006.0,20.0,A,継続活用,住吉区帝塚山東５丁目６番１号,bldg_22ef4f51-4417-4340-9388-0a2e4e15b7d7,1,12.6,4.0,4.0,RC造,0.0,,,,,,なし,,PLATEAU建物,団地ごとの目視確認済み,34.614344,135.498201
住吉区,住吉住宅,住吉住宅１０号館,18.0,1975.0,51.0,A,継続活用,住吉区帝塚山東５丁目８番１０号,bldg_d52d9931-54a4-493e-939e-f8e1750f5cb2,1,9.9,3.0,3.0,RC造,0.0,,,,,,なし,,PLATEAU建物,団地ごとの目視確認済み,34.613405,135.498074
住吉区,住吉住宅,住吉住宅１１号館,21.0,1979.0,47.0,A,継続活用,住吉区帝塚山東５丁目７番１１号,bldg_7b74b1aa-7b62-460c-ad63-8980bffef169,1,9.7,3.0,3.0,RC造,0.0,,,,,,なし,,PLATEAU建物,団地ごとの目視確認済み,34.613895,135.498075
住吉区,住吉住宅,住吉住宅１２号館,18.0,1984.0,42.0,A,継続活用,住吉区万代６丁目１４番１２号,bldg_b57d766c-4bb3-47e9-8bfe-a6488c0fbb0c,1,9.9,3.0,3.0,RC造,0.0,,,,,,なし,,PLATEAU建物,団地ごとの目視確認済み,34.613184,135.498881
住吉区,住吉住宅,住吉住宅１３号館,18.0,1981.0,45.0,A,継続活用,住吉区万代６丁目１４番１３号,bldg_cf494e24-a051-428c-9151-f1bce649a9fb,1,10.1,3.0,3.0,RC造,0.0,,,,,,なし,,PLATEAU建物,団地ごとの目視確認済み,34.613397,135.498972
住吉区,住吉住宅,住吉住宅１４号館,24.0,1977.0,49.0,A,継続活用,住吉区万代６丁目１４番１４号,bldg_02d32b20-50d6-4de7-b071-a036e5b4af4e,1,10.7,3.0,4.0,RC造,0.0,,,,,,なし,,PLATEAU建物,団地ごとの目視確認済み,34.613638,135.499054
住吉区,住吉住宅,住吉住宅１５号館,24.0,1976.0,50.0,A,継続活用,住吉区万代６丁目１４番１５号,bldg_da2a71d9-a408-4dd7-b6ac-c96bb7563004,1,10.6,3.0,4.0,RC造,0.0,,,,,,なし,,PLATEAU建物,団地ごとの目視確認済み,34.613881,135.499171
住吉区,住吉住宅,住吉住宅１６号館,24.0,1979.0,47.0,A,継続活用,住吉区万代６丁目１４番１６号,bldg_125e77e0-6fc0-4929-a7e3-ed737620d08f,1,10.8,3.0,4.0,RC造,0.0,,,,,,なし,,PLATEAU建物,団地ごとの目視確認済み,34.61412,135.499323
住吉区,住吉住宅,住吉住宅１７号館,58.0,1991.0,35.0,A,継続活用,住吉区万代６丁目７番１７号,bldg_873f78b8-e277-4746-8f83-3bba8b72d1a6,1,35.0,8.0,12.0,RC造,0.0,,,,,,なし,,PLATEAU建物,団地ごとの目視確認済み,34.61435,135.499503
住吉区,住吉住宅,住吉住宅２号館,8.0,1981.0,45.0,A,継続活用,住吉区帝塚山東５丁目６番２号,bldg_4208766e-9240-4989-b5ab-0ef72ed2d565,1,12.5,,4.0,不明,0.0,,,,,,なし,,PLATEAU建物,団地ごとの目視確認済み,34.614097,135.498331
住吉区,住吉住宅,住吉住宅３号館,18.0,2015.0,11.0,A,継続活用,住吉区帝塚山東５丁目６番３号,bldg_b38ad67c-a0fe-4041-bcf6-03c4209d6769,1,15.8,,5.0,不明,0.0,,,,,,なし,,PLATEAU建物,団地ごとの目視確認済み,34.614624,135.497902
住吉区,住吉住宅,住吉住宅４号館,36.0,1985.0,41.0,A,継続活用,住吉区帝塚山東５丁目９番４号,bldg_726601e1-c9f7-4f5e-8e68-f4796f746299,1,14.3,7.0,7.0,RC造,0.0,,,,,,なし,,PLATEAU建物,団地ごとの目視確認済み,34.612757,135.497914
住吉区,住吉住宅,住吉住宅６号館,70.0,1973.0,53.0,A,継続活用,住吉区帝塚山東５丁目３番６号,bldg_1d547c7a-6aaa-4376-83e3-b4a483be1ce8,1,29.4,7.0,10.0,RC造,0.0,,,,,,なし,,PLATEAU建物,団地ごとの目視確認済み,34.614921,135.498063
住吉区,住吉住宅,住吉住宅７号館,70.0,1974.0,52.0,A,継続活用,住吉区帝塚山東５丁目３番７号,bldg_183f8722-fe16-4e6f-b570-89adbaa000e1,1,29.3,7.0,10.0,RC造,0.0,,,,,,なし,,PLATEAU建物,団地ごとの目視確認済み,34.615451,135.498026
住吉区,住吉住宅,住吉住宅８号館,12.0,1982.0,44.0,A,継続活用,住吉区帝塚山東５丁目９番８号,bldg_e550abb7-6c7d-4ffb-81fb-840cb4e91c16,1,10.2,3.0,4.0,RC造,0.0,,,,,,なし,,PLATEAU建物,団地ごとの目視確認済み,34.612933,135.498271
住吉区,住吉住宅,住吉住宅９号館,14.0,1979.0,47.0,A,継続活用,住吉区帝塚山東５丁目８番９号,bldg_eaf00e97-e21f-4333-94eb-3f9b0cc72cbc,1,10.4,3.0,4.0,RC造,0.0,,,,,,なし,,PLATEAU建物,団地ごとの目視確認済み,34.613128,135.498124
住吉区,千躰住宅,千躰住宅１号館,77.0,1992.0,34.0,A,継続活用,住吉区千躰２丁目３番１号,bldg_e2b80982-a387-4989-9e1e-e0d2b96746e2,1,27.3,6.0,9.0,RC造,1.28,0.82,,5.0,1.28,,1階まで,,PLATEAU建物,団地ごとの目視確認済み,34.607479,135.497676
住吉区,南住吉第１住宅,南住吉第１住宅１号館,55.0,2000.0,26.0,A,継続活用,住吉区南住吉４丁目４番１号,,0,,,,,,,,,,,データなし,,位置のみ（建物なし）,団地ごとの目視確認で修正,34.602106,135.503209
住吉区,南住吉第１住宅,南住吉第１住宅２号館,140.0,1997.0,29.0,A,継続活用,住吉区南住吉４丁目１０番２号,bldg_77c61776-74d2-4c20-abc7-643a23be4c12 bldg_16a7bb26-f9ae-4f82-b28d-a12ed6fcd5d2,2,44.6,12.0,15.0,RC造,0.34,0.34,0.03,0.0,,,1階まで,,PLATEAU建物,団地ごとの目視確認で修正（2つの建物で1棟）,34.601759,135.502233
住吉区,南住吉第１住宅,南住吉第１住宅３号館,143.0,1994.0,32.0,A,継続活用,住吉区南住吉４丁目１３番３号,bldg_0055f27b-4987-4d53-9061-9df75ad7891e bldg_c8d994c5-f614-4dcc-ae6c-08d5e37e4de2,2,50.1,14.0,17.0,RC造,0.08,0.08,,0.0,,,1階まで,,PLATEAU建物,団地ごとの目視確認で修正（2つの建物で1棟）,34.60175,135.500462
住吉区,南住吉第１住宅,南住吉第１住宅５号館,95.0,2000.0,26.0,A,継続活用,住吉区南住吉４丁目９番５号,bldg_ed099c10-d4b7-48e4-bc43-ced89100e53f,1,27.8,6.0,10.0,RC造,0.13,0.13,0.19,0.0,,,1階まで,,PLATEAU建物,団地ごとの目視確認済み,34.602144,135.50202
住吉区,南住吉第４住宅,南住吉第４住宅１号館,44.0,1991.0,35.0,A,継続活用,住吉区南住吉３丁目７番１号,bldg_6b6609b6-74e3-4070-b3b1-c5ada2a99e4d,1,41.1,11.0,14.0,RC造,0.12,0.12,,0.0,,,1階まで,,PLATEAU建物,団地ごとの目視確認済み,34.605384,135.504795
住吉区,南住吉第５住宅,南住吉第５住宅１号館,82.0,1990.0,36.0,A,継続活用,住吉区南住吉２丁目１１番１号,bldg_1cd9a7e0-3887-4db3-bf62-0342c645a7f5,1,30.8,7.0,11.0,RC造,1.14,1.14,0.38,9.0,0.85,,1階まで,,PLATEAU建物,団地ごとの目視確認済み,34.607974,135.504375
住吉区,南住吉第５住宅,南住吉第５住宅２号館,40.0,1992.0,34.0,A,継続活用,住吉区南住吉２丁目１２番２号,bldg_f5897a54-0605-4451-9612-b837803e4572,1,27.2,7.0,9.0,RC造,0.88,0.88,0.28,7.0,0.8,,1階まで,,PLATEAU建物,団地ごとの目視確認済み,34.607561,135.504009
住吉区,南住吉第５住宅,南住吉第５住宅３号館,66.0,1992.0,34.0,A,継続活用,住吉区南住吉２丁目１２番３号,bldg_a601578a-4de8-47dc-8862-f2ee52c3502f,1,50.4,14.0,17.0,RC造,0.96,0.92,0.4,6.0,0.96,,1階まで,,PLATEAU建物,団地ごとの目視確認済み,34.607491,135.504373
住吉区,南住吉第５住宅,南住吉第５住宅４号館,40.0,1992.0,34.0,A,継続活用,住吉区南住吉２丁目１２番４号,bldg_3d5f7578-6c31-4f0d-8988-4369e7659fca,1,26.7,7.0,9.0,RC造,1.01,1.01,0.38,8.0,0.69,,1階まで,,PLATEAU建物,団地ごとの目視確認済み,34.607563,135.504737
住吉区,南住吉第５住宅,南住吉第５住宅５号館,79.0,1996.0,30.0,A,継続活用,住吉区南住吉２丁目１３番５号,bldg_baf7c2ab-aa18-400e-9394-68185a53a7ea,1,32.7,7.0,11.0,RC造,0.49,0.49,0.04,0.0,0.04,,1階まで,,PLATEAU建物,団地ごとの目視確認済み,34.607107,135.504377
住吉区,南住吉第６住宅,南住吉第６住宅１号館,24.0,1999.0,27.0,A,継続活用,住吉区南住吉２丁目１５番１号,bldg_7f554a4a-e3db-4d60-8823-90bc3f250744,1,27.2,6.0,9.0,RC造,0.81,0.81,0.02,8.0,0.77,,1階まで,,PLATEAU建物,団地ごとの目視確認済み,34.607499,135.502922
住吉区,南住吉第７住宅,南住吉第７住宅１号館,92.0,1980.0,46.0,A,継続活用,住吉区南住吉２丁目２０番１号,bldg_d253ea41-fecf-4122-950b-92fed9997e42,1,42.7,11.0,15.0,RC造,1.49,1.46,0.47,12.0,1.49,,1階まで,,PLATEAU建物,団地ごとの目視確認済み,34.60847,135.501693
住吉区,南住吉第７住宅,南住吉第７住宅２号館,30.0,1986.0,40.0,A,EV設置,住吉区南住吉２丁目２１番２号,bldg_753245bb-3c64-48a6-822e-6ceff4e8b739,1,14.7,5.0,5.0,RC造,1.38,1.38,0.2,11.0,1.19,,1階まで,,PLATEAU建物,団地ごとの目視確認済み,34.607921,135.502356
住吉区,南住吉第８住宅,南住吉第８住宅１号館,140.0,1982.0,44.0,A,継続活用,住吉区南住吉２丁目１９番１号,bldg_ea202171-f55e-4962-8aad-232f498a31c9,1,39.8,10.0,14.0,RC造,1.66,1.66,0.34,12.0,1.65,,1階まで,,PLATEAU建物,団地ごとの目視確認済み,34.60894,135.501939
住吉区,南住吉第８住宅,南住吉第８住宅２号館,20.0,1983.0,43.0,A,継続活用,住吉区南住吉２丁目１８番２号,bldg_86760e50-8845-4fc7-b514-9fd35bf2fa59,1,14.4,5.0,5.0,RC造,1.17,1.17,0.11,9.0,0.97,,1階まで,,PLATEAU建物,団地ごとの目視確認済み,34.608892,135.502907
住吉区,南住吉第９住宅,南住吉第９住宅１号館,65.0,1985.0,41.0,A,継続活用,住吉区南住吉１丁目２１番１号,bldg_33a8018f-dccc-4f00-ab64-6bd5593fe4da,1,28.2,6.0,10.0,RC造,0.84,0.84,,5.0,0.76,,1階まで,,PLATEAU建物,団地ごとの目視確認済み,34.610078,135.501863
住吉区,南住吉第９住宅,南住吉第９住宅２号館,69.0,1984.0,42.0,A,継続活用,住吉区南住吉１丁目１４番２号,bldg_fcc5259a-e556-4eeb-b723-fbcd58feef50,1,30.8,7.0,11.0,RC造,0.38,,,0.0,0.38,,1階まで,,PLATEAU建物,団地ごとの目視確認済み,34.610059,135.503207
住吉区,南住吉第９住宅,南住吉第９住宅３号館,69.0,1984.0,42.0,A,継続活用,住吉区南住吉１丁目１３番３号,bldg_5689dc22-08d6-42c8-8c1a-ea4697543f44,1,30.6,7.0,11.0,RC造,0.08,0.06,,0.0,0.08,,1階まで,,PLATEAU建物,団地ごとの目視確認済み,34.609559,135.50321
住吉区,南住吉第９住宅,南住吉第９住宅４号館,83.0,1984.0,42.0,A,継続活用,住吉区南住吉１丁目１２番４号,bldg_c29a6f2a-87de-4ca9-8d79-36b5c5545d83,1,30.8,7.0,11.0,RC造,0.02,,,0.0,0.02,,1階まで,,PLATEAU建物,団地ごとの目視確認済み,34.609563,135.504364
住吉区,墨江住宅,墨江住宅１号館,36.0,2001.0,25.0,A,継続活用,住吉区墨江２丁目３番２２号,bldg_cca7e850-91f8-49b0-96cf-e06573019f62,1,8.8,3.0,3.0,RC造,0.2,,,0.0,0.2,,1階まで,,PLATEAU建物,団地ごとの目視確認済み,34.607255,135.496242
住吉区,大領住宅,大領住宅２号館,25.0,1986.0,40.0,A,継続活用,住吉区大領５丁目９番２号,bldg_c20e7139-9785-4abb-9096-c79d26d8ed74,1,14.6,5.0,5.0,RC造,0.0,,,,,,なし,,PLATEAU建物,団地ごとの目視確認済み,34.612339,135.504681
住吉区,大領北住宅,大領北住宅１号館,30.0,1986.0,40.0,A,継続活用,住吉区大領４丁目８番１号,bldg_135e7086-9bb2-41a5-adc8-96b053f8ce62,1,14.7,5.0,5.0,RC造,0.0,,,,,,なし,,PLATEAU建物,団地ごとの目視確認済み,34.614398,135.505246
住吉区,大領北住宅,大領北住宅２号館,20.0,1986.0,40.0,A,継続活用,住吉区大領４丁目８番２号,bldg_e4c4f47f-4775-40f4-9445-44b6b77c1753,1,14.9,5.0,5.0,RC造,0.0,,,,,,なし,,PLATEAU建物,団地ごとの目視確認済み,34.614128,135.505169
住吉区,大領東住宅,大領東住宅１号館,20.0,1986.0,40.0,A,継続活用,住吉区大領４丁目１５番１号,bldg_1e61b47c-dd37-4048-9e2d-378644067d5a,1,15.1,5.0,5.0,RC造,0.0,,,,,,なし,,PLATEAU建物,団地ごとの目視確認済み,34.612734,135.507696
住吉区,大領東住宅,大領東住宅２号館,20.0,1986.0,40.0,A,継続活用,住吉区大領４丁目１５番２号,bldg_b19e8a71-6ef6-4125-b2eb-5ae1c50b5866,1,15.1,5.0,5.0,RC造,0.0,,,,,,なし,,PLATEAU建物,団地ごとの目視確認済み,34.612477,135.507546
住吉区,大領東住宅,大領東住宅３号館,28.0,1986.0,40.0,A,EV設置,住吉区大領４丁目１４番３号,bldg_65ba691e-a72f-4346-8c04-680b1accefbe,1,12.2,4.0,4.0,RC造,0.0,,,,,,なし,,PLATEAU建物,団地ごとの目視確認済み,34.612792,135.50726
住吉区,山之内住宅,山之内住宅１号館,64.0,1988.0,38.0,A,継続活用,住吉区山之内４丁目１３番１号,bldg_df0d9139-a6d4-4a11-a248-62229b1847fe,1,33.5,8.0,12.0,RC造,0.0,,,,,,なし,,PLATEAU建物,団地ごとの目視確認済み,34.591101,135.500474
住吉区,山之内住宅,山之内住宅２号館,32.0,1988.0,38.0,A,EV設置,住吉区山之内４丁目１１番２号,bldg_88d49821-1d74-4c72-be1a-0e355ed82227,1,12.0,4.0,4.0,RC造,0.0,,,,,,なし,,PLATEAU建物,団地ごとの目視確認済み,34.590834,135.50123
住吉区,山之内住宅,山之内住宅３号館,61.0,1986.0,40.0,A,継続活用,住吉区山之内４丁目１０番３号,bldg_d5391611-55fd-4392-8142-2e55030ef043,1,31.0,7.0,11.0,RC造,0.0,,,,,,なし,,PLATEAU建物,団地ごとの目視確認済み,34.590436,135.501142
住吉区,山之内住宅,山之内住宅４号館,56.0,1983.0,43.0,A,継続活用,住吉区山之内４丁目９番４号,bldg_03599271-69d5-4227-8772-761752e82752,1,30.7,7.0,11.0,RC造,0.0,,,,,,なし,,PLATEAU建物,団地ごとの目視確認済み,34.590052,135.50105
住吉区,山之内住宅,山之内住宅５号館,42.0,1983.0,43.0,A,継続活用,住吉区山之内４丁目８番５号,bldg_de1ccd73-bb6a-4986-8e3d-2e390fc6b4c7,1,30.8,7.0,11.0,RC造,0.0,,,,,,なし,,PLATEAU建物,団地ごとの目視確認済み,34.589656,135.501023
住吉区,山之内住宅,山之内住宅６号館,49.0,1981.0,45.0,A,継続活用,住吉区山之内４丁目７番６号,bldg_48cef7e3-c404-41e0-a1f3-c3d467e60406,1,30.8,7.0,11.0,RC造,0.0,,,,,,なし,,PLATEAU建物,団地ごとの目視確認済み,34.589253,135.501092
住吉区,山之内住宅,山之内住宅７号館,25.0,1979.0,47.0,A,継続活用,住吉区山之内４丁目７番７号,bldg_7f34addb-c96d-406e-af3c-01e8ffc74bf6,1,14.0,5.0,5.0,RC造,0.0,,,,,,なし,,PLATEAU建物,団地ごとの目視確認済み,34.589178,135.501725
住吉区,山之内住宅,山之内住宅８号館,20.0,1986.0,40.0,A,継続活用,住吉区山之内４丁目６番８号,bldg_beb5b656-4843-4bad-b208-b83dec27973f,1,14.7,5.0,5.0,RC造,0.0,,,,,,なし,,PLATEAU建物,団地ごとの目視確認済み,34.58881,135.501802
住吉区,山之内住宅,山之内住宅９号館,48.0,1986.0,40.0,A,継続活用,住吉区山之内４丁目５番９号,bldg_bc1c3a08-e032-4409-8b79-fad3d9fdd7c5,1,28.5,6.0,10.0,RC造,0.0,,,,,,なし,,PLATEAU建物,団地ごとの目視確認済み,34.588273,135.501457
住吉区,山之内北住宅,山之内北住宅１号館,25.0,1986.0,40.0,A,継続活用,住吉区山之内１丁目９番１号,bldg_c14d4d4c-5397-444e-ba58-7e6de0fef194,1,14.7,5.0,5.0,RC造,0.35,0.35,,0.0,,,1階まで,,PLATEAU建物,団地ごとの目視確認済み,34.600947,135.504251
住吉区,山之内北住宅,山之内北住宅２号館,25.0,1986.0,40.0,A,継続活用,住吉区山之内１丁目９番２号,bldg_fbf8015a-c6d3-4a7a-8d0f-b15dba33688d,1,14.7,5.0,5.0,RC造,0.1,0.1,,0.0,,,1階まで,,PLATEAU建物,団地ごとの目視確認済み,34.600651,135.504116
住吉区,我孫子住宅,我孫子住宅１号館,63.0,1989.0,37.0,A,継続活用,住吉区我孫子５丁目７番１号,bldg_99e5aa80-1da4-427d-a828-962fadc79e05,1,31.0,7.0,11.0,RC造,0.53,0.53,0.06,0.0,,,1階まで,,PLATEAU建物,団地ごとの目視確認済み,34.597642,135.505988
住吉区,我孫子南住宅,我孫子南住宅１号館,24.0,1995.0,31.0,A,継続活用,住吉区我孫子東３丁目１０番１号,bldg_8a31a978-3842-473d-b815-1439fc13fa6e,1,14.2,5.0,5.0,RC造,1.96,1.96,1.12,9.0,,,1階まで,,PLATEAU建物,団地ごとの目視確認済み,34.594949,135.511332
住吉区,我孫子南住宅,我孫子南住宅２号館,148.0,1991.0,35.0,A,継続活用,住吉区我孫子東３丁目８番２号,bldg_717acb1a-d163-4d15-b135-0e7d529b15c1 bldg_90095872-bd61-4f64-8883-3736b91e3819,2,51.9,14.0,18.0,RC造,2.27,2.27,1.42,10.0,,,1階まで,,PLATEAU建物,団地ごとの目視確認で修正（2つの建物で1棟）,34.595244,135.512048
住吉区,我孫子南住宅,我孫子南住宅３号館,114.0,1993.0,33.0,A,継続活用,住吉区我孫子東３丁目１３番３号,bldg_a7fec678-248e-45e8-933a-0c49ecc10a2f,1,51.3,15.0,18.0,RC造,1.98,1.98,1.13,9.0,,,1階まで,,PLATEAU建物,団地ごとの目視確認済み,34.594332,135.511983
住吉区,我孫子南住宅,我孫子南住宅４号館,20.0,1994.0,32.0,A,継続活用,住吉区我孫子東３丁目１２番４号,bldg_6aa993eb-c94e-4c8e-bbc2-ab7a01a5659e,1,14.2,5.0,5.0,RC造,2.17,2.17,1.33,11.0,,,1階まで,,PLATEAU建物,団地ごとの目視確認済み,34.594197,135.51132
住吉区,我孫子南住宅,我孫子南住宅５号館,56.0,1998.0,28.0,A,継続活用,住吉区我孫子東３丁目１１番５号,bldg_87845443-87c5-4bc3-84ac-73ece7bc5168,1,49.8,14.0,17.0,RC造,1.96,1.96,1.12,8.0,,,1階まで,,PLATEAU建物,団地ごとの目視確認済み,34.594505,135.511338
住吉区,我孫子南住宅,我孫子南住宅６号館,74.0,1991.0,35.0,A,継続活用,住吉区我孫子東３丁目１０番６号,bldg_2e924040-0e98-41ea-8630-d3d66c4f2af4,1,32.1,8.0,11.0,RC造,1.83,1.83,0.99,7.0,,,1階まで,,PLATEAU建物,団地ごとの目視確認済み,34.595002,135.510804
住吉区,我孫子南住宅,我孫子南住宅７号館,114.0,1991.0,35.0,A,継続活用,住吉区我孫子東３丁目６番７号,bldg_139dbae9-85d9-4318-bd9e-2a1991aa6edd bldg_c98be954-d142-461c-bda1-4d3206b1a92b,2,33.5,8.0,12.0,RC造,2.11,2.11,1.26,10.0,,,1階まで,,PLATEAU建物,団地ごとの目視確認で修正（2つの建物で1棟）,34.595916,135.511144
住吉区,我孫子南住宅,我孫子南住宅８号館,108.0,1989.0,37.0,A,継続活用,住吉区我孫子東３丁目５番８号,bldg_54fbf0ce-1bee-44a4-ac68-e443f30a45b8,1,30.4,7.0,10.0,RC造,2.06,2.06,1.25,9.0,,,1階まで,,PLATEAU建物,団地ごとの目視確認済み,34.596399,135.511092
住吉区,我孫子南住宅,我孫子南住宅９号館,84.0,1995.0,31.0,A,継続活用,住吉区我孫子東３丁目７番９号,bldg_027ab5cc-42f6-4e8e-9e60-d61a2ebac960,1,50.8,14.0,18.0,RC造,2.09,2.09,1.27,10.0,,,1階まで,,PLATEAU建物,団地ごとの目視確認済み,34.596152,135.512146
住吉区,我孫子東第６住宅,我孫子東第６住宅１号館,30.0,1986.0,40.0,A,継続活用,住吉区我孫子東１丁目２番１号,bldg_67dd2f6b-86b1-4447-8d86-b0653763ff17,1,15.0,5.0,5.0,RC造,0.52,0.52,0.2,2.0,,,1階まで,,PLATEAU建物,団地ごとの目視確認済み,34.606185,135.512104
住吉区,我孫子東第６住宅,我孫子東第６住宅２号館,30.0,1986.0,40.0,A,継続活用,住吉区我孫子東１丁目２番２号,bldg_7a95ce5e-2b21-48b1-953e-a718ed71b571,1,14.8,5.0,5.0,RC造,0.61,0.61,0.29,4.0,,,1階まで,,PLATEAU建物,団地ごとの目視確認済み,34.606216,135.511587
住吉区,我孫子東第６住宅,我孫子東第６住宅３号館,35.0,1986.0,40.0,A,継続活用,住吉区我孫子東１丁目３番３号,bldg_4b3bebdc-3b7e-481c-a89f-46db4896d161,1,14.9,5.0,5.0,RC造,0.84,0.84,0.4,5.0,,,1階まで,,PLATEAU建物,団地ごとの目視確認済み,34.605712,135.511579
住吉区,我孫子東第６住宅,我孫子東第６住宅４号館,35.0,1986.0,40.0,A,継続活用,住吉区我孫子１丁目３番４号,bldg_a95777e4-62b5-4f29-92ad-b5673ed1b8b3,1,15.0,5.0,5.0,RC造,0.64,0.64,0.31,4.0,,,1階まで,,PLATEAU建物,団地ごとの目視確認済み,34.605217,135.510796
住吉区,我孫子東第６住宅,我孫子東第６住宅５号館,45.0,1986.0,40.0,A,継続活用,住吉区我孫子１丁目４番５号,bldg_e003d2a2-e9b4-4e26-bb24-8fb05a98811a,1,14.8,5.0,5.0,RC造,0.8,0.8,0.44,6.0,,,1階まで,,PLATEAU建物,団地ごとの目視確認済み,34.60475,135.5107
住吉区,我孫子東第７住宅,我孫子東第７住宅１号館,56.0,1987.0,39.0,A,継続活用,住吉区我孫子２丁目１番１号,bldg_e1503bf3-047f-485e-b78d-206cdfdce59c,1,30.2,7.0,10.0,RC造,0.89,0.89,0.44,6.0,,,1階まで,,PLATEAU建物,団地ごとの目視確認済み,34.60332,135.510528
住吉区,我孫子東第７住宅,我孫子東第７住宅２号館,89.0,1987.0,39.0,A,継続活用,住吉区我孫子２丁目２番２号,bldg_34026a43-e4ef-433d-abd2-373e30ef6251,1,33.8,8.0,12.0,RC造,0.84,0.84,0.28,4.0,,,1階まで,,PLATEAU建物,団地ごとの目視確認済み,34.602822,135.510253
住吉区,我孫子東第７住宅,我孫子東第７住宅３号館,89.0,1989.0,37.0,A,継続活用,住吉区我孫子２丁目３番３号,bldg_1a06d751-fba5-41ee-a551-d2800648706d,1,39.6,10.0,14.0,RC造,0.88,0.88,0.4,6.0,,,1階まで,,PLATEAU建物,団地ごとの目視確認済み,34.602291,135.510155
住吉区,我孫子東第７住宅,我孫子東第７住宅４号館,104.0,1989.0,37.0,A,継続活用,住吉区我孫子東１丁目１２番４号,bldg_db40a191-5ced-4942-8ecc-4845813c930e,1,28.3,6.0,10.0,RC造,1.14,1.14,0.62,6.0,,,1階まで,,PLATEAU建物,団地ごとの目視確認済み,34.602236,135.511541
住吉区,我孫子東第７住宅,我孫子東第７住宅５号館,126.0,1989.0,37.0,A,継続活用,住吉区我孫子東１丁目１３番５号,bldg_ead68282-5683-4fbf-a6d0-de4709949bce,1,33.6,8.0,12.0,RC造,1.5,1.5,0.94,9.0,,,1階まで,,PLATEAU建物,団地ごとの目視確認済み,34.601782,135.511498
住吉区,我孫子東第７住宅,我孫子東第７住宅６号館,107.0,1993.0,33.0,A,継続活用,住吉区我孫子東１丁目８番６号,bldg_a44f8931-4c72-4c73-bed5-778ada755a0b,1,40.2,10.0,14.0,RC造,1.14,1.14,0.77,7.0,,,1階まで,,PLATEAU建物,団地ごとの目視確認済み,34.60328,135.511934
住吉区,我孫子東第７住宅,我孫子東第７住宅７号館,39.0,1994.0,32.0,A,継続活用,住吉区我孫子東１丁目１０番７号,bldg_54e07cb6-30b8-46a3-b581-41a93acdcdae,1,32.9,8.0,11.0,RC造,1.43,1.43,0.96,12.0,,,1階まで,,PLATEAU建物,団地ごとの目視確認済み,34.60336,135.512729
住吉区,我孫子第２住宅,我孫子第２住宅１号館,41.0,1993.0,33.0,A,継続活用,住吉区我孫子１丁目５番１号,bldg_cd8557b2-ca78-4898-9633-2b9e226e7ecc,1,33.4,8.0,12.0,RC造,0.87,0.87,0.49,5.0,,,1階まで,,PLATEAU建物,団地ごとの目視確認済み,34.604289,135.51052
住吉区,我孫子第２住宅,我孫子第２住宅２号館,60.0,1991.0,35.0,A,継続活用,住吉区我孫子１丁目６番２号,bldg_d438a9f6-bf89-4397-97d3-f76906bb7a15,1,31.9,7.0,11.0,RC造,0.83,0.83,0.41,5.0,,,1階まで,,PLATEAU建物,団地ごとの目視確認済み,34.603803,135.510654
住吉区,我孫子第２住宅,我孫子第２住宅３号館,60.0,1991.0,35.0,A,継続活用,住吉区我孫子１丁目６番３号,bldg_f01ba0e4-bd18-41b3-b07f-23e94e486a60,1,30.8,7.0,11.0,RC造,0.8,0.8,0.4,5.0,,,1階まで,,PLATEAU建物,団地ごとの目視確認済み,34.60385,135.509918
住吉区,我孫子第２住宅,我孫子第２住宅４号館,71.0,1996.0,30.0,A,継続活用,住吉区我孫子東１丁目６番４号,bldg_13721c14-3469-4f1f-831d-dfb3f4f13819,1,31.3,7.0,11.0,RC造,1.02,1.02,0.6,7.0,,,1階まで,,PLATEAU建物,団地ごとの目視確認済み,34.60419,135.511961
住吉区,我孫子第２住宅,我孫子第２住宅５号館,36.0,1998.0,28.0,A,継続活用,住吉区我孫子東１丁目５番５号,bldg_a770cad1-1db6-4ca3-8a38-e2caade0a282,1,11.7,4.0,4.0,RC造,1.24,1.24,0.81,9.0,,,1階まで,,PLATEAU建物,団地ごとの目視確認済み,34.604073,135.512663
住吉区,我孫子第２住宅,我孫子第２住宅６号館,130.0,1991.0,35.0,A,継続活用,住吉区我孫子東１丁目７番６号,bldg_437c8ecc-35d4-4b83-917f-f677352f93d9,1,40.0,10.0,14.0,RC造,0.98,0.98,0.71,7.0,,,1階まで,,PLATEAU建物,団地ごとの目視確認済み,34.603769,135.511581
住吉区,我孫子第３住宅,我孫子第３住宅１号館,56.0,1992.0,34.0,A,継続活用,住吉区我孫子１丁目８番１号,bldg_ed001f8f-3669-4501-bf36-044499e59a31,1,39.9,10.0,14.0,RC造,0.73,0.73,0.47,4.0,,,1階まで,,PLATEAU建物,団地ごとの目視確認済み,34.604979,135.50953
住吉区,我孫子西住宅,我孫子西住宅１号館,80.0,1985.0,41.0,A,継続活用,住吉区我孫子西１丁目１０番１号,bldg_d13b7c55-2687-4391-81de-b47bdbddce80,1,36.9,9.0,13.0,RC造,0.35,0.35,0.08,0.0,,,1階まで,,PLATEAU建物,団地ごとの目視確認済み,34.605751,135.507189
住吉区,我孫子西住宅,我孫子西住宅１０号館,25.0,1986.0,40.0,A,継続活用,住吉区我孫子西１丁目１６番１０号,bldg_4e280d1c-c760-4dd8-b3fa-d261811e43d6,1,14.8,5.0,5.0,RC造,0.01,0.01,,0.0,,,1階まで,,PLATEAU建物,団地ごとの目視確認済み,34.605033,135.505958
住吉区,我孫子西住宅,我孫子西住宅１１号館,25.0,1986.0,40.0,A,継続活用,住吉区我孫子西１丁目１６番１１号,bldg_837e127c-c623-46d5-aae1-7b739c189d94,1,14.6,5.0,5.0,RC造,0.1,0.1,,0.0,,,1階まで,,PLATEAU建物,団地ごとの目視確認済み,34.605332,135.506083
住吉区,我孫子西住宅,我孫子西住宅１２号館,25.0,1986.0,40.0,A,継続活用,住吉区我孫子西１丁目１６番１２号,bldg_a16146e0-6e6a-4884-8611-d1bf8237c300,1,14.8,5.0,5.0,RC造,0.08,0.08,0.04,0.0,,,1階まで,,PLATEAU建物,団地ごとの目視確認済み,34.605616,135.506195
住吉区,我孫子西住宅,我孫子西住宅１３号館,25.0,1986.0,40.0,A,継続活用,住吉区我孫子西１丁目１７番１３号,bldg_22e29e08-49aa-4d9e-8204-bf1803e419ac,1,14.8,5.0,5.0,RC造,0.33,0.33,0.02,0.0,,,1階まで,,PLATEAU建物,団地ごとの目視確認済み,34.605915,135.506323
住吉区,我孫子西住宅,我孫子西住宅１４号館,25.0,1986.0,40.0,A,継続活用,住吉区我孫子西１丁目１７番１４号,bldg_edcadac9-3ae8-476b-939b-d9363d804246,1,15.1,5.0,5.0,RC造,0.6,0.6,0.24,3.0,,,1階まで,,PLATEAU建物,団地ごとの目視確認済み,34.606243,135.506461
住吉区,我孫子西住宅,我孫子西住宅２号館,16.0,1987.0,39.0,A,継続活用,住吉区我孫子西１丁目１１番２号,bldg_2f0f708e-ac49-4e55-8b5b-57f896b59b07,1,12.4,4.0,4.0,RC造,0.29,0.29,0.03,0.0,,,1階まで,,PLATEAU建物,団地ごとの目視確認済み,34.605245,135.507426
住吉区,我孫子西住宅,我孫子西住宅３号館,25.0,1987.0,39.0,A,継続活用,住吉区我孫子西１丁目１１番３号,bldg_8bd0ee03-d06f-49f6-9203-a47366624bf8,1,14.8,5.0,5.0,RC造,0.18,0.18,0.2,0.0,,,1階まで,,PLATEAU建物,団地ごとの目視確認済み,34.605416,135.506759
住吉区,我孫子西住宅,我孫子西住宅４号館,63.0,1987.0,39.0,A,継続活用,住吉区我孫子西１丁目１２番４号,bldg_40d0aeb2-dc11-4a93-9c59-c70e4ad0461e,1,31.0,7.0,11.0,RC造,0.22,0.22,0.05,0.0,,,1階まで,,PLATEAU建物,団地ごとの目視確認済み,34.604814,135.506909
住吉区,我孫子西住宅,我孫子西住宅５号館,50.0,1987.0,39.0,A,継続活用,住吉区我孫子西１丁目４番５号,bldg_95989bf0-fe3c-4d0a-ad3f-aad601ca814a,1,14.7,5.0,5.0,RC造,0.06,0.06,0.03,0.0,,,1階まで,,PLATEAU建物,団地ごとの目視確認済み,34.604034,135.507366
住吉区,我孫子西住宅,我孫子西住宅６号館,25.0,1987.0,39.0,A,継続活用,住吉区我孫子西２丁目９番６号,bldg_f110eb9f-83ce-4240-ab84-d476a8e7d6d3,1,14.8,5.0,5.0,RC造,0.23,0.23,0.01,0.0,,,1階まで,,PLATEAU建物,団地ごとの目視確認済み,34.603538,135.505325
住吉区,我孫子西住宅,我孫子西住宅７号館,25.0,1987.0,39.0,A,継続活用,住吉区我孫子西２丁目９番７号,bldg_dfa15b86-3a9b-45cf-b444-2923810cf71e,1,14.8,5.0,5.0,RC造,0.02,0.02,,0.0,,,1階まで,,PLATEAU建物,団地ごとの目視確認済み,34.603819,135.50544
住吉区,我孫子西住宅,我孫子西住宅８号館,25.0,1987.0,39.0,A,継続活用,住吉区我孫子西１丁目１５番８号,bldg_25cc6999-6a52-4e34-954d-28467a8592ce,1,14.8,5.0,5.0,RC造,0.06,0.06,,0.0,,,1階まで,,PLATEAU建物,団地ごとの目視確認済み,34.604202,135.505601
住吉区,我孫子西住宅,我孫子西住宅９号館,25.0,1987.0,39.0,A,継続活用,住吉区我孫子西１丁目１５番９号,bldg_5e293856-8b0a-4242-b66e-4eb3fc215ceb,1,14.8,5.0,5.0,RC造,0.13,0.13,,0.0,,,1階まで,,PLATEAU建物,団地ごとの目視確認済み,34.604492,135.505728
住吉区,杉本住宅,杉本住宅１号館,66.0,1990.0,36.0,A,継続活用,住吉区杉本１丁目２番１号,bldg_54c1738f-25d5-4d1c-b17f-b54da7f422e2,1,10.6,3.0,4.0,非木造,1.86,1.86,1.05,8.0,,,1階まで,,PLATEAU建物,団地ごとの目視確認済み,34.596086,135.509838
住吉区,東長居住宅,東長居住宅１号館,83.0,1988.0,38.0,A,継続活用,住吉区長居東３丁目２０番１号,bldg_ca1c0a7f-fdae-425d-b64f-68de71de9cbd,1,30.9,7.0,11.0,RC造,0.25,0.25,,0.0,,,1階まで,,PLATEAU建物,団地ごとの目視確認済み,34.605748,135.516781
住吉区,東長居第２住宅,東長居第２住宅１号館,23.0,1994.0,32.0,A,継続活用,住吉区長居東４丁目１９番１号,bldg_b6f1cc6d-6061-402f-b68b-3ec69ba832d4,1,9.1,3.0,3.0,非木造,0.71,0.71,0.38,5.0,,,1階まで,,PLATEAU建物,団地ごとの目視確認済み,34.606559,135.511848
住吉区,浅香中住宅,浅香中住宅１号館,48.0,1995.0,31.0,A,継続活用,住吉区浅香２丁目２番１号,bldg_d93f7e66-e6f2-4bc9-9f9b-632598471e2c bldg_4de488b7-c59b-408a-b015-0ee8df75d4a8,2,30.7,6.0,11.0,RC造,0.0,,,,,,なし,,PLATEAU建物,団地ごとの目視確認で修正（2つの建物で1棟）,34.589511,135.50879
住吉区,浅香住宅,浅香住宅９号館,115.0,1979.0,47.0,A,建替(Ⅰ),住吉区浅香２丁目１番９号,bldg_ea3267c3-f7d4-422f-9c46-53c6a0f39efa,1,30.6,8.0,11.0,RC造,0.0,,,,,,なし,,PLATEAU建物,団地ごとの目視確認済み,34.591594,135.506784
住吉区,浅香南住宅,浅香南住宅１号館,9.0,1979.0,47.0,A,建替(Ⅱ),住吉区浅香１丁目５番２６号,bldg_153e87bb-baa9-4e1b-910d-71f25bf7455d bldg_7c92b3f3-ba5d-4c93-9d2e-20cf765e6b67,2,9.4,3.0,3.0,RC造,0.0,,,,,,なし,,PLATEAU建物,団地ごとの目視確認で修正（2つの建物で1棟）,34.590142,135.50918
住吉区,浅香南住宅,浅香南住宅２号館,24.0,1989.0,37.0,A/A,継続活用/継続活用,住吉区浅香１丁目５番２号,bldg_87f7c7ed-c072-47bf-a832-da0d2c6f8999 bldg_d8a4fc06-93b4-4f2b-8b51-0c4acd5302b9,2,17.3,3.0,6.0,RC造,0.0,,,,,,なし,,PLATEAU建物,団地ごとの目視確認で修正（2つの建物で1棟）,34.589774,135.509433
住吉区,浅香南住宅,浅香南住宅３号館,12.0,1987.0,39.0,A,継続活用,住吉区浅香１丁目５番３号,bldg_4810c0fa-19c3-43ed-af26-3da60595cb72,1,9.9,3.0,3.0,RC造,0.0,,,,,,なし,,PLATEAU建物,団地ごとの目視確認済み,34.590049,135.51009
住吉区,浅香南住宅,浅香南住宅４号館,24.0,1982.0,44.0,A,建替(Ⅱ),住吉区浅香１丁目３番４号,bldg_74443f7d-27e9-45a8-83cb-6ee926100f0f,1,10.5,3.0,4.0,RC造,0.0,,,,,,なし,,PLATEAU建物,団地ごとの目視確認で修正,34.590464,135.511128
住吉区,浅香南住宅,浅香南住宅６号館,21.0,1982.0,44.0,A,建替(Ⅱ),住吉区浅香１丁目３番６号,bldg_61687582-cfe8-48f8-bb20-21261907e051,1,10.5,3.0,4.0,RC造,0.42,0.42,,0.0,,,1階まで,,PLATEAU建物,団地ごとの目視確認済み,34.590908,135.51141
住吉区,浅香南住宅,浅香南住宅７号館,24.0,1983.0,43.0,A,建替(Ⅱ),住吉区浅香１丁目３番７号,bldg_6674ea09-d9fa-4fc4-9c21-7940b599957e,1,10.0,3.0,3.0,RC造,0.0,,,,,,なし,,PLATEAU建物,団地ごとの目視確認済み,34.590644,135.510739
住吉区,浅香第２住宅,浅香第２住宅４号館,20.0,1977.0,49.0,B,建替(Ⅰ),住吉区浅香１丁目２番４号,bldg_319dd0ee-47d8-4ca0-8489-4782edd78100,1,20.5,5.0,7.0,RC造,0.48,0.48,,2.0,,,1階まで,,PLATEAU建物,団地ごとの目視確認済み,34.591514,135.512396
住吉区,浅香第２住宅,浅香第２住宅５号館,36.0,1979.0,47.0,A,建替(Ⅱ),住吉区浅香１丁目２番５号,,0,,,,,,,,,,,データなし,,位置のみ（建物なし）,団地ごとの目視確認で修正,34.591065,135.512538
住吉区,浅香第３住宅,浅香第３住宅１号館,56.0,1974.0,52.0,D,建替(Ⅰ),住吉区浅香２丁目３番１号,bldg_4e9be463-3a9f-41c8-86c4-295f09e2590b,1,27.5,7.0,9.0,RC造,0.0,,,,,,なし,,PLATEAU建物,団地ごとの目視確認済み,34.589437,135.5066
住吉区,浅香西住宅,浅香西住宅１号館,39.0,2012.0,14.0,A,継続活用,住吉区浅香２丁目１番１号,bldg_2ee7bd7d-32db-4dd2-af54-10149175bf77,1,34.3,,12.0,不明,0.0,,,,,,なし,,PLATEAU建物,団地ごとの目視確認済み,34.590652,135.50733
住吉区,浅香西住宅,浅香西住宅２号館,115.0,1979.0,47.0,A,建替(Ⅰ),住吉区浅香２丁目１番９号,bldg_d938d9d6-17a0-417b-ab9e-48f0a70fc694,1,30.7,9.0,11.0,RC造,0.07,0.07,,0.0,,,1階まで,,PLATEAU建物,団地ごとの目視確認済み,34.591166,135.507235
住吉区,浅香西住宅,浅香西住宅３号館,35.0,2008.0,18.0,A,継続活用,住吉区浅香２丁目１番３号,bldg_57035ce0-1ad2-4438-8d02-17cb6963410e,1,28.1,9.0,10.0,RC造,0.08,0.08,,0.0,,,1階まで,,PLATEAU建物,団地ごとの目視確認済み,34.591567,135.507383
住吉区,清水丘住宅,清水丘住宅１号館,63.0,2006.0,20.0,A,継続活用,住吉区清水丘３丁目５番１号,bldg_1ae4bc3e-49d4-4b63-bfe9-ac6b1bf0c5e3,1,29.3,,10.0,不明,4.43,4.43,3.86,23.0,3.99,,2階まで,,PLATEAU建物,団地ごとの目視確認済み,34.596911,135.490601
住吉区,清水丘住宅,清水丘住宅２号館,70.0,2006.0,20.0,A,継続活用,住吉区清水丘３丁目４番２号,bldg_7d963f8f-7c16-4bd4-9b52-9154be7cbdec,1,29.5,,10.0,不明,4.43,4.43,3.85,19.0,3.96,,2階まで,,PLATEAU建物,団地ごとの目視確認済み,34.597395,135.490821
住吉区,苅田住宅,苅田住宅１号館,59.0,1990.0,36.0,A,継続活用,住吉区苅田９丁目１７番１号,bldg_73b8ded1-f5c7-4443-b924-98758efd2dff,1,45.8,12.0,16.0,RC造,2.26,2.26,1.52,15.0,,,1階まで,,PLATEAU建物,団地ごとの目視確認済み,34.595489,135.512791
住吉区,苅田北住宅,苅田北住宅１号館,142.0,2001.0,25.0,A,継続活用,住吉区苅田４丁目９番１号,bldg_ae567a77-7831-4492-b44b-2d043461747b,1,41.3,13.0,14.0,RC造,1.33,1.33,0.83,9.0,,,1階まで,,PLATEAU建物,団地ごとの目視確認済み,34.599734,135.519469
住吉区,苅田北住宅,苅田北住宅２号館,90.0,2006.0,20.0,A,継続活用,住吉区苅田４丁目８番２号,bldg_9528951c-26f9-4e27-8a09-1622eeb4c7f1 bldg_e8af40b8-2f37-4302-956f-1aea0f0b0517,2,41.3,,14.0,不明,1.06,1.06,0.62,8.0,,,1階まで,,PLATEAU建物,団地ごとの目視確認で修正（2つの建物で1棟）,34.599835,135.520284
住吉区,苅田北住宅,苅田北住宅３号館,104.0,2006.0,20.0,A,継続活用,住吉区苅田４丁目８番３号,bldg_e75ce5b7-1b76-44ba-8d5e-109e9feddf5b,1,39.6,,14.0,不明,1.06,1.06,0.62,8.0,,,1階まで,,PLATEAU建物,団地ごとの目視確認済み,34.599788,135.520858
住吉区,苅田北住宅,苅田北住宅４号館,90.0,1999.0,27.0,A,継続活用,住吉区苅田４丁目７番４号,bldg_2b70d757-f857-4232-a023-92ac4cdf2986,1,43.8,13.0,15.0,RC造,1.35,1.35,1.03,11.0,,,1階まで,,PLATEAU建物,団地ごとの目視確認済み,34.599724,135.521559
住吉区,苅田北住宅,苅田北住宅５号館,103.0,1999.0,27.0,A,継続活用,住吉区苅田４丁目７番５号,bldg_4f584556-35c9-4c61-9110-13f5ee34857d,1,44.0,13.0,15.0,RC造,1.48,1.48,1.08,11.0,,,1階まで,,PLATEAU建物,団地ごとの目視確認済み,34.599723,135.522205
住吉区,苅田南住宅,苅田南住宅１号館,53.0,2007.0,19.0,A,継続活用,住吉区苅田９丁目１０番１号,bldg_9449b58c-7401-4055-a6e6-4db2d146b0f8,1,18.1,9.0,9.0,RC造,1.8,1.8,0.95,8.0,,,1階まで,,PLATEAU建物,団地ごとの目視確認済み,34.595571,135.513948
住吉区,苅田南住宅,苅田南住宅２号館,,2007.0,19.0,A,継続活用,住吉区苅田９丁目１０番２号,bldg_bbe0608f-c1bf-48ed-a114-b9496dc8f9fd,1,28.2,9.0,10.0,RC造,1.74,1.74,0.9,6.0,,,1階まで,,PLATEAU建物,団地ごとの目視確認済み,34.595149,135.514181
住吉区,苅田南住宅,苅田南住宅３号館,,2007.0,19.0,A,継続活用,住吉区苅田９丁目１０番２号,bldg_bbe0608f-c1bf-48ed-a114-b9496dc8f9fd,1,28.2,9.0,10.0,RC造,1.74,1.74,0.9,6.0,,,1階まで,,PLATEAU建物,団地ごとの目視確認済み,34.595149,135.514181
住吉区,遠里小野住宅,遠里小野住宅１号館,30.0,1988.0,38.0,A,EV設置,住吉区遠里小野２丁目１３番１号,bldg_efd2f8e0-e332-4ebc-b232-2b9f2fe8cc71,1,14.7,5.0,5.0,RC造,0.0,,,,,,なし,,PLATEAU建物,団地ごとの目視確認済み,34.596411,135.496181
住吉区,遠里小野住宅,遠里小野住宅２号館,30.0,1988.0,38.0,A,EV設置,住吉区遠里小野２丁目１３番２号,bldg_95e9d957-c566-4e92-ac59-b5c20bb6bd48,1,14.8,5.0,5.0,RC造,0.0,,,,,,なし,,PLATEAU建物,団地ごとの目視確認済み,34.596314,135.496682
住吉区,遠里小野住宅,遠里小野住宅３号館,30.0,1988.0,38.0,A,継続活用,住吉区遠里小野２丁目１４番３号,bldg_96e6a31c-3f66-4251-8aab-53af1247f7ec,1,14.7,5.0,5.0,RC造,0.0,,,,,,なし,,PLATEAU建物,団地ごとの目視確認済み,34.596152,135.495965
住吉区,遠里小野住宅,遠里小野住宅４号館,40.0,1988.0,38.0,A,継続活用,住吉区遠里小野２丁目１４番４号,bldg_997c7930-a40b-401b-a84f-31ca75b47fb2,1,14.8,5.0,5.0,RC造,0.04,0.04,,0.0,,,1階まで,,PLATEAU建物,団地ごとの目視確認済み,34.596043,135.496535
住吉区,遠里小野住宅,遠里小野住宅５号館,178.0,1988.0,38.0,A,継続活用,住吉区遠里小野２丁目１５番５号,bldg_3a9f7b1c-0550-493b-9268-8154244b4fce bldg_6aec90ee-6e0f-49bb-b722-e23e095df745,2,42.3,11.0,15.0,RC造,0.12,0.12,,0.0,,,1階まで,,PLATEAU建物,団地ごとの目視確認で修正（2つの建物で1棟）,34.595484,135.496446
住吉区,遠里小野第２住宅,遠里小野第２住宅１号館,112.0,2007.0,19.0,A,継続活用,住吉区遠里小野７丁目６番２９号,bldg_e2cbf540-eb99-4f19-86ca-f1483bce2a1f,1,23.4,8.0,8.0,RC造,4.41,4.41,3.69,16.0,3.89,,2階まで,,PLATEAU建物,団地ごとの目視確認済み,34.596447,135.492294
住吉区,長居住宅,長居住宅１号館,131.0,1983.0,43.0,A,継続活用,住吉区長居１丁目１５番１号,bldg_ba19ff43-4736-4f41-9c99-1b83bbd87a74,1,42.2,11.0,15.0,RC造,0.0,,,,,,なし,,PLATEAU建物,団地ごとの目視確認済み,34.614367,135.513961
住吉区,長居第２住宅,長居第２住宅１号館,40.0,1977.0,49.0,A,継続活用,住吉区長居東３丁目１０番１号,bldg_cf2aee5e-4b96-4d0d-babe-98ebda639380,1,14.2,5.0,5.0,RC造,0.03,0.03,,0.0,,,1階まで,,PLATEAU建物,団地ごとの目視確認済み,34.606544,135.517012
住吉区,長居第２住宅,長居第２住宅２号館,50.0,1979.0,47.0,A,継続活用,住吉区長居東３丁目１０番２号,bldg_adba002f-d096-445c-ab29-bfb585e3173e,1,14.1,5.0,5.0,RC造,0.0,,,,,,なし,,PLATEAU建物,団地ごとの目視確認済み,34.606543,135.516255
住吉区,長居第２住宅,長居第２住宅４号館,40.0,1980.0,46.0,A,継続活用,住吉区長居東３丁目９番４号,bldg_9e231ed7-1b4b-4e5d-81cc-b717cc1c219c,1,14.4,5.0,5.0,RC造,0.02,0.02,,0.0,,,1階まで,,PLATEAU建物,団地ごとの目視確認済み,34.607012,135.517018
住吉区,長居第２住宅,長居第２住宅５号館,20.0,1980.0,46.0,A,継続活用,住吉区長居東３丁目９番５号,bldg_82689569-ddc9-4bf2-853c-ea2b2cc301a4,1,14.2,5.0,5.0,RC造,0.0,,,0.0,,,なし,,PLATEAU建物,団地ごとの目視確認済み,34.607011,135.516529
住吉区,長居西住宅,長居西住宅１号館,30.0,1986.0,40.0,A,継続活用,住吉区長居西３丁目２番１号,bldg_2f8a5d2b-7d95-449b-936e-2a5fdfd66285,1,14.8,5.0,5.0,RC造,0.58,0.58,0.24,0.0,,,1階まで,,PLATEAU建物,団地ごとの目視確認済み,34.608397,135.50849
住吉区,長居西住宅,長居西住宅２号館,20.0,1986.0,40.0,A,継続活用,住吉区長居西３丁目２番２号,bldg_8cac7ae5-37db-4a72-92e8-f2a24b0292a5,1,14.8,5.0,5.0,RC造,0.51,0.51,0.07,3.0,,,1階まで,,PLATEAU建物,団地ごとの目視確認済み,34.608345,135.508163
住吉区,長居西住宅,長居西住宅３号館,30.0,1986.0,40.0,A,継続活用,住吉区長居西３丁目２番３号,bldg_3b761542-1d7c-497f-84b0-685c5acaf941,1,14.9,5.0,5.0,RC造,0.51,0.51,0.07,1.0,,,1階まで,,PLATEAU建物,団地ごとの目視確認済み,34.608457,135.50778
住吉区,長居西第２住宅,長居西第２住宅１号館,36.0,2004.0,22.0,A,継続活用,住吉区長居西１丁目１０番１号,bldg_2c262dd0-0dd2-45ad-913c-800586eabf7f,1,17.7,6.0,6.0,RC造,0.0,,,,,,なし,,PLATEAU建物,団地ごとの目視確認済み,34.614238,135.508684
住吉区,長居西第２住宅,長居西第２住宅２号館,48.0,2004.0,22.0,A,継続活用,住吉区長居西１丁目１０番２号,bldg_0885e240-28d1-48c5-830f-9556d8acd221,1,18.3,6.0,6.0,RC造,0.0,,,,,,なし,,PLATEAU建物,団地ごとの目視確認済み,34.614576,135.508764
住吉区,長居西第２住宅,長居西第２住宅３号館,64.0,2007.0,19.0,A,継続活用,住吉区長居西１丁目３番３号,bldg_bd5d5e67-0081-4d47-9cbe-c8ea4363fa13,1,25.9,,9.0,不明,0.0,,,,,,なし,,PLATEAU建物,団地ごとの目視確認済み,34.615013,135.508897
住吉区,長居西第２住宅,長居西第２住宅４号館,80.0,2008.0,18.0,A,継続活用,住吉区長居西１丁目３番４号,bldg_a5b71fba-c577-4dd1-8b9e-c4c52ac70028,1,24.2,,8.0,不明,0.0,,,,,,なし,,PLATEAU建物,団地ごとの目視確認済み,34.615587,135.508975
住吉区,長居１丁目住宅,長居１丁目住宅１号館,108.0,1998.0,28.0,A,継続活用,住吉区長居１丁目１４番１号,bldg_aa29d277-e171-4597-9aa5-01cf940cf6d6,1,39.2,11.0,14.0,RC造,0.0,,,,,,なし,,PLATEAU建物,団地ごとの目視確認済み,34.614129,135.513229
住吉区,鶴ケ丘住宅,鶴ケ丘住宅１号館,50.0,1979.0,47.0,A,継続活用,住吉区長居１丁目１１番１号,bldg_a2deb5d9-718e-4d82-8c52-a291d8e13355,1,14.3,5.0,5.0,RC造,0.0,,,,,,なし,,PLATEAU建物,団地ごとの目視確認済み,34.613908,135.512023
住吉区,鶴ケ丘住宅,鶴ケ丘住宅１０号館,30.0,1982.0,44.0,A,継続活用,住吉区長居１丁目７番１０号,bldg_094367c6-c2f6-45b7-ae44-f16694dedc10,1,14.3,5.0,5.0,RC造,0.0,,,,,,なし,,PLATEAU建物,団地ごとの目視確認済み,34.616079,135.511489
住吉区,鶴ケ丘住宅,鶴ケ丘住宅１１号館,18.0,1985.0,41.0,A,継続活用,住吉区長居１丁目１３番１１号,bldg_3403ffd2-2a0a-406e-b6fc-5ef6f7454093,1,8.8,3.0,3.0,RC造,0.0,,,,,,なし,,PLATEAU建物,団地ごとの目視確認済み,34.614804,135.512541
住吉区,鶴ケ丘住宅,鶴ケ丘住宅２号館,30.0,1979.0,47.0,A,継続活用,住吉区長居１丁目１０番２号,bldg_eb37e9e4-f765-43ff-b220-3a3aa4b30114,1,14.4,5.0,5.0,RC造,0.0,,,,,,なし,,PLATEAU建物,団地ごとの目視確認済み,34.613963,135.511275
住吉区,鶴ケ丘住宅,鶴ケ丘住宅３号館,30.0,1979.0,47.0,A,継続活用,住吉区長居１丁目１０番３号,bldg_94a6cbd7-50a5-47fe-9589-415788e2b211,1,14.3,5.0,5.0,RC造,0.0,,,,,,なし,,PLATEAU建物,団地ごとの目視確認済み,34.613999,135.510821
住吉区,鶴ケ丘住宅,鶴ケ丘住宅４号館,40.0,1981.0,45.0,A,継続活用,住吉区長居１丁目８番４号,bldg_87b01602-9907-4237-a7c7-8d7c4653226d,1,14.2,5.0,5.0,RC造,0.0,,,,,,なし,,PLATEAU建物,団地ごとの目視確認済み,34.614929,135.510769
住吉区,鶴ケ丘住宅,鶴ケ丘住宅５号館,40.0,1981.0,45.0,A,継続活用,住吉区長居１丁目７番５号,bldg_ec91109e-b6b0-463a-9e88-350e33c86090,1,14.3,5.0,5.0,RC造,0.0,,,,,,なし,,PLATEAU建物,団地ごとの目視確認済み,34.615396,135.510827
住吉区,鶴ケ丘住宅,鶴ケ丘住宅６号館,30.0,1981.0,45.0,A,EV設置,住吉区長居１丁目７番６号,bldg_1388370e-4b27-4180-bb9b-a59f3214ea2b,1,14.6,5.0,5.0,RC造,0.0,,,,,,なし,,PLATEAU建物,団地ごとの目視確認済み,34.615346,135.511441
住吉区,鶴ケ丘住宅,鶴ケ丘住宅７号館,30.0,1982.0,44.0,A,継続活用,住吉区長居１丁目７番７号,bldg_afc7b819-3309-46ff-ad48-b4d82ee7485c,1,14.2,5.0,5.0,RC造,0.0,,,,,,なし,,PLATEAU建物,団地ごとの目視確認済み,34.61572,135.51139
住吉区,鶴ケ丘住宅,鶴ケ丘住宅８号館,30.0,1982.0,44.0,A,継続活用,住吉区長居１丁目７番８号,bldg_21559d28-4206-43b0-9357-0927483b330c,1,14.4,5.0,5.0,RC造,0.0,,,,,,なし,,PLATEAU建物,団地ごとの目視確認済み,34.615776,135.510802
住吉区,鶴ケ丘住宅,鶴ケ丘住宅９号館,30.0,1982.0,44.0,A,継続活用,住吉区長居１丁目７番９号,bldg_c79d1178-3ecb-4af2-b9cd-4833570540fb,1,14.2,5.0,5.0,RC造,0.0,,,,,,なし,,PLATEAU建物,団地ごとの目視確認済み,34.616127,135.510879
北区,中津住宅,中津住宅１号館,40.0,1970.0,56.0,B,建替(Ⅰ),北区中津２丁目７番１号,bldg_2fab749c-02ff-4399-8379-0571f867d3d2,1,14.0,5.0,5.0,RC造,5.13,4.87,,63.0,5.13,1.39,2階まで,,PLATEAU建物,団地ごとの目視確認済み,34.714044,135.496435
北区,中津住宅,中津住宅２号館,50.0,1970.0,56.0,B,建替(Ⅰ),北区中津２丁目７番２号,bldg_dd859741-beb7-41f3-8532-465d066ff90c,1,14.1,5.0,5.0,RC造,5.13,4.56,,60.0,5.13,1.53,2階まで,,PLATEAU建物,団地ごとの目視確認済み,34.713781,135.496797
北区,中津住宅,中津住宅３号館,40.0,1970.0,56.0,B,建替(Ⅰ),北区中津２丁目７番３号,bldg_5f4d956c-f8aa-4c70-8ed4-3d75b4bf6122,1,14.2,5.0,5.0,RC造,5.15,4.65,,61.0,5.15,1.53,2階まで,,PLATEAU建物,団地ごとの目視確認済み,34.714073,135.496874
北区,中津住宅,中津住宅４号館,40.0,1970.0,56.0,B,建替(Ⅰ),北区中津２丁目７番４号,bldg_ee9b6643-43f0-4b2a-a11a-53582c6aa094,1,14.1,5.0,5.0,RC造,5.24,4.77,,61.0,5.24,1.56,2階まで,,PLATEAU建物,団地ごとの目視確認済み,34.714326,135.496809
北区,中津住宅,中津住宅５号館,30.0,1971.0,55.0,A,建替(Ⅰ),北区中津２丁目７番５号,bldg_4125a84d-9289-4032-9d7f-4cbe4acace6e,1,14.1,5.0,5.0,RC造,4.84,4.4,,53.0,4.84,1.5,2階まで,,PLATEAU建物,団地ごとの目視確認済み,34.714268,135.497248
北区,中津住宅,中津住宅６号館,30.0,1971.0,55.0,B,建替(Ⅰ),北区中津２丁目７番６号,bldg_a2cf85b8-12b2-49c9-88bf-215214c65d2e,1,14.0,5.0,5.0,RC造,4.77,4.41,,56.0,4.77,1.27,2階まで,,PLATEAU建物,団地ごとの目視確認済み,34.713953,135.497487
北区,中津住宅,中津住宅７号館,30.0,1971.0,55.0,B,建替(Ⅰ),北区中津２丁目７番７号,bldg_83bd5d10-1dde-490a-afb5-206173d47fb4,1,14.0,5.0,5.0,RC造,4.85,4.35,,52.0,4.85,1.26,2階まで,,PLATEAU建物,団地ごとの目視確認済み,34.714281,135.49758
北区,中津住宅,中津住宅８号館,40.0,1971.0,55.0,A,建替(Ⅰ),北区中津２丁目７番８号,bldg_0cd924af-d385-4d2d-be51-906b63320744,1,14.3,5.0,5.0,RC造,4.68,4.18,,46.0,4.68,1.25,2階まで,,PLATEAU建物,団地ごとの目視確認済み,34.714199,135.498108
北区,中津第２住宅,中津第２住宅１号館,20.0,1972.0,54.0,A,建替(Ⅱ),北区中津６丁目１０番１号,bldg_2edd64dc-368a-472c-9ab0-ef7a4b67176d,1,14.1,5.0,5.0,RC造,4.86,2.89,,66.0,4.86,0.56,2階まで,,PLATEAU建物,団地ごとの目視確認済み,34.709552,135.490964
北区,中津第２住宅,中津第２住宅２号館,30.0,1972.0,54.0,A,建替(Ⅱ),北区中津６丁目１０番２号,bldg_d9801a6e-ce75-453f-925e-3f278567fd88,1,14.2,5.0,5.0,RC造,5.03,2.76,,63.0,5.03,0.72,2階まで,,PLATEAU建物,団地ごとの目視確認済み,34.70959,135.490606
北区,中津第３住宅,中津第３住宅１号館,34.0,2000.0,26.0,A,継続活用,北区中津６丁目２番２４号,bldg_75cc0eae-f640-4e78-a2c3-285338b93f10,1,20.4,7.0,7.0,RC造,5.24,2.79,,64.0,5.24,0.94,2階まで,,PLATEAU建物,団地ごとの目視確認済み,34.709098,135.491632
北区,大淀住宅,大淀住宅１号館,105.0,1973.0,53.0,A,継続活用,北区本庄東３丁目６番６号,bldg_54d1944b-bac9-4f09-b18e-1bd19a2a7630,1,45.9,14.0,16.0,RC造,4.22,4.22,,16.0,1.9,,2階まで,,PLATEAU建物,団地ごとの目視確認済み,34.717091,135.509148
北区,大淀北住宅,大淀北住宅１号館,134.0,1974.0,52.0,A,継続活用,北区大淀北１丁目５番１９号,bldg_e2a6d46a-a10c-45f7-acce-3b001919c7b2 bldg_49b29a13-3024-4c0c-9bdd-d4c66a8b426d,2,37.3,11.0,13.0,RC造,4.9,2.88,,67.0,4.9,0.81,2階まで,,PLATEAU建物,団地ごとの目視確認で修正（2つの建物で1棟）,34.70838,135.485534
北区,扇町住宅,扇町住宅１号館,125.0,1987.0,39.0,A,継続活用,北区扇町２丁目３番１号,bldg_642b5bb8-9b45-44d9-a5df-76778001f78a,1,51.3,14.0,18.0,RC造,2.42,0.62,,5.0,2.42,,1階まで,,PLATEAU建物,団地ごとの目視確認済み,34.705266,135.50796
北区,豊崎住宅,豊崎住宅１号館,20.0,,,,,北区豊崎５丁目５番１号,bldg_ec9a2868-925d-4cdc-b952-3865fa5aab9b,1,14.2,5.0,5.0,RC造,4.91,3.79,,56.0,4.91,0.56,2階まで,,PLATEAU建物,団地ごとの目視確認済み,34.71244,135.499054
北区,豊崎住宅,豊崎住宅２号館,20.0,,,,,北区豊崎５丁目５番２号,bldg_2c1f9569-9534-48d3-aa40-eaebca4050a1,1,14.0,5.0,5.0,RC造,4.84,3.7,,55.0,4.84,0.52,2階まで,,PLATEAU建物,団地ごとの目視確認済み,34.712204,135.499116
北区,豊崎住宅,豊崎住宅３号館,40.0,,,,,北区豊崎５丁目５番３号,bldg_caccc533-a65a-43cc-8372-1369681c9db7,1,14.1,5.0,5.0,RC造,4.8,3.61,,54.0,4.8,0.58,2階まで,,PLATEAU建物,団地ごとの目視確認済み,34.711878,135.498908
北区,豊崎第１住宅,豊崎第１住宅1号館,143.0,2020.0,6.0,A,継続活用,北区豊崎7丁目5-2,,0,,,,,,,,,,,データなし,,位置のみ（建物なし）,団地ごとの目視確認で修正,34.715205,135.498875
北区,長柄中住宅,長柄中住宅１号館,126.0,1997.0,29.0,A,継続活用,北区長柄中１丁目２番１号,bldg_3d787bd7-2598-4bcf-b864-96378bbc66a5,1,40.5,11.0,14.0,RC造,1.36,0.63,,5.0,1.36,,1階まで,,PLATEAU建物,団地ごとの目視確認済み,34.710769,135.514158
北区,長柄中住宅,長柄中住宅２号館,60.0,1999.0,27.0,A,継続活用,北区長柄中１丁目１番２号,bldg_d1ca96fd-0b5a-44e9-b28f-7c48a70ba9d8,1,46.4,12.0,16.0,RC造,1.19,0.5,,1.0,1.19,,1階まで,,PLATEAU建物,団地ごとの目視確認済み,34.710747,135.515146
北区,長柄東住宅,長柄東住宅１号館,190.0,1979.0,47.0,A,継続活用,北区長柄東２丁目４番１号,bldg_388d60b2-b260-403d-a11d-b66d8a98632f bldg_af0ed154-afb3-4b74-8b9c-e8ebfd754b31 bldg_e398519a-421b-4f76-9c9f-386cbae4c5b8,3,50.8,14.0,18.0,RC造,0.74,0.5,,0.0,0.74,,1階まで,,PLATEAU建物,団地ごとの目視確認で修正（3つの建物で1棟）,34.714843,135.518855
北区,長柄東住宅,長柄東住宅２号館,116.0,1983.0,43.0,A,継続活用,北区長柄東２丁目５番２号,bldg_466b81bc-c47a-4b84-8cd2-25a4f294f3a0 bldg_edc9173f-0c09-4a90-bbd8-ec0cf657f0c0,2,42.6,11.0,15.0,RC造,0.9,0.69,,7.0,0.9,,1階まで,,PLATEAU建物,団地ごとの目視確認で修正（2つの建物で1棟）,34.7145,135.517615
北区,長柄東住宅,長柄東住宅３号館,78.0,1984.0,42.0,A,継続活用,北区長柄東２丁目５番３号,bldg_e7a9db0e-bc97-4675-aac1-e086a2222d40 bldg_dc3a70cc-a2c5-4edb-b5de-3dc1b3c2fcb7,2,32.1,7.0,11.0,RC造,1.0,0.7,,8.0,1.0,,1階まで,,PLATEAU建物,団地ごとの目視確認で修正（2つの建物で1棟）,34.714089,135.517556
北区,長柄東住宅,長柄東住宅４号館,20.0,1983.0,43.0,A,継続活用,北区長柄東２丁目６番４号,bldg_78522450-148d-4861-ac8a-10bf0bba60b6,1,16.0,5.0,6.0,RC造,1.2,0.76,,8.0,1.2,,1階まで,,PLATEAU建物,団地ごとの目視確認済み,34.713963,135.516697
北区,長柄東住宅,長柄東住宅５号館,45.0,1983.0,43.0,A,継続活用,北区長柄東２丁目６番５号,bldg_c36bb576-3c33-41ba-84f5-7cc55748fcc2,1,16.3,,6.0,不明,1.31,0.8,,9.0,1.31,,1階まで,,PLATEAU建物,団地ごとの目視確認済み,34.714362,135.516662
北区,長柄東住宅,長柄東住宅６号館,70.0,1985.0,41.0,A,継続活用,北区長柄東２丁目６番６号,bldg_bee28f77-ac19-4b2e-a728-be46f5de6ab1,1,43.6,11.0,15.0,RC造,1.23,0.76,,8.0,1.23,,1階まで,,PLATEAU建物,団地ごとの目視確認済み,34.714345,135.516977
北区,長柄東第２住宅,長柄東第２住宅１号館,116.0,1994.0,32.0,A,継続活用,北区長柄東２丁目７番１号,bldg_6006526a-31aa-4ee1-8b0e-a63d9d8de3d5,1,50.8,14.0,18.0,RC造,1.39,0.87,,10.0,1.39,,1階まで,,PLATEAU建物,団地ごとの目視確認済み,34.715338,135.516222
北区,長柄第２住宅,長柄第２住宅１号館,63.0,1976.0,50.0,A,継続活用,北区長柄東３丁目２番３７号,bldg_f42fa8ce-81f4-46ae-9fd2-9a73bd9644c3,1,20.2,7.0,7.0,RC造,1.59,1.14,,12.0,1.59,,1階まで,,PLATEAU建物,団地ごとの目視確認済み,34.717006,135.51551
城東区,すみれ住宅,すみれ住宅１号館,20.0,1968.0,58.0,A,建替(Ⅰ),城東区今福東３丁目１２番１号,bldg_07be4e7b-9429-4fde-bcb6-a09321eb7c89,1,14.2,5.0,5.0,RC造,2.14,2.14,,142.0,0.01,,1階まで,,PLATEAU建物,団地ごとの目視確認済み,34.704998,135.558968
城東区,すみれ住宅,すみれ住宅１０号館,20.0,1970.0,56.0,A,建替(Ⅱ),城東区今福東３丁目４番１０号,bldg_e8aeb7a5-10f0-4159-a121-483c51bc831f,1,14.4,5.0,5.0,RC造,2.01,2.01,,136.0,0.13,,1階まで,,PLATEAU建物,団地ごとの目視確認済み,34.705096,135.555767
城東区,すみれ住宅,すみれ住宅１１号館,24.0,1970.0,56.0,A,建替(Ⅱ),城東区今福東３丁目３番１１号,bldg_a91b7b6c-feee-4885-81d9-a58c2b807cea,1,12.0,,4.0,不明,1.75,1.75,,121.0,,,1階まで,,PLATEAU建物,団地ごとの目視確認済み,34.705202,135.555266
城東区,すみれ住宅,すみれ住宅１２号館,30.0,1970.0,56.0,A,建替(Ⅱ),城東区今福東３丁目３番１２号,bldg_3ee7e689-0320-4d90-9862-991d63dfd17c,1,14.3,5.0,5.0,RC造,1.74,1.74,,119.0,,,1階まで,,PLATEAU建物,団地ごとの目視確認済み,34.704893,135.555297
城東区,すみれ住宅,すみれ住宅１３号館,10.0,1975.0,51.0,A,継続活用,城東区今福東３丁目１３番１３号,bldg_566af460-e72b-4e4a-ab07-076238182ecd,1,14.2,5.0,5.0,RC造,2.25,2.25,,147.0,0.3,,1階まで,,PLATEAU建物,団地ごとの目視確認済み,34.704708,135.558338
城東区,すみれ住宅,すみれ住宅２号館,40.0,1968.0,58.0,A,建替(Ⅰ),城東区今福東３丁目１２番２号,bldg_f517612b-bfad-4a05-89e4-616733839e3f,1,14.4,5.0,5.0,RC造,1.98,1.98,,134.0,0.23,,1階まで,,PLATEAU建物,団地ごとの目視確認済み,34.705165,135.558575
城東区,すみれ住宅,すみれ住宅３号館,20.0,1969.0,57.0,A,建替(Ⅰ),城東区今福東３丁目１１番３号,bldg_0049ab5f-2cc7-4bca-9bb8-30a0955ff75a,1,14.3,5.0,5.0,RC造,2.08,2.08,,139.0,0.12,,1階まで,,PLATEAU建物,団地ごとの目視確認済み,34.705045,135.558056
城東区,すみれ住宅,すみれ住宅４号館,50.0,1969.0,57.0,A,建替(Ⅰ),城東区今福東３丁目１１番４号,bldg_fd848e76-9e7f-423e-96ee-cf5deffb4991,1,14.5,5.0,5.0,RC造,2.11,2.11,,141.0,0.01,,1階まで,,PLATEAU建物,団地ごとの目視確認済み,34.704968,135.557545
城東区,すみれ住宅,すみれ住宅５号館,20.0,1969.0,57.0,A,建替(Ⅰ),城東区今福東３丁目１１番５号,bldg_3b2614ce-cd38-4a1f-bd9c-273bfb271550,1,14.5,5.0,5.0,RC造,2.14,2.14,,142.0,0.07,,1階まで,,PLATEAU建物,団地ごとの目視確認済み,34.705068,135.557047
城東区,すみれ住宅,すみれ住宅６号館,32.0,1970.0,56.0,A,建替(Ⅱ),城東区古市１丁目１４番６号,bldg_52f99a06-648a-4d5d-820a-015714e8ef50,1,11.7,4.0,4.0,RC造,2.14,2.14,,142.0,0.04,,1階まで,,PLATEAU建物,団地ごとの目視確認済み,34.705398,135.557826
城東区,すみれ住宅,すみれ住宅７号館,24.0,1970.0,56.0,A,建替(Ⅱ),城東区古市１丁目１４番７号,bldg_8de2d8a7-c431-425b-810e-84bb5080dd42,1,11.7,4.0,4.0,RC造,2.23,2.23,,146.0,0.26,,1階まで,,PLATEAU建物,団地ごとの目視確認済み,34.705414,135.557313
城東区,すみれ住宅,すみれ住宅８号館,20.0,1970.0,56.0,A,建替(Ⅱ),城東区今福東３丁目４番８号,bldg_be94fe45-abfb-4c49-b0a4-6014713d8f10,1,14.3,5.0,5.0,RC造,2.14,2.14,,142.0,0.05,,1階まで,,PLATEAU建物,団地ごとの目視確認済み,34.705073,135.556778
城東区,すみれ住宅,すみれ住宅９号館,50.0,1970.0,56.0,A,建替(Ⅱ),城東区今福東３丁目４番９号,bldg_b04693fe-d960-4738-9e5b-2985d9c100d4,1,14.4,5.0,5.0,RC造,2.19,2.19,,144.0,0.19,,1階まで,,PLATEAU建物,団地ごとの目視確認済み,34.704999,135.556268
城東区,すみれ北住宅,すみれ北住宅１号館,30.0,1969.0,57.0,A,建替(Ⅱ),城東区古市１丁目２０番１号,bldg_17b477d2-f629-48e6-b903-73d386258bc3,1,14.2,5.0,5.0,RC造,1.95,1.95,,134.0,0.14,,1階まで,,PLATEAU建物,団地ごとの目視確認済み,34.707772,135.559256
城東区,すみれ北住宅,すみれ北住宅２号館,40.0,1969.0,57.0,A,建替(Ⅱ),城東区古市１丁目２０番２号,bldg_c76e4b8e-b47a-4a55-b212-7d6ec3c674bb,1,14.2,5.0,5.0,RC造,1.82,1.82,,127.0,0.07,,1階まで,,PLATEAU建物,団地ごとの目視確認済み,34.707791,135.558613
城東区,中浜住宅,中浜住宅１号館,30.0,1978.0,48.0,A,継続活用,城東区森之宮２丁目６番１８号,bldg_603ce9e9-76ab-4557-bb80-ce06aeb949c7,1,14.3,5.0,5.0,RC造,2.35,2.35,,59.0,,,1階まで,,PLATEAU建物,団地ごとの目視確認済み,34.681859,135.539665
城東区,今福中住宅,今福中住宅１号館,154.0,1970.0,56.0,B,建替(Ⅰ),城東区今福東１丁目２番１号,bldg_23b13ddb-9dfd-4c05-a26e-76b67f47f49b,1,38.0,11.0,13.0,RC造,2.03,2.03,0.06,133.0,,0.04,1階まで,,PLATEAU建物,団地ごとの目視確認済み,34.699581,135.55443
城東区,今福中住宅,今福中住宅２号館,154.0,1970.0,56.0,B,建替(Ⅰ),城東区今福東１丁目２番２号,bldg_97199e51-3606-4c90-a3d1-273797c6e6b3 bldg_1e0a6337-bc4c-47d9-9c2a-ffe68ccf9a7e,2,38.2,11.0,13.0,RC造,2.32,2.32,0.24,146.0,,0.3,1階まで,,PLATEAU建物,団地ごとの目視確認で修正（2つの建物で1棟）,34.69968,135.555116
城東区,今福中第２住宅,今福中第２住宅１号館,24.0,1971.0,55.0,A,建替(Ⅱ),城東区今福東１丁目１１番１号,bldg_a5a5157a-99f0-4f0d-94e0-2b9e61821ca3,1,11.7,4.0,4.0,RC造,2.32,2.32,0.15,146.0,0.02,0.12,1階まで,,PLATEAU建物,団地ごとの目視確認済み,34.700007,135.558296
城東区,今福中第２住宅,今福中第２住宅２号館,40.0,1971.0,55.0,A,建替(Ⅱ),城東区今福東１丁目１１番２号,bldg_2159411b-04d8-4218-8f92-fd445dff19eb,1,14.3,5.0,5.0,RC造,2.39,2.39,0.25,148.0,,0.22,1階まで,,PLATEAU建物,団地ごとの目視確認済み,34.700086,135.558818
城東区,今福中第２住宅,今福中第２住宅３号館,40.0,1971.0,55.0,A,建替(Ⅱ),城東区今福東１丁目１１番３号,bldg_4829bb93-6fe1-4390-b827-f012c9dc0606,1,14.2,5.0,5.0,RC造,2.28,2.28,0.11,144.0,,0.13,1階まで,,PLATEAU建物,団地ごとの目視確認済み,34.700395,135.558916
城東区,今福中第２住宅,今福中第２住宅４号館,30.0,1971.0,55.0,A,建替(Ⅱ),城東区今福東１丁目１１番４号,bldg_019a03fe-4dab-4bcd-9cda-74d8d9b56df0,1,14.2,5.0,5.0,RC造,2.42,2.42,0.1,150.0,0.11,0.11,1階まで,,PLATEAU建物,団地ごとの目視確認済み,34.700645,135.558613
城東区,今福中第２住宅,今福中第２住宅５号館,30.0,1971.0,55.0,A,建替(Ⅱ),城東区今福東１丁目１１番５号,bldg_af7f26a7-f697-4658-a877-f6bea0c1ddad,1,14.4,5.0,5.0,RC造,2.37,2.37,0.08,148.0,0.1,0.04,1階まで,,PLATEAU建物,団地ごとの目視確認済み,34.700698,135.559045
城東区,今福北住宅,今福北住宅１号館,30.0,1969.0,57.0,A,建替(Ⅱ),城東区今福東３丁目７番１号,bldg_93cd1d1a-a34b-47ff-83b5-a0e2abd44c13,1,14.2,5.0,5.0,RC造,1.94,1.94,,132.0,,,1階まで,,PLATEAU建物,団地ごとの目視確認済み,34.703788,135.556572
城東区,今福北住宅,今福北住宅２号館,24.0,1969.0,57.0,A,建替(Ⅱ),城東区今福東３丁目７番２号,bldg_4dafdbfa-aaf7-431f-889a-bd1757925d96,1,11.7,4.0,4.0,RC造,1.91,1.91,,130.0,,,1階まで,,PLATEAU建物,団地ごとの目視確認済み,34.703576,135.556565
城東区,今福北住宅,今福北住宅３号館,16.0,1970.0,56.0,A,建替(Ⅱ),城東区今福東２丁目３番３号,bldg_a537ddc1-5170-4fb1-9c8b-dc3a825c0236,1,11.8,4.0,4.0,RC造,1.89,1.89,,127.0,,,1階まで,,PLATEAU建物,団地ごとの目視確認済み,34.703357,135.556646
城東区,今福北住宅,今福北住宅４号館,30.0,1970.0,56.0,A,建替(Ⅱ),城東区今福東２丁目３番４号,bldg_e41e8b83-fcdb-43d5-967e-09381ec9e166,1,14.5,5.0,5.0,RC造,1.94,1.94,,131.0,,,1階まで,,PLATEAU建物,団地ごとの目視確認済み,34.70309,135.55654
城東区,今福北住宅,今福北住宅５号館,20.0,1970.0,56.0,A,建替(Ⅱ),城東区今福東２丁目８番５号,bldg_cb82dfff-f258-4dec-ad94-ad7e4e5331bd,1,14.5,5.0,5.0,RC造,1.67,1.67,,114.0,,,1階まで,,PLATEAU建物,団地ごとの目視確認済み,34.702193,135.556946
城東区,今福北住宅,今福北住宅６号館,50.0,1970.0,56.0,A,建替(Ⅱ),城東区今福東２丁目８番６号,bldg_5cf0d88a-803a-418e-870e-1d62e029cb3f,1,14.5,5.0,5.0,RC造,1.8,1.8,,121.0,,,1階まで,,PLATEAU建物,団地ごとの目視確認済み,34.702128,135.557456
城東区,今福北住宅,今福北住宅７号館,20.0,1970.0,56.0,A,建替(Ⅱ),城東区今福東２丁目８番７号,bldg_3d77d166-e15a-4233-be6f-4a391399dd83,1,14.4,5.0,5.0,RC造,2.07,2.07,0.03,136.0,0.05,0.04,1階まで,,PLATEAU建物,団地ごとの目視確認済み,34.702215,135.557952
城東区,今福南住宅,今福南住宅１号館,198.0,1972.0,54.0,A,建替(Ⅱ),城東区今福南４丁目１１番１号,bldg_10858b27-4f23-4e29-a7e2-e58a28047a57,1,40.8,11.0,14.0,RC造,2.04,2.04,0.03,134.0,,0.07,1階まで,,PLATEAU建物,団地ごとの目視確認済み,34.698492,135.554401
城東区,今福南住宅,今福南住宅２号館,198.0,1971.0,55.0,A,建替(Ⅱ),城東区今福南４丁目１１番２号,bldg_f640d826-7aca-45e7-aa60-2432135904af,1,41.5,11.0,14.0,RC造,2.27,2.27,0.23,144.0,,0.08,1階まで,,PLATEAU建物,団地ごとの目視確認済み,34.698589,135.555035
城東区,今福南住宅,今福南住宅３号館,198.0,1971.0,55.0,A,建替(Ⅱ),城東区今福南４丁目１０番３号,bldg_5ba551d5-db53-4b35-8d9e-830a019c52d4,1,42.5,11.0,15.0,RC造,2.45,2.45,0.51,150.0,,0.13,1階まで,,PLATEAU建物,団地ごとの目視確認済み,34.698663,135.555717
城東区,今福南住宅,今福南住宅４号館,198.0,1970.0,56.0,A,建替(Ⅱ),城東区今福南４丁目１０番４号,bldg_44b55303-6ce6-4650-b827-9297afa85e5d,1,41.1,11.0,14.0,RC造,2.5,2.5,0.51,152.0,,0.27,1階まで,,PLATEAU建物,団地ごとの目視確認済み,34.698771,135.556435
城東区,今福南第２住宅,今福南第２住宅１号館,42.0,1977.0,49.0,A,継続活用,城東区今福南４丁目６番４８号,bldg_f81362d0-2665-44e9-97fb-b822b5f44878,1,15.4,5.0,5.0,RC造,2.2,2.2,0.14,141.0,,0.11,1階まで,,PLATEAU建物,団地ごとの目視確認済み,34.697521,135.558971
城東区,今福南第２住宅,今福南第２住宅２号館,70.0,1977.0,49.0,A,継続活用,城東区今福南４丁目６番２６号,bldg_157e6f55-4d52-4cab-be94-641520ab3577,1,19.9,7.0,7.0,RC造,2.23,2.23,0.22,142.0,,0.26,1階まで,,PLATEAU建物,団地ごとの目視確認済み,34.697843,135.558889
城東区,今福南第２住宅,今福南第２住宅３号館,142.0,1977.0,49.0,A,継続活用,城東区今福南４丁目６番３７号,bldg_38b3db72-e43e-4943-bc07-5e60faece13e,1,39.9,11.0,14.0,RC造,2.27,2.27,0.24,145.0,,0.21,1階まで,,PLATEAU建物,団地ごとの目視確認済み,34.697945,135.559647
城東区,今福南第３住宅,今福南第３住宅１号館,24.0,1971.0,55.0,A,建替(Ⅰ),城東区今福南４丁目８番１号,bldg_4ec77d55-cdc7-497e-b0aa-e77a48bbcaa4,1,11.8,4.0,4.0,RC造,2.17,2.17,0.12,140.0,,0.11,1階まで,,PLATEAU建物,団地ごとの目視確認済み,34.699364,135.558999
城東区,今福南第３住宅,今福南第３住宅１０号館,7.0,1987.0,39.0,A,継続活用,城東区今福南４丁目７番１３号,bldg_be3171fe-be75-4310-b405-34795e1b7433,1,11.7,4.0,4.0,RC造,2.48,2.48,0.4,151.0,0.01,0.26,1階まで,,PLATEAU建物,団地ごとの目視確認済み,34.69923,135.559768
城東区,今福南第３住宅,今福南第３住宅１１号館,8.0,1987.0,39.0,A,継続活用,城東区今福南４丁目７番１３号,bldg_75bbfb56-652b-4e81-8fc5-afa9da0da0f0,1,11.7,4.0,4.0,RC造,2.47,2.47,0.38,151.0,,0.22,1階まで,,PLATEAU建物,団地ごとの目視確認済み,34.698961,135.559752
城東区,今福南第３住宅,今福南第３住宅２号館,20.0,1971.0,55.0,A,建替(Ⅰ),城東区今福南４丁目８番２号,bldg_866ba529-dc07-4834-9ff8-00155c9b00ec,1,14.1,5.0,5.0,RC造,2.31,2.31,0.2,146.0,,0.17,1階まで,,PLATEAU建物,団地ごとの目視確認済み,34.699083,135.558542
城東区,今福南第３住宅,今福南第３住宅３号館,30.0,1971.0,55.0,A,建替(Ⅰ),城東区今福南４丁目８番３号,bldg_3b7abc56-a05e-45f1-9518-9206b92715ff,1,14.4,5.0,5.0,RC造,2.29,2.29,0.22,145.0,,0.25,1階まで,,PLATEAU建物,団地ごとの目視確認済み,34.699072,135.55896
城東区,今福南第３住宅,今福南第３住宅４号館,20.0,1971.0,55.0,A,建替(Ⅰ),城東区今福南４丁目８番４号,bldg_a8ff43bb-0185-4f68-bdce-b4dc4642f82b,1,14.3,5.0,5.0,RC造,2.39,2.39,0.26,148.0,,0.32,1階まで,,PLATEAU建物,団地ごとの目視確認済み,34.69879,135.55853
城東区,今福南第３住宅,今福南第３住宅５号館,30.0,1971.0,55.0,A,建替(Ⅰ),城東区今福南４丁目８番５号,bldg_18385d19-9231-4769-b226-be8cd92a9b18,1,14.3,5.0,5.0,RC造,2.38,2.38,0.25,148.0,,0.14,1階まで,,PLATEAU建物,団地ごとの目視確認済み,34.69878,135.558955
城東区,今福南第３住宅,今福南第３住宅６号館,30.0,1972.0,54.0,A,建替(Ⅱ),城東区今福南４丁目５番６号,bldg_97ee51d2-dd47-46e9-b652-5470532c7d88,1,14.3,5.0,5.0,RC造,2.36,2.36,0.22,147.0,,0.17,1階まで,,PLATEAU建物,団地ごとの目視確認済み,34.698388,135.55767
城東区,今福南第３住宅,今福南第３住宅７号館,112.0,1972.0,54.0,A,建替(Ⅱ),城東区今福南４丁目９番７号,bldg_29b7db1a-5ca0-439b-98e1-ac3e4ce996b6,1,45.6,14.0,16.0,RC造,2.58,2.58,0.66,154.0,,0.3,1階まで,,PLATEAU建物,団地ごとの目視確認済み,34.698788,135.55717
城東区,今福南第３住宅,今福南第３住宅８号館,88.0,1972.0,54.0,A,建替(Ⅱ),城東区今福南４丁目９番８号,bldg_e5f255c1-2b99-41ea-8e36-df5553566080,1,37.5,11.0,13.0,RC造,2.49,2.49,0.42,151.0,,0.27,1階まで,,PLATEAU建物,団地ごとの目視確認済み,34.699014,135.557614
城東区,今福南第３住宅,今福南第３住宅９号館,8.0,1987.0,39.0,A,継続活用,城東区今福南４丁目７番１３号,bldg_6764e2ec-cc39-4de6-b625-d5c491f50114,1,11.6,4.0,4.0,RC造,2.5,2.5,0.36,152.0,,0.17,1階まで,,PLATEAU建物,団地ごとの目視確認済み,34.6995,135.559785
城東区,古市中第３住宅,古市中第３住宅１号館,105.0,1971.0,55.0,B,建替(Ⅰ),城東区関目１丁目２４番６号,bldg_96d990bc-ac8d-4895-9eea-47afcabb66ac,1,39.8,11.0,14.0,RC造,1.98,1.98,,73.0,0.92,0.03,1階まで,,PLATEAU建物,団地ごとの目視確認済み,34.708996,135.548783
城東区,古市住宅,古市住宅３号館,80.0,1969.0,57.0,B,建替(Ⅰ),城東区関目２丁目１８番３号,bldg_c1283f75-52ec-470f-8419-982a21042f5f,1,39.0,11.0,13.0,RC造,1.58,1.58,,60.0,0.52,,1階まで,,PLATEAU建物,団地ごとの目視確認済み,34.708146,135.553432
城東区,古市住宅,古市住宅４号館,88.0,1969.0,57.0,B,建替(Ⅰ),城東区関目２丁目１８番４号,bldg_06ef6228-43c8-47af-8e8c-a8aff9b37e56,1,39.2,11.0,14.0,RC造,1.64,1.64,,62.0,0.52,,1階まで,,PLATEAU建物,団地ごとの目視確認済み,34.707979,135.55298
城東区,古市住宅,古市住宅５号館,88.0,1969.0,57.0,B,建替(Ⅰ),城東区関目２丁目１８番５号,bldg_6f5bfcdb-6bed-47c2-a441-0efb3d37495a,1,39.1,11.0,13.0,RC造,1.66,1.66,,63.0,0.1,,1階まで,,PLATEAU建物,団地ごとの目視確認済み,34.708316,135.552984
城東区,古市北住宅,古市北住宅１号館,73.0,1979.0,47.0,A,継続活用,城東区古市３丁目１０番９号,bldg_6873c630-df60-4ce2-88f6-44cab18d23ed,1,17.4,6.0,6.0,RC造,1.69,1.69,,126.0,0.22,,1階まで,,PLATEAU建物,団地ごとの目視確認済み,34.713913,135.556614
城東区,古市北第２住宅,古市北第２住宅１号館,30.0,1981.0,45.0,A,継続活用,城東区古市３丁目３番１号,bldg_1e071903-5fd5-4cda-bf5b-60c8107c8af8,1,14.1,5.0,5.0,RC造,1.62,1.62,,119.0,0.16,,1階まで,,PLATEAU建物,団地ごとの目視確認済み,34.714907,135.554946
城東区,古市南住宅,古市南住宅１号館,107.0,1978.0,48.0,A,継続活用,城東区古市１丁目５番１号,bldg_83503ad6-ec8b-405f-9b84-bc1cd41fe8a5,1,33.2,9.0,11.0,RC造,1.62,1.62,,115.0,0.03,,1階まで,,PLATEAU建物,団地ごとの目視確認済み,34.708762,135.555122
城東区,古市南住宅,古市南住宅２号館,90.0,1978.0,48.0,A,継続活用,城東区古市１丁目５番２号,bldg_99ce043a-64aa-4861-8d0d-5e7ab8a37bd7,1,20.1,7.0,7.0,RC造,1.82,1.82,,127.0,0.01,,1階まで,,PLATEAU建物,団地ごとの目視確認済み,34.708367,135.555069
城東区,古市南第２住宅,古市南第２住宅１号館,20.0,1980.0,46.0,A,継続活用,城東区古市１丁目１５番１号,bldg_da50ccb6-b1c8-4f8a-b12d-49de8b9b226e,1,14.0,5.0,5.0,RC造,2.06,2.06,,139.0,0.08,,1階まで,,PLATEAU建物,団地ごとの目視確認済み,34.706037,135.558066
城東区,古市南第２住宅,古市南第２住宅２号館,104.0,1980.0,46.0,A,継続活用,城東区古市１丁目１７番２号,bldg_2e72f1c0-853b-4119-b2e0-05ecc23ef71d bldg_f4c18104-57a9-4251-bc58-9a322751dcab,2,30.4,8.0,10.0,RC造,1.97,1.97,,134.0,0.05,,1階まで,,PLATEAU建物,団地ごとの目視確認で修正（2つの建物で1棟）,34.705908,135.558825
城東区,古市南第３住宅,古市南第３住宅１号館,30.0,1981.0,45.0,A,継続活用,城東区古市１丁目９番１号,bldg_555ec5a8-7d3f-4ec5-afd3-49baafe17470,1,14.2,5.0,5.0,RC造,1.75,1.75,,123.0,0.08,,1階まで,,PLATEAU建物,団地ごとの目視確認済み,34.70791,135.556703
城東区,古市東住宅,古市東住宅１号館,82.0,1994.0,32.0,A,継続活用,城東区古市２丁目５番１号,bldg_e5105116-d020-4dec-9bf8-e177d07a3831 bldg_b50f3bf1-2165-4f78-8421-d98e3b5da204,2,43.6,11.0,15.0,RC造,1.72,1.72,,122.0,0.06,,1階まで,,PLATEAU建物,団地ごとの目視確認で修正（2つの建物で1棟）,34.709258,135.556717
城東区,古市東住宅,古市東住宅１０号館,103.0,2004.0,22.0,A,継続活用,城東区古市２丁目９番１０号,bldg_506c480a-b2ce-4665-8edf-2035791e7d5d bldg_f0489356-7b27-4220-a1ce-d8b512b96167,2,40.1,13.0,14.0,RC造,1.84,1.84,,129.0,0.16,,1階まで,,PLATEAU建物,団地ごとの目視確認で修正（2つの建物で1棟）,34.710182,135.56005
城東区,古市東住宅,古市東住宅２号館,78.0,1994.0,32.0,A,継続活用,城東区古市２丁目５番２号,bldg_2cc8c42a-2f72-4fca-b257-b506f238c6b0,1,51.3,14.0,18.0,RC造,1.66,1.66,,119.0,0.38,,1階まで,,PLATEAU建物,団地ごとの目視確認済み,34.709685,135.556146
城東区,古市東住宅,古市東住宅３号館,149.0,2000.0,26.0,A,継続活用,城東区古市２丁目５番３号,bldg_2f2f303b-ae7d-46c9-898b-eed704aac756,1,44.4,14.0,15.0,RC造,1.7,1.7,,122.0,0.13,,1階まで,,PLATEAU建物,団地ごとの目視確認で修正,34.710206,135.556473
城東区,古市東住宅,古市東住宅４号館,107.0,2001.0,25.0,A,継続活用,城東区古市２丁目５番４号,bldg_8dcc4cd2-9ef5-476a-b67b-71ae650bb1a3 bldg_356ce89c-c8c3-40f6-ac80-fb848d350cc2 bldg_7551d832-245a-42fe-8652-d86971cb030e,3,20.3,7.0,7.0,木造,1.59,1.59,,115.0,0.08,,1階まで,,PLATEAU建物,団地ごとの目視確認で修正（3つの建物で1棟）,34.71062,135.556362
城東区,古市東住宅,古市東住宅５号館,80.0,1994.0,32.0,A,継続活用,城東区古市２丁目５番１５号,bldg_95698622-8823-48b9-b501-cd57e4bba257 bldg_0956fe56-edd9-49fc-a4af-fe366f03d592,2,51.8,14.0,18.0,RC造,1.67,1.67,,120.0,0.17,,1階まで,,PLATEAU建物,団地ごとの目視確認で修正（2つの建物で1棟）,34.709674,135.55678
城東区,古市東住宅,古市東住宅６号館,106.0,1998.0,28.0,A,継続活用,城東区古市２丁目６番６号,bldg_c67c4a38-0cec-4acd-afe8-215b43dcf598 bldg_92d99612-2338-4f4e-b08e-5e069c5a4e24,2,52.1,14.0,18.0,RC造,1.66,1.66,,119.0,0.2,,1階まで,,PLATEAU建物,団地ごとの目視確認で修正（2つの建物で1棟）,34.709466,135.55726
城東区,古市東住宅,古市東住宅７号館,63.0,1998.0,28.0,A,継続活用,城東区古市２丁目６番７号,bldg_0de47206-5b27-4f9b-93e4-7f7b6471c9a0 bldg_e4e2627f-bd7e-496d-bb01-f0c43bc6584c,2,12.7,4.0,4.0,RC造,1.72,1.72,,123.0,0.13,,1階まで,,PLATEAU建物,団地ごとの目視確認で修正（2つの建物で1棟）,34.709658,135.557678
城東区,古市東住宅,古市東住宅８号館,41.0,2004.0,22.0,A,継続活用,城東区古市２丁目６番８号,bldg_bf57f877-47f5-4611-aec6-d4a5373a3b00,1,17.5,6.0,6.0,RC造,1.53,1.53,,111.0,0.21,,1階まで,,PLATEAU建物,団地ごとの目視確認済み,34.710164,135.557323
城東区,古市東住宅,古市東住宅９号館,35.0,2004.0,22.0,A,継続活用,城東区古市２丁目６番９号,bldg_5e429ce3-c9a8-4abe-a86b-0e064b3fb300,1,17.5,6.0,6.0,RC造,1.52,1.52,,110.0,0.18,,1階まで,,PLATEAU建物,団地ごとの目視確認済み,34.710563,135.557422
城東区,古市第２住宅,古市第２住宅１号館,62.0,1976.0,50.0,A,継続活用,城東区関目２丁目１０番１号,bldg_870aed9c-89c9-4841-be11-5e7b02772ae5,1,33.3,9.0,11.0,RC造,1.64,1.64,,63.0,0.56,,1階まで,,PLATEAU建物,団地ごとの目視確認済み,34.70796,135.552391
城東区,放出西住宅,放出西住宅１号館,40.0,1979.0,47.0,A,継続活用,城東区放出西３丁目１５番１号,bldg_138cef81-acd1-4d52-80b7-8d147fb1be67,1,14.2,5.0,5.0,RC造,1.3,1.3,0.66,8.0,,,1階まで,,PLATEAU建物,団地ごとの目視確認済み,34.689577,135.558427
城東区,放出西住宅,放出西住宅２号館,40.0,1979.0,47.0,A,継続活用,城東区放出西３丁目１５番２号,bldg_848fed68-d408-45e1-bf2e-15955cd2ae7d,1,14.2,5.0,5.0,RC造,1.17,1.17,0.63,8.0,,,1階まで,,PLATEAU建物,団地ごとの目視確認済み,34.689975,135.558387
城東区,放出西住宅,放出西住宅３号館,30.0,1979.0,47.0,A,継続活用,城東区放出西３丁目１５番３号,bldg_dfb4769f-ceda-4d7e-b597-4f0215d6773d,1,14.0,5.0,5.0,RC造,1.21,1.21,0.61,8.0,,,1階まで,,PLATEAU建物,団地ごとの目視確認済み,34.690271,135.558457
城東区,放出西住宅,放出西住宅４号館,20.0,1979.0,47.0,A,継続活用,城東区放出西３丁目１５番４号,bldg_6f141bd9-a178-480e-8398-18967e097ae0,1,14.1,5.0,5.0,RC造,1.41,1.41,0.66,9.0,,,1階まで,,PLATEAU建物,団地ごとの目視確認済み,34.690583,135.558451
城東区,放出西住宅,放出西住宅５号館,105.0,1982.0,44.0,A,継続活用,城東区放出西３丁目１６番５号,bldg_39202389-395b-446c-943b-cd08fbec432e,1,39.5,10.0,14.0,RC造,1.48,1.48,0.94,17.0,,,1階まで,,PLATEAU建物,団地ごとの目視確認済み,34.691022,135.558754
城東区,放出西住宅,放出西住宅６号館,99.0,1981.0,45.0,A,継続活用,城東区放出西３丁目１５番６号,bldg_69db07ee-b0ca-447f-b8a3-684643a390ab,1,44.9,11.0,15.0,RC造,1.17,1.17,0.71,9.0,,,1階まで,,PLATEAU建物,団地ごとの目視確認済み,34.690285,135.558988
城東区,放出西住宅,放出西住宅７号館,40.0,1981.0,45.0,A,継続活用,城東区放出西３丁目１３番７号,bldg_945b5608-f35b-4260-8dd4-cee0dcc21877,1,11.5,4.0,4.0,RC造,1.31,1.31,0.54,6.0,,,1階まで,,PLATEAU建物,団地ごとの目視確認済み,34.689161,135.558034
城東区,放出西住宅,放出西住宅８号館,50.0,1981.0,45.0,A,継続活用,城東区放出西３丁目１３番８号,bldg_9436b26f-2dc2-4b4a-ae4e-465c6008ec75,1,14.2,5.0,5.0,RC造,1.39,1.39,0.51,7.0,,,1階まで,,PLATEAU建物,団地ごとの目視確認済み,34.689435,135.557104
城東区,諏訪住宅,諏訪住宅１号館,20.0,1973.0,53.0,A,建替(Ⅱ),城東区諏訪２丁目６番１号,bldg_d29c0e1c-5584-4c68-8532-e76ca0bc8ac0,1,14.3,5.0,5.0,RC造,2.54,2.54,,162.0,,,1階まで,,PLATEAU建物,団地ごとの目視確認済み,34.683979,135.561034
城東区,諏訪住宅,諏訪住宅２号館,40.0,1973.0,53.0,A,建替(Ⅱ),城東区諏訪２丁目６番２号,bldg_58b0d8a4-e61a-448e-83c3-ac68efb3ffc6 bldg_504436b5-e94d-4d89-80d0-7be0ff4ede9d,2,14.4,5.0,5.0,RC造,2.84,2.84,,162.0,,,1階まで,,PLATEAU建物,団地ごとの目視確認で修正（2つの建物で1棟）,34.683857,135.561438
城東区,諏訪住宅,諏訪住宅３号館,30.0,1973.0,53.0,A,建替(Ⅱ),城東区諏訪２丁目６番３号,bldg_94753f96-9cd8-4860-a138-5612e8e96f68 bldg_e23413a9-dea2-412a-a1e4-7290381d5750,2,14.4,5.0,5.0,RC造,2.74,2.74,,161.0,,,1階まで,,PLATEAU建物,団地ごとの目視確認で修正（2つの建物で1棟）,34.683796,135.562016
城東区,諏訪住宅,諏訪住宅４号館,20.0,1973.0,53.0,A,建替(Ⅱ),城東区諏訪２丁目６番４号,bldg_34280d37-701e-4310-a3bb-3c94a490406c,1,14.5,5.0,5.0,RC造,2.44,2.44,,161.0,,,1階まで,,PLATEAU建物,団地ごとの目視確認済み,34.683845,135.562422
城東区,野江住宅,野江住宅１号館,83.0,1988.0,38.0,A,継続活用,城東区野江１丁目８番１号,bldg_b7f4be73-ae80-4057-bd51-39ee1fea0467,1,30.8,7.0,11.0,RC造,2.88,2.88,0.02,91.0,1.64,0.61,1階まで,,PLATEAU建物,団地ごとの目視確認済み,34.701939,135.538298
城東区,野江住宅,野江住宅２号館,35.0,1990.0,36.0,A,継続活用,城東区野江１丁目９番２号,bldg_fd6517b2-3216-4a8a-9ffd-5da38aca23fd,1,14.9,5.0,5.0,RC造,2.79,2.79,0.09,89.0,1.62,0.59,1階まで,,PLATEAU建物,団地ごとの目視確認済み,34.701566,135.538496
城東区,野江北住宅,野江北住宅１号館,29.0,1990.0,36.0,A,継続活用,城東区野江２丁目１１番９号,bldg_792ae4c3-5dd0-4d0f-a48e-6ee683f9fc21,1,26.2,9.0,9.0,RC造,3.18,3.18,,98.0,1.83,0.83,2階まで,,PLATEAU建物,団地ごとの目視確認済み,34.704639,135.53817
城東区,野江第２住宅,野江第２住宅１号館,52.0,1991.0,35.0,A,継続活用,城東区野江１丁目２０番１号,bldg_385d8528-2afd-4e7e-9314-104c489e66c8,1,50.5,14.0,17.0,RC造,2.82,2.82,0.07,89.0,1.51,0.57,1階まで,,PLATEAU建物,団地ごとの目視確認済み,34.700325,135.53909
城東区,野江第２住宅,野江第２住宅２号館,91.0,1991.0,35.0,A,継続活用,城東区野江１丁目１９番２号,bldg_aeea3d53-8529-48b6-8224-aa3ca9e4109b,1,50.4,14.0,17.0,RC造,3.09,3.09,0.13,95.0,1.75,0.81,2階まで,,PLATEAU建物,団地ごとの目視確認済み,34.700831,135.539392
城東区,野江第２住宅,野江第２住宅３号館,54.0,1994.0,32.0,A,継続活用,城東区野江１丁目１８番３号,bldg_5aafbe1f-6a93-4d0c-a630-7053cb9a06cb bldg_0672fd24-bb59-4318-b7de-c3ef0e5193fd,2,14.6,5.0,5.0,RC造,3.09,3.09,0.1,95.0,1.75,0.81,2階まで,,PLATEAU建物,団地ごとの目視確認で修正（2つの建物で1棟）,34.700688,135.539743
城東区,関目住宅,関目住宅１号館,60.0,1982.0,44.0,A,継続活用,城東区関目６丁目１１番１８号,bldg_bc6cbd43-3c19-4caf-8246-964402cf863e,1,14.4,5.0,5.0,RC造,1.87,1.87,,71.0,0.67,,1階まで,,PLATEAU建物,団地ごとの目視確認済み,34.713135,135.55237
城東区,鴫野住宅,鴫野住宅１号館,81.0,1974.0,52.0,A,継続活用,城東区鴫野西５丁目３番１号,bldg_8095d42b-e508-4465-982b-6eab7c4c993f,1,35.2,9.0,12.0,RC造,1.61,1.32,,45.0,1.61,0.05,1階まで,,PLATEAU建物,団地ごとの目視確認済み,34.691737,135.543649
城東区,鴫野住宅,鴫野住宅２号館,116.0,1974.0,52.0,A,継続活用,城東区鴫野西５丁目３番２号,bldg_8ef12df8-9dcb-414a-b235-3bcda108584f,1,34.9,9.0,12.0,RC造,1.49,1.35,,50.0,1.49,,1階まで,,PLATEAU建物,団地ごとの目視確認済み,34.692274,135.543603
城東区,鴫野住宅,鴫野住宅３号館,100.0,1976.0,50.0,A,継続活用,城東区鴫野西５丁目３番３号,bldg_14dbe748-9710-4a15-902b-3abe2ec6305b,1,34.5,9.0,12.0,RC造,1.77,1.77,,49.0,1.75,0.03,1階まで,,PLATEAU建物,団地ごとの目視確認済み,34.692214,135.542564
城東区,鴫野住宅,鴫野住宅４号館,125.0,1976.0,50.0,A,継続活用,城東区鴫野西５丁目３番４号,bldg_d3a61818-5898-4fea-b6ff-fb6576c81e41,1,34.7,9.0,12.0,RC造,1.88,1.86,,51.0,1.88,0.05,1階まで,,PLATEAU建物,団地ごとの目視確認済み,34.691458,135.542639
城東区,鴫野住宅,鴫野住宅５号館,80.0,1976.0,50.0,A,継続活用,城東区鴫野西５丁目３番５号,bldg_9899ed1e-88c6-46e8-b36d-94943d0ca92b,1,34.1,9.0,12.0,RC造,1.85,1.85,,59.0,1.79,0.02,1階まで,,PLATEAU建物,団地ごとの目視確認済み,34.690896,135.542572
城東区,鴫野第２住宅,鴫野第２住宅１号館,206.0,1978.0,48.0,A,継続活用,城東区鴫野西３丁目６番Ａ１号,bldg_3de8dd0d-0a92-4501-81d1-2909c1b43026,1,33.2,8.0,11.0,RC造,1.66,1.66,0.05,39.0,1.59,,1階まで,,PLATEAU建物,団地ごとの目視確認済み,34.693755,135.540798
城東区,鴫野第２住宅,鴫野第２住宅２号館,132.0,1978.0,48.0,A,継続活用,城東区鴫野西３丁目６番Ｂ２号,bldg_cb2b9d19-5ef9-4167-a64c-54dd31a44372,1,20.1,7.0,7.0,RC造,1.6,1.35,0.02,40.0,1.6,,1階まで,,PLATEAU建物,団地ごとの目視確認済み,34.693991,135.542936
城東区,鴫野西住宅,鴫野西住宅１号館,20.0,1978.0,48.0,A,継続活用,城東区鴫野西４丁目５番２１号,bldg_1515f50f-e12f-400c-9ed2-68bb3981461f,1,14.1,5.0,5.0,RC造,2.25,2.25,,75.0,2.18,0.41,1階まで,,PLATEAU建物,団地ごとの目視確認済み,34.690668,135.539966
大正区,三軒家住宅,三軒家住宅１号館,30.0,1972.0,54.0,A,建替(Ⅱ),大正区泉尾２丁目６番１号,bldg_01d00009-5ba8-40c8-9599-1ea56113a540,1,14.1,5.0,5.0,RC造,5.62,,,,5.62,2.03,2階まで,,PLATEAU建物,団地ごとの目視確認済み,34.659983,135.474264
大正区,三軒家住宅,三軒家住宅２号館,30.0,,,,,大正区泉尾２丁目１番２号,bldg_c5c72f98-eb34-4aa7-a25d-0c9cd78899ed,1,14.0,5.0,5.0,RC造,5.71,,,,5.71,2.11,2階まで,,PLATEAU建物,団地ごとの目視確認済み,34.6599,135.474562
大正区,三軒家住宅,三軒家住宅３号館,30.0,1972.0,54.0,A,建替(Ⅱ),大正区泉尾２丁目５番３号,bldg_c912f0e3-5860-4391-b1c7-e6855cd11990,1,13.8,5.0,5.0,RC造,5.69,,,,5.69,2.09,2階まで,,PLATEAU建物,団地ごとの目視確認済み,34.659454,135.47404
大正区,三軒家住宅,三軒家住宅４号館,30.0,1972.0,54.0,A,建替(Ⅱ),大正区泉尾２丁目２番４号,bldg_1d04951a-360e-4aab-8470-399d2255c733,1,14.0,5.0,5.0,RC造,5.71,,,,5.71,2.11,2階まで,,PLATEAU建物,団地ごとの目視確認済み,34.65937,135.474334
大正区,三軒家住宅,三軒家住宅５号館,20.0,1972.0,54.0,A,建替(Ⅱ),大正区泉尾２丁目４番５号,bldg_0f8d46e0-9276-4d49-bdbc-d8de2e2dd03e,1,14.0,5.0,5.0,RC造,5.51,,,,5.51,1.92,2階まで,,PLATEAU建物,団地ごとの目視確認済み,34.659017,135.473852
大正区,三軒家住宅,三軒家住宅６号館,20.0,1972.0,54.0,A,建替(Ⅱ),大正区泉尾２丁目３番６号,bldg_64a16a8a-a297-4f28-aae0-89dc1b8a4d52,1,14.0,5.0,5.0,RC造,5.51,,,,5.51,1.92,2階まで,,PLATEAU建物,団地ごとの目視確認済み,34.658922,135.474144
大正区,三軒家住宅,三軒家住宅７号館,68.0,1974.0,52.0,A,継続活用,大正区泉尾２丁目７番７号,bldg_5200d185-c7b9-44b9-81e9-eb498e8c2e76,1,38.6,11.0,13.0,RC造,5.64,,,,5.64,2.04,2階まで,,PLATEAU建物,団地ごとの目視確認済み,34.660091,135.473819
大正区,三軒家住宅,三軒家住宅８号館,80.0,,,,,大正区泉尾２丁目８番８号,bldg_784ef991-d10c-4dd4-a049-78b94417587a,1,38.4,11.0,13.0,RC造,5.49,,,,5.49,1.96,2階まで,,PLATEAU建物,団地ごとの目視確認済み,34.659579,135.473635
大正区,三軒家住宅,三軒家住宅９号館,66.0,1974.0,52.0,A,継続活用,大正区泉尾２丁目９番９号,bldg_234073b4-8f3f-4f3e-860b-e0e62799ae99,1,36.9,11.0,13.0,RC造,5.51,,,,5.51,1.95,2階まで,,PLATEAU建物,団地ごとの目視確認済み,34.659119,135.473419
大正区,北村住宅,北村住宅１号館,70.0,1979.0,47.0,A,継続活用,大正区北村２丁目１４番１号,bldg_0bca3e98-d027-450a-a5df-b32f37fec4e4,1,36.1,10.0,12.0,RC造,3.6,,,,3.6,0.23,2階まで,,PLATEAU建物,団地ごとの目視確認済み,34.651816,135.465354
大正区,千島住宅,千島住宅1号館,139.0,2022.0,4.0,A,継続活用,大正区小林東２丁目３番５号,,0,,,,,,,,,,,データなし,,位置のみ（建物なし）,団地ごとの目視確認済み,34.646989,135.474078
大正区,千島住宅,千島住宅５号館,32.0,1970.0,56.0,A,建替(Ⅰ),大正区小林東２丁目３番５号,bldg_87bbfdc9-2fa5-4c1e-8175-977490f9b83b,1,14.6,5.0,5.0,RC造,3.07,,,,3.07,0.07,2階まで,,PLATEAU建物,団地ごとの目視確認で修正,34.647469,135.474241
大正区,千島第２住宅,千島第２住宅１号館,30.0,1971.0,55.0,A,建替(Ⅱ),大正区千島３丁目９番１号,bldg_7018c29a-83d5-4127-a229-ee54a71772a3,1,14.5,5.0,5.0,RC造,3.21,,,,3.21,0.16,2階まで,,PLATEAU建物,団地ごとの目視確認済み,34.650444,135.469922
大正区,千島第２住宅,千島第２住宅２号館,30.0,1971.0,55.0,A,建替(Ⅰ),大正区千島３丁目９番２号,bldg_30ce5f7d-f8df-4833-866e-8f6f76577b68,1,14.0,5.0,5.0,RC造,3.08,,,,3.08,0.09,2階まで,,PLATEAU建物,団地ごとの目視確認済み,34.650453,135.47041
大正区,千島第２住宅,千島第２住宅３号館,30.0,1971.0,55.0,A,建替(Ⅱ),大正区千島３丁目９番３号,bldg_6f96a7d0-aa40-456c-a337-f5ef66d49ba5,1,14.6,5.0,5.0,RC造,3.18,,,,3.18,0.11,2階まで,,PLATEAU建物,団地ごとの目視確認済み,34.650682,135.469971
大正区,千島第２住宅,千島第２住宅４号館,30.0,1971.0,55.0,A,建替(Ⅰ),大正区千島３丁目９番４号,bldg_db1526bd-a799-437a-ba59-4ec5ea1c4bb7,1,14.0,5.0,5.0,RC造,2.96,,,,2.96,0.1,2階まで,,PLATEAU建物,団地ごとの目視確認済み,34.650692,135.47046
大正区,千島第２住宅,千島第２住宅５号館,30.0,1971.0,55.0,A,建替(Ⅱ),大正区千島３丁目９番５号,bldg_e20ac7e0-3f19-48f0-99f5-2b68d27222a5,1,14.5,5.0,5.0,RC造,3.1,,,,3.1,0.01,2階まで,,PLATEAU建物,団地ごとの目視確認済み,34.650919,135.470019
大正区,千島第２住宅,千島第２住宅６号館,30.0,1971.0,55.0,A,建替(Ⅰ),大正区千島３丁目９番６号,bldg_3f069b7b-5fc7-4f49-a0d6-e598c1ef2292,1,14.2,5.0,5.0,RC造,3.02,,,,3.02,0.04,2階まで,,PLATEAU建物,団地ごとの目視確認済み,34.650929,135.470508
大正区,千島第２住宅,千島第２住宅７号館,30.0,1971.0,55.0,A,建替(Ⅱ),大正区千島３丁目９番７号,bldg_2d376d74-744e-48af-9bff-dd10395309b2,1,14.6,5.0,5.0,RC造,3.3,,,,3.3,,2階まで,,PLATEAU建物,団地ごとの目視確認済み,34.651158,135.470068
大正区,千島第２住宅,千島第２住宅８号館,30.0,1971.0,55.0,A,建替(Ⅰ),大正区千島３丁目９番８号,bldg_becbc7ec-4445-4c06-8fab-2d01b2409eb4 bldg_84aa684d-4080-4b2f-a726-c7ee59e3f2b7,2,15.2,5.0,5.0,RC造,3.46,,,,3.46,0.05,2階まで,,PLATEAU建物,団地ごとの目視確認で修正（2つの建物で1棟）,34.651168,135.470557
大正区,大浪住宅,大浪住宅１号館,30.0,1973.0,53.0,A,継続活用,大正区三軒家東２丁目５番１号,bldg_8fa7d380-756c-4d64-b783-b4bb83322e62,1,14.5,5.0,5.0,RC造,5.23,,,,5.23,1.64,2階まで,,PLATEAU建物,団地ごとの目視確認済み,34.662439,135.479652
大正区,大浪住宅,大浪住宅２号館,20.0,1973.0,53.0,A,継続活用,大正区三軒家東２丁目５番２号,bldg_0fceb7f7-bce8-42b9-99f1-61c09b1beab0,1,14.3,5.0,5.0,RC造,5.5,,,,5.5,1.91,2階まで,,PLATEAU建物,団地ごとの目視確認済み,34.662193,135.479473
大正区,大浪住宅,大浪住宅３号館,30.0,1973.0,53.0,A,継続活用,大正区三軒家東２丁目５番３号,bldg_f85c5eeb-1a9e-4e48-a920-b16542c563e3,1,14.5,5.0,5.0,RC造,4.83,,,,4.83,1.24,2階まで,,PLATEAU建物,団地ごとの目視確認済み,34.661907,135.479616
大正区,大浪住宅,大浪住宅４号館,44.0,1974.0,52.0,A,継続活用,大正区三軒家東２丁目５番４号,bldg_8a26e138-1c98-40e6-9e0e-b25b365b4f66 bldg_c5204150-e7e0-4255-b7f2-49ed72534573,2,14.6,5.0,5.0,RC造,4.77,,,,4.77,1.18,2階まで,,PLATEAU建物,団地ごとの目視確認済み（2つの建物で1棟）,34.662403,135.480222
大正区,大浪住宅,大浪住宅５号館,44.0,1974.0,52.0,A,継続活用,大正区三軒家東２丁目５番４号,bldg_bb918c36-e4af-4ae7-a19c-d55405eedf16,1,14.2,5.0,5.0,RC造,4.79,,,,4.79,1.2,2階まで,,PLATEAU建物,団地ごとの目視確認済み,34.662125,135.480178
大正区,小林住宅,小林住宅１号館,90.0,1974.0,52.0,A,継続活用,大正区小林東３丁目２２番１号,bldg_aa3b48ba-bcf3-4f4a-993b-e52267990953,1,34.1,9.0,12.0,RC造,3.99,,,,3.99,1.18,2階まで,,PLATEAU建物,団地ごとの目視確認済み,34.643387,135.472926
大正区,小林住宅,小林住宅２号館,99.0,1974.0,52.0,A,継続活用,大正区平尾４丁目１番２号,bldg_52e3f900-d068-4445-98b6-3839c170f495,1,34.0,9.0,12.0,RC造,3.84,,,,3.84,1.17,2階まで,,PLATEAU建物,団地ごとの目視確認済み,34.642826,135.472829
大正区,小林住宅,小林住宅３号館,98.0,1977.0,49.0,A,継続活用,大正区小林東２丁目１２番３号,bldg_1053d5b8-1999-4bf3-9190-757ec3e7b1c9,1,33.9,9.0,12.0,RC造,3.75,,,,3.75,0.94,2階まで,,PLATEAU建物,団地ごとの目視確認済み,34.643238,135.473915
大正区,小林住宅,小林住宅４号館,90.0,1977.0,49.0,A,継続活用,大正区平尾２丁目２４番４号,bldg_3aeb3362-e052-472d-a19b-468fddd97694,1,20.2,7.0,7.0,RC造,3.8,,,,3.8,1.01,2階まで,,PLATEAU建物,団地ごとの目視確認済み,34.642754,135.473658
大正区,小林住宅,小林住宅５号館,42.0,1977.0,49.0,A,継続活用,大正区平尾２丁目２３番５号,bldg_2f55848c-8436-4db2-a36c-51581c02bed4,1,20.3,7.0,7.0,RC造,3.63,,,,3.63,0.98,2階まで,,PLATEAU建物,団地ごとの目視確認済み,34.642151,135.473594
大正区,泉尾住宅,泉尾住宅１号館,30.0,1972.0,54.0,A,建替(Ⅱ),大正区泉尾４丁目１９番１号,bldg_7c8ac3bb-4a7c-4458-bab8-d73698b83751,1,14.2,5.0,5.0,RC造,5.51,,,,5.51,1.91,2階まで,,PLATEAU建物,団地ごとの目視確認済み,34.656364,135.470553
大正区,泉尾住宅,泉尾住宅２号館,30.0,1972.0,54.0,A,建替(Ⅱ),大正区泉尾４丁目１９番２号,bldg_a52f5b56-e1a1-4ed8-8396-ebe48bda5b88,1,14.2,5.0,5.0,RC造,5.43,,,,5.43,1.83,2階まで,,PLATEAU建物,団地ごとの目視確認済み,34.656462,135.470253
大正区,泉尾住宅,泉尾住宅３号館,10.0,1972.0,54.0,A,建替(Ⅱ),大正区泉尾４丁目１８番３号,bldg_dc79408b-e2aa-4fd1-8ee1-c6ec1f33c2f9,1,14.2,5.0,5.0,RC造,5.46,,,,5.46,1.86,2階まで,,PLATEAU建物,団地ごとの目視確認済み,34.656837,135.470447
大正区,泉尾第２住宅,泉尾第２住宅１号館,176.0,1971.0,55.0,B,建替(Ⅰ),大正区泉尾７丁目１４番１号,bldg_d4c47a72-0309-4ada-a797-3875ab603390,1,38.5,11.0,13.0,RC造,2.27,,,,2.27,,1階まで,,PLATEAU建物,団地ごとの目視確認済み,34.655737,135.466209
大正区,泉尾第２住宅,泉尾第２住宅２号館,167.0,1971.0,55.0,B,建替(Ⅰ),大正区泉尾７丁目１４番２号,bldg_72732d4e-b1bd-4965-b7a9-eb39245afd35,1,37.8,11.0,13.0,RC造,1.77,,,,1.77,,1階まで,,PLATEAU建物,団地ごとの目視確認済み,34.655857,135.465811
大正区,泉尾第３住宅,泉尾第３住宅１号館,220.0,1971.0,55.0,B,建替(Ⅱ),大正区北恩加島１丁目３番１号,bldg_9c952c68-dc5d-4e28-a262-93467356780d,1,39.6,11.0,14.0,RC造,1.89,,,,1.89,0.08,1階まで,,PLATEAU建物,団地ごとの目視確認済み,34.654083,135.465148
大正区,泉尾第４住宅,泉尾第４住宅5号館,138.0,2019.0,7.0,A,継続活用,大正区泉尾７丁目１３番１号,,0,,,,,,,,,,,データなし,,位置のみ（建物なし）,団地ごとの目視確認済み,34.656197,135.463569
大正区,泉尾第４住宅,泉尾第４住宅１号館,174.0,1970.0,56.0,B,建替(Ⅰ),大正区泉尾７丁目１３番１号,bldg_7722b6cd-12ea-4376-b920-4c91e34869ea,1,38.6,11.0,13.0,RC造,2.26,,,,2.26,,1階まで,,PLATEAU建物,団地ごとの目視確認済み,34.65597,135.465388
大正区,泉尾第４住宅,泉尾第４住宅２号館,154.0,,,,,大正区泉尾７丁目１３番２号,bldg_7f3a4a42-f766-4fae-9885-7bd66fdaaeaa,1,38.4,11.0,13.0,RC造,2.0,,,,2.0,,1階まで,,PLATEAU建物,団地ごとの目視確認済み,34.655944,135.464675
大正区,泉尾第４住宅,泉尾第４住宅３号館,154.0,1971.0,55.0,B,建替(Ⅱ),大正区泉尾７丁目１３番３号,bldg_e120b1dc-e4b0-4f37-b43a-58d81476869e,1,38.4,11.0,13.0,RC造,2.11,,,,2.11,,1階まで,,PLATEAU建物,団地ごとの目視確認済み,34.656372,135.464766
大正区,泉尾第４住宅,泉尾第４住宅４号館,77.0,1976.0,50.0,A,継続活用,大正区泉尾７丁目１３番４号,bldg_40fb22fb-84b8-4ba6-9569-f7f00c7704f9,1,41.8,11.0,14.0,RC造,1.87,,,,1.87,,1階まで,,PLATEAU建物,団地ごとの目視確認済み,34.65645,135.464111
大正区,泉尾第５住宅,泉尾第５住宅１号館,167.0,1982.0,44.0,A,継続活用,大正区泉尾７丁目１２番１号,bldg_56d7c344-59ec-477b-9ddc-955c032cde25,1,51.6,14.0,18.0,RC造,2.44,,,,2.44,0.01,1階まで,,PLATEAU建物,団地ごとの目視確認済み,34.657224,135.464388
大正区,泉尾第６住宅,泉尾第６住宅１号館,25.0,1983.0,43.0,A,継続活用,大正区泉尾５丁目８番１号,bldg_29ea91f7-2362-4027-87b1-ec000de3099c,1,14.2,5.0,5.0,RC造,4.64,,,,4.64,1.04,2階まで,,PLATEAU建物,団地ごとの目視確認済み,34.653096,135.470908
大正区,鶴町住宅,鶴町住宅3号館,111.0,2020.0,6.0,A,継続活用,大正区鶴町４丁目２番１号,,0,,,,,,,,,,,データなし,,位置のみ（建物なし）,団地ごとの目視確認済み,34.644903,135.454804
大正区,鶴町住宅,鶴町住宅１号館,278.0,2013.0,13.0,A,継続活用,大正区鶴町４丁目２番１号,bldg_a686fcf1-2316-4f55-a488-5a8914ce78b3,1,47.2,14.0,16.0,RC造,4.9,,,,4.9,2.92,2階まで,,PLATEAU建物,団地ごとの目視確認済み,34.643914,135.456373
大正区,鶴町住宅,鶴町住宅２号館,181.0,2016.0,10.0,A,継続活用,大正区鶴町４丁目3番2号,bldg_8d5c43ec-11a9-4e3a-ae02-ea2207a5abea,1,52.9,,18.0,不明,4.82,,,,4.82,2.81,2階まで,,PLATEAU建物,団地ごとの目視確認済み,34.644524,135.455644
大正区,鶴町第２住宅,鶴町第２住宅1号館,126.0,2020.0,6.0,A,継続活用,大正区鶴町１丁目１５番１０号,,0,,,,,,,,,,,データなし,,位置のみ（建物なし）,団地ごとの目視確認済み,34.635767,135.456441
大正区,鶴町第２住宅,鶴町第２住宅１０号館,20.0,,,,,大正区鶴町１丁目１５番１０号,bldg_d8099a83-4c97-4a61-b227-d4e98f81e213,1,14.2,5.0,5.0,RC造,3.82,,,,3.82,1.67,2階まで,,PLATEAU建物,団地ごとの目視確認済み,34.635261,135.457306
大正区,鶴町第２住宅,鶴町第２住宅１１号館,20.0,,,,,大正区鶴町１丁目１５番１１号,bldg_19235155-004a-4124-a959-833049df5a00,1,14.3,5.0,5.0,RC造,3.78,,,,3.78,1.66,2階まで,,PLATEAU建物,団地ごとの目視確認済み,34.635529,135.45733
大正区,鶴町第２住宅,鶴町第２住宅５号館,40.0,,,,,大正区鶴町１丁目１７番５号,bldg_59ffb413-92bb-4e14-ac5b-8973c5f2c19a,1,14.3,5.0,5.0,RC造,3.67,,,,3.67,1.46,2階まで,,PLATEAU建物,団地ごとの目視確認済み,34.635388,135.456586
大正区,鶴町第２住宅,鶴町第２住宅６号館,20.0,,,,,大正区鶴町１丁目１７番６号,bldg_cd2aeb96-85f5-4279-b9dd-2635269464ca,1,14.4,5.0,5.0,RC造,3.98,,,,3.98,1.75,2階まで,,PLATEAU建物,団地ごとの目視確認済み,34.635445,135.456124
大正区,鶴町第２住宅,鶴町第２住宅７号館,20.0,,,,,大正区鶴町１丁目１７番７号,bldg_c515ba62-d3d0-4be9-89d4-40305e3e839f,1,14.7,5.0,5.0,RC造,3.87,,,,3.87,1.65,2階まで,,PLATEAU建物,団地ごとの目視確認済み,34.635179,135.456173
大正区,鶴町第２住宅,鶴町第２住宅８号館,40.0,,,,,大正区鶴町１丁目１７番８号,bldg_1a8cd22e-cc79-4652-8eff-1ee453ac1ce8,1,14.3,5.0,5.0,RC造,3.92,,,,3.92,1.71,2階まで,,PLATEAU建物,団地ごとの目視確認済み,34.635113,135.456598
大正区,鶴町第２住宅,鶴町第２住宅９号館,20.0,,,,,大正区鶴町１丁目１５番９号,bldg_f6ed3456-479a-4a16-8d78-f1e6d131f754,1,14.4,5.0,5.0,RC造,3.92,,,,3.92,1.75,2階まで,,PLATEAU建物,団地ごとの目視確認済み,34.635016,135.457214
大正区,鶴町第３住宅,鶴町第３住宅１号館,104.0,1974.0,52.0,A,継続活用,大正区鶴町３丁目２２番１号,bldg_71d74942-43a7-4176-9c65-50a7b08b0902,1,20.5,7.0,7.0,RC造,4.59,,,,4.59,2.48,2階まで,,PLATEAU建物,団地ごとの目視確認済み,34.642156,135.453761
大正区,鶴町第３住宅,鶴町第３住宅２号館,112.0,1974.0,52.0,A,継続活用,大正区鶴町３丁目２３番２号,bldg_89e81a5f-8b96-4ccb-bd35-48daf5f91893,1,20.6,7.0,7.0,RC造,4.82,,,,4.82,2.49,2階まで,,PLATEAU建物,団地ごとの目視確認済み,34.642533,135.45368
大正区,鶴町第４住宅,鶴町第４住宅１号館,101.0,2017.0,9.0,A,継続活用,大正区鶴町４丁目10番1号,bldg_5ae9cdf7-cba8-41a5-a907-a4423ce654a8,1,5.9,,2.0,不明,4.65,,,,4.65,2.5,2階まで,あり,PLATEAU建物,団地ごとの目視確認済み,34.64291,135.453517
大正区,鶴町第５住宅,鶴町第５住宅３号館,40.0,1969.0,57.0,B,建替(Ⅰ),大正区鶴町３丁目７番３号,bldg_8e063a99-7acd-4183-9e49-346e06ed0b57,1,14.5,5.0,5.0,RC造,4.65,,,,4.65,2.55,2階まで,,PLATEAU建物,団地ごとの目視確認済み,34.642817,135.455622
大正区,鶴町第５住宅,鶴町第５住宅４号館,30.0,1969.0,57.0,A,建替(Ⅰ),大正区鶴町３丁目７番４号,bldg_4f91dde0-cb2c-4afe-9fe7-5404ec705475,1,14.6,5.0,5.0,RC造,4.61,,,,4.61,2.51,2階まで,,PLATEAU建物,団地ごとの目視確認済み,34.64256,135.455645
大正区,鶴町第５住宅,鶴町第５住宅５号館,30.0,1969.0,57.0,A,建替(Ⅰ),大正区鶴町３丁目７番５号,bldg_4559561b-e882-4e5a-ac06-c2dce0f3ad6b,1,14.6,5.0,5.0,RC造,4.81,,,,4.81,2.7,2階まで,,PLATEAU建物,団地ごとの目視確認済み,34.642307,135.455691
大正区,鶴町第５住宅,鶴町第５住宅６号館,40.0,1969.0,57.0,B,建替(Ⅰ),大正区鶴町３丁目６番６号,bldg_2609d832-d305-4cf6-9a67-06289ca8d682,1,14.5,5.0,5.0,RC造,4.6,,,,4.6,2.48,2階まで,,PLATEAU建物,団地ごとの目視確認済み,34.642053,135.455759
大正区,鶴町第５住宅,鶴町第５住宅７号館,30.0,1969.0,57.0,A,建替(Ⅰ),大正区鶴町３丁目６番７号,bldg_b1f8488f-131c-4f67-a02f-a0f9e0a640d7,1,14.4,5.0,5.0,RC造,4.67,,,,4.67,2.53,2階まで,,PLATEAU建物,団地ごとの目視確認済み,34.641799,135.455782
大正区,鶴町第５住宅,鶴町第５住宅８号館,30.0,1969.0,57.0,A,建替(Ⅰ),大正区鶴町３丁目６番８号,bldg_777841f2-6f24-4312-a78a-292192d8e598,1,14.4,5.0,5.0,RC造,4.67,,,,4.67,2.52,2階まで,,PLATEAU建物,団地ごとの目視確認済み,34.641545,135.455827
大正区,鶴町第６住宅,鶴町第６住宅1号館,95.0,2021.0,5.0,A,継続活用,大正区鶴町４丁目１１番３号,,0,,,,,,,,,,,データなし,,位置のみ（建物なし）,団地ごとの目視確認済み,34.644552,135.453863
大正区,鶴町第６住宅,鶴町第６住宅３号館,88.0,,,,,大正区鶴町４丁目１１番３号,bldg_ec3fc758-6b14-45ba-9fae-1afb459cf652,1,37.4,11.0,13.0,RC造,4.37,,,,4.37,2.18,2階まで,,PLATEAU建物,団地ごとの目視確認済み,34.644506,135.453277
大正区,鶴町第６住宅,鶴町第６住宅４号館,88.0,,,,,大正区鶴町４丁目１１番４号,bldg_999ef9ac-7c81-421b-ad0a-033d524bab43,1,37.3,11.0,13.0,RC造,4.34,,,,4.34,2.15,2階まで,,PLATEAU建物,団地ごとの目視確認済み,34.644227,135.453327
大正区,鶴町第６住宅,鶴町第６住宅５号館,88.0,,,,,大正区鶴町４丁目１１番５号,bldg_a944b293-bf59-4523-86b1-8f861add38e6,1,37.2,11.0,13.0,RC造,4.25,,,,4.25,2.12,2階まで,,PLATEAU建物,団地ごとの目視確認済み,34.644347,135.45277
大正区,鶴町第６住宅,鶴町第６住宅６号館,88.0,,,,,大正区鶴町４丁目１１番６号,bldg_01420c62-b9ec-420a-bc45-5203d39acb9c,1,37.2,11.0,13.0,RC造,4.38,,,,4.38,2.13,2階まで,,PLATEAU建物,団地ごとの目視確認済み,34.644064,135.452823
大正区,鶴町第６住宅,鶴町第６住宅７号館,143.0,1972.0,54.0,B,建替(Ⅰ),大正区鶴町４丁目１１番７号,bldg_efc1be08-8f19-4add-8bfa-6cdca8d20ef4,1,39.6,11.0,14.0,RC造,4.36,,,,4.36,2.05,2階まで,,PLATEAU建物,団地ごとの目視確認済み,34.643491,135.452858
大正区,鶴町第７住宅,鶴町第７住宅１号館,20.0,1970.0,56.0,A,建替(Ⅰ),大正区鶴町２丁目１２番１号,bldg_49ceadde-6e27-48ca-80d4-a7e74b9c71ee,1,14.2,5.0,5.0,RC造,4.57,,,,4.57,2.39,2階まで,,PLATEAU建物,団地ごとの目視確認で修正,34.636678,135.455073
大正区,鶴町第７住宅,鶴町第７住宅２号館,20.0,1970.0,56.0,A,建替(Ⅰ),大正区鶴町２丁目１２番２号,bldg_6723339c-6592-4699-82b5-f5e882fd40b9,1,14.0,5.0,5.0,RC造,4.6,,,,4.6,2.33,2階まで,,PLATEAU建物,団地ごとの目視確認済み,34.636644,135.454792
大正区,鶴町第７住宅,鶴町第７住宅３号館,20.0,1970.0,56.0,A,建替(Ⅰ),大正区鶴町２丁目１２番３号,bldg_a4936854-026c-4b90-84d7-bbe02845953e,1,14.0,5.0,5.0,RC造,4.51,,,,4.51,2.22,2階まで,,PLATEAU建物,団地ごとの目視確認済み,34.63661,135.454505
大正区,鶴町第８住宅,鶴町第８住宅１号館,111.0,1984.0,42.0,A,継続活用,大正区鶴町１丁目１２番１号,bldg_2f069d4b-7d05-468a-bce2-0ca44fd85a56,1,30.9,7.0,11.0,RC造,4.49,,,,4.49,2.37,2階まで,,PLATEAU建物,団地ごとの目視確認済み,34.636299,135.458565
大正区,鶴町第９住宅,鶴町第９住宅１号館,125.0,2010.0,16.0,A,継続活用,大正区鶴町２丁目２０番３４号,bldg_84ec5f85-0d4a-4443-9d8d-d13fb4493f3c,1,45.6,,16.0,不明,4.04,,,,4.04,1.78,2階まで,,PLATEAU建物,団地ごとの目視確認済み,34.636932,135.452872
天王寺区,六万体住宅,六万体住宅１号館,40.0,,,,,天王寺区六万体町１番３７号,bldg_4e775c1c-e6e0-4ca9-ab61-d4633e9022c1,1,35.7,9.0,12.0,RC造,0.0,,,,,,なし,,PLATEAU建物,団地ごとの目視確認済み,34.661232,135.515232
天王寺区,勝三第１住宅,勝三第１住宅１号館,155.0,2017.0,9.0,A,継続活用,天王寺区烏ケ辻２丁目8番8号,,0,,,,,,,,,,,データなし,,位置のみ（建物なし）,団地ごとの目視確認済み,34.655361,135.525182
天王寺区,勝山第１住宅,勝山第１住宅１号館,106.0,2014.0,12.0,A,継続活用,天王寺区勝山２丁目１６番７号,bldg_dcd10cd1-3f39-43c3-bf3f-0795055217b2,1,48.4,14.0,17.0,RC造,0.0,,,,,,なし,,PLATEAU建物,団地ごとの目視確認済み,34.653036,135.518738
天王寺区,堂ヶ芝住宅,堂ヶ芝住宅１１号館,135.0,1995.0,31.0,A,継続活用,天王寺区堂ヶ芝２丁目１２番１１号,bldg_711b020a-a8e1-4f49-b6f0-14fa80a5eda4 bldg_fc1a1a98-fb4f-4ff8-9fe6-54f5105c45fb,2,82.3,24.0,28.0,RC造,0.0,,,,,,なし,,PLATEAU建物,団地ごとの目視確認で修正（2つの建物で1棟）,34.659331,135.526052
天王寺区,堂ヶ芝住宅,堂ヶ芝住宅３号館,16.0,,,,,天王寺区堂ヶ芝２丁目１６番３号,bldg_765d9fab-9d59-47e7-8926-8b418a7256a4,1,14.9,5.0,5.0,RC造,0.0,,,,,,なし,,PLATEAU建物,団地ごとの目視確認済み,34.658932,135.525282
天王寺区,小宮住宅,小宮住宅１号館,100.0,2009.0,17.0,A,継続活用,天王寺区小宮町５番１号,bldg_e935a2e9-bfc4-4254-a270-13b3cafc66e2 bldg_d2685f5a-2988-41e3-8af2-a7652f86f911,2,45.1,14.0,16.0,RC造,0.0,,,,,,なし,,PLATEAU建物,団地ごとの目視確認で修正（2つの建物で1棟）,34.660229,135.520341
天王寺区,小宮住宅,小宮住宅２号館,82.0,2010.0,16.0,A,継続活用,天王寺区小宮町２番１３号,bldg_bdc04803-50f9-4f0c-9d5c-33d3e7597f85,1,38.0,12.0,13.0,RC造,0.0,,,,,,なし,,PLATEAU建物,団地ごとの目視確認済み,34.660111,135.52085
天王寺区,空清住宅,空清住宅１号館,63.0,1999.0,27.0,A,継続活用,天王寺区空清町８番１号,bldg_720c881c-b75a-41c7-bfdd-79e171cc5085,1,41.3,11.0,14.0,RC造,0.0,,,,,,なし,,PLATEAU建物,団地ごとの目視確認済み,34.672705,135.522616
天王寺区,筆ヶ崎住宅,筆ヶ崎住宅１号館,278.0,2005.0,21.0,A,継続活用,天王寺区筆ケ崎町６番４１号,bldg_f60cfabd-964d-422c-ba2d-e295b99854b7 bldg_210f583e-c0e4-4fb1-aa8e-3466f22922b2,2,45.6,15.0,16.0,RC造,0.0,,,,,,なし,,PLATEAU建物,団地ごとの目視確認で修正（2つの建物で1棟）,34.663497,135.524083
平野区,加美北住宅,加美北住宅１号館,125.0,1977.0,49.0,A,継続活用,平野区加美北８丁目１４番１号,bldg_be502538-326b-420c-8ad9-8cd0aafd0dcd,1,34.2,9.0,12.0,RC造,1.71,1.71,0.02,25.0,,,1階まで,,PLATEAU建物,団地ごとの目視確認済み,34.634863,135.56512
平野区,加美北住宅,加美北住宅２号館,111.0,1977.0,49.0,A,継続活用,平野区加美北８丁目１８番２号,bldg_d98308d0-fa2c-4143-b019-49e9535a037f,1,31.3,8.0,11.0,RC造,1.76,1.76,0.01,28.0,,,1階まで,,PLATEAU建物,団地ごとの目視確認済み,34.634381,135.565018
平野区,加美北住宅,加美北住宅３号館,30.0,1988.0,38.0,A,継続活用,平野区加美北８丁目７番３号,bldg_6ea16dac-4e09-4906-b5ea-a3c1b37b7980,1,14.7,5.0,5.0,RC造,2.08,2.08,0.16,30.0,,,1階まで,,PLATEAU建物,団地ごとの目視確認済み,34.635371,135.56521
平野区,加美北第２住宅,加美北第２住宅１号館,107.0,1989.0,37.0,A,継続活用,平野区加美北８丁目９番１号,bldg_63bc59a1-8f52-4f59-a888-c5644e969f47,1,37.1,9.0,13.0,RC造,2.23,2.23,0.35,33.0,,,1階まで,,PLATEAU建物,団地ごとの目視確認済み,34.63532,135.563111
平野区,加美北第２住宅,加美北第２住宅２号館,107.0,1991.0,35.0,A,継続活用,平野区加美北８丁目１３番２号,bldg_9647f90e-30f0-497e-8dae-4131a7292a64,1,35.7,9.0,12.0,RC造,2.14,2.14,0.26,32.0,,,1階まで,,PLATEAU建物,団地ごとの目視確認済み,34.634854,135.563041
平野区,加美北第２住宅,加美北第２住宅３号館,119.0,1993.0,33.0,A,継続活用,平野区加美北８丁目１９番３号,bldg_4ecccc10-bb8b-4d36-b992-008ac476de10,1,38.4,10.0,13.0,RC造,2.05,2.05,0.25,30.0,,,1階まで,,PLATEAU建物,団地ごとの目視確認済み,34.634285,135.562985
平野区,加美北第３住宅,加美北第３住宅１号館,135.0,1993.0,33.0,A,継続活用,平野区加美北８丁目２番１号,bldg_668d85de-598c-421f-a5bf-ca9b10240d4b,1,32.9,8.0,11.0,RC造,2.21,2.21,0.39,34.0,,,1階まで,,PLATEAU建物,団地ごとの目視確認済み,34.636416,135.562996
平野区,加美南住宅,加美南住宅１号館,94.0,1992.0,34.0,A,継続活用,平野区加美南１丁目５番１号,bldg_9207e2ca-df8a-450c-b275-542365d3e94f,1,37.0,9.0,13.0,RC造,1.06,1.06,0.34,18.0,,,1階まで,,PLATEAU建物,団地ごとの目視確認済み,34.624994,135.570972
平野区,加美東第１住宅,加美東第１住宅１号館,72.0,2000.0,26.0,A,継続活用,平野区加美東３丁目６番１号,bldg_93498aa0-d409-4940-8ca9-3cfed5490b3a bldg_c360c7df-cf29-4f7c-8279-0163f8949055,2,32.5,8.0,11.0,RC造,2.08,2.08,0.34,28.0,,,1階まで,,PLATEAU建物,団地ごとの目視確認で修正（2つの建物で1棟）,34.632679,135.572281
平野区,加美東第１住宅,加美東第１住宅２号館,72.0,2000.0,26.0,A,継続活用,平野区加美東３丁目５番２号,bldg_1cd63cbf-1c52-44be-9656-eb5213f17709,1,32.6,8.0,11.0,RC造,2.08,2.08,0.34,29.0,,,1階まで,,PLATEAU建物,団地ごとの目視確認済み,34.63271,135.572959
平野区,加美東第１住宅,加美東第１住宅４号館,117.0,1996.0,30.0,A,継続活用,平野区加美東３丁目８番４号,bldg_8984a871-7b29-417b-bce9-1b4b5970fc57,1,52.6,15.0,18.0,RC造,1.71,1.71,0.05,23.0,,,1階まで,,PLATEAU建物,団地ごとの目視確認済み,34.632217,135.573155
平野区,加美東第１住宅,加美東第１住宅６号館,88.0,1996.0,30.0,A,継続活用,平野区加美東３丁目１０番６号,bldg_b7da577e-d78f-43d3-b854-5d7f8dc3c55b,1,47.1,14.0,16.0,RC造,1.81,1.81,0.07,26.0,,,1階まで,,PLATEAU建物,団地ごとの目視確認済み,34.631646,135.573153
平野区,加美東第２住宅,加美東第２住宅4号館,152.0,2019.0,7.0,A,継続活用,平野区加美東６丁目３番１号,,0,,,,,,,,,,,データなし,,位置のみ（建物なし）,団地ごとの目視確認済み,34.62914,135.57483
平野区,加美東第２住宅,加美東第２住宅１号館,48.0,2000.0,26.0,A,継続活用,平野区加美東６丁目３番１号,bldg_7529d469-a400-4099-80d4-47c13d4015ed,1,29.8,7.0,10.0,RC造,1.56,1.56,0.1,21.0,,,1階まで,,PLATEAU建物,団地ごとの目視確認済み,34.630114,135.574263
平野区,加美東第２住宅,加美東第２住宅２号館,41.0,2000.0,26.0,A,継続活用,平野区加美東６丁目３番２号,bldg_802841b4-2036-4d0e-9785-f9fc5f2f35e7,1,29.9,7.0,10.0,RC造,1.57,1.57,0.02,23.0,,,1階まで,,PLATEAU建物,団地ごとの目視確認済み,34.63016,135.575373
平野区,加美東第２住宅,加美東第２住宅３号館,212.0,1996.0,30.0,A,継続活用,平野区加美東６丁目６番３号,bldg_5d968813-8251-41af-b08f-8db66ec52c22,1,47.5,13.0,16.0,RC造,1.89,1.89,0.32,25.0,,,1階まで,,PLATEAU建物,団地ごとの目視確認済み,34.629679,135.574858
平野区,加美正覚寺住宅,加美正覚寺住宅１号館,20.0,1971.0,55.0,A,建替(Ⅱ),平野区加美北６丁目１１番１号,bldg_6946288a-afb4-4933-a898-c5da22928639,1,13.9,5.0,5.0,RC造,1.48,1.48,,24.0,,,1階まで,,PLATEAU建物,団地ごとの目視確認済み,34.634441,135.554484
平野区,加美正覚寺住宅,加美正覚寺住宅２号館,30.0,1971.0,55.0,A,建替(Ⅱ),平野区加美北６丁目１１番２号,bldg_dd83c7f9-8e71-4b9e-ab20-22c23ad3898d,1,13.8,5.0,5.0,RC造,1.4,1.4,,23.0,,,1階まで,,PLATEAU建物,団地ごとの目視確認済み,34.634454,135.554862
平野区,加美正覚寺住宅,加美正覚寺住宅３号館,40.0,1971.0,55.0,A,建替(Ⅰ),平野区加美北６丁目１６番３号,bldg_5c4ba948-87b7-4a1b-9e5c-5123d86fd87c,1,14.0,5.0,5.0,RC造,1.3,1.3,,24.0,,,1階まで,,PLATEAU建物,団地ごとの目視確認済み,34.634204,135.554647
平野区,加美正覚寺住宅,加美正覚寺住宅４号館,40.0,1971.0,55.0,A,建替(Ⅰ),平野区加美北６丁目１６番４号,bldg_dbc0ff47-6386-456e-92db-ac2012f5a34b,1,13.9,5.0,5.0,RC造,1.32,1.32,,23.0,,,1階まで,,PLATEAU建物,団地ごとの目視確認済み,34.633961,135.554678
平野区,加美正覚寺住宅,加美正覚寺住宅５号館,40.0,1971.0,55.0,A,建替(Ⅰ),平野区加美北６丁目１６番５号,bldg_5d46451b-51b9-4294-96f1-a18c93230168,1,13.8,5.0,5.0,RC造,1.14,1.14,,21.0,,,1階まで,,PLATEAU建物,団地ごとの目視確認済み,34.633722,135.554716
平野区,加美正覚寺住宅,加美正覚寺住宅６号館,30.0,1971.0,55.0,A,建替(Ⅰ),平野区加美北６丁目１６番６号,bldg_ce222ffc-f98f-49f1-a680-20726f5689f6,1,13.8,5.0,5.0,RC造,1.05,1.05,,17.0,,,1階まで,,PLATEAU建物,団地ごとの目視確認済み,34.633481,135.554752
平野区,加美正覚寺住宅,加美正覚寺住宅７号館,30.0,1971.0,55.0,A,建替(Ⅱ),平野区加美北６丁目１６番７号,bldg_492ac4ca-8113-4c23-a9e1-e5227a187f3b,1,14.1,5.0,5.0,RC造,1.44,1.44,,25.0,,,1階まで,,PLATEAU建物,団地ごとの目視確認済み,34.634082,135.555196
平野区,加美正覚寺住宅,加美正覚寺住宅８号館,40.0,1971.0,55.0,A,建替(Ⅱ),平野区加美北６丁目１６番８号,bldg_8c1b2643-4f93-4b31-9211-b4556158e048,1,14.0,5.0,5.0,RC造,1.22,1.22,,23.0,,,1階まで,,PLATEAU建物,団地ごとの目視確認済み,34.633633,135.555129
平野区,加美正覚寺住宅,加美正覚寺住宅９号館,20.0,1974.0,52.0,A,建替(Ⅱ),平野区加美北６丁目１５番９号,bldg_bd379460-94e1-433a-b10c-8de930e16868,1,14.1,5.0,5.0,RC造,1.26,1.26,,21.0,,,1階まで,,PLATEAU建物,団地ごとの目視確認済み,34.633443,135.55549
平野区,加美正覚寺東住宅,加美正覚寺東住宅２号館,136.0,1998.0,28.0,A,継続活用,平野区加美正覚寺３丁目９番２号,bldg_26dfd689-e772-4d83-b8cf-bd585f4c75b2,1,49.9,11.0,17.0,RC造,1.92,1.92,0.25,26.0,,,1階まで,,PLATEAU建物,団地ごとの目視確認済み,34.6319,135.562418
平野区,加美正覚寺東住宅,加美正覚寺東住宅３号館,141.0,1995.0,31.0,A,継続活用,平野区加美正覚寺３丁目１１番３号,bldg_49cd30e1-cc98-49f4-8268-e4c816a43324,1,50.2,14.0,17.0,RC造,1.86,1.86,0.26,30.0,,,1階まで,,PLATEAU建物,団地ごとの目視確認済み,34.631255,135.562626
平野区,加美神明第２住宅,加美神明第２住宅１号館,98.0,,,,,平野区加美東２丁目１１番１号,bldg_456bdf31-01e5-4405-b784-8b2a0cdf75f8,1,26.8,7.0,9.0,RC造,1.82,1.82,0.22,22.0,,,1階まで,,PLATEAU建物,団地ごとの目視確認済み,34.630607,135.570792
平野区,加美神明第２住宅,加美神明第２住宅２号館,98.0,1971.0,55.0,B,建替(Ⅰ),平野区加美東２丁目１１番２号,bldg_3b7a74f5-47da-426d-81f9-82dc9da2b61a,1,26.7,7.0,9.0,RC造,1.78,1.78,0.16,24.0,,,1階まで,,PLATEAU建物,団地ごとの目視確認済み,34.630631,135.571451
平野区,加美絹木住宅,加美絹木住宅１号館,30.0,,,,,平野区加美東４丁目８番１号,bldg_26560c2e-05f0-4ddd-80e4-247698d91256,1,14.0,5.0,5.0,RC造,1.5,1.5,0.22,22.0,,,1階まで,,PLATEAU建物,団地ごとの目視確認済み,34.627365,135.566611
平野区,加美絹木住宅,加美絹木住宅２号館,40.0,,,,,平野区加美東４丁目８番２号,bldg_f579caca-81d6-46c3-aaf1-800e17033989,1,14.0,5.0,5.0,RC造,1.55,1.55,0.26,23.0,,,1階まで,,PLATEAU建物,団地ごとの目視確認済み,34.627322,135.566896
平野区,加美絹木住宅,加美絹木住宅３号館,40.0,,,,,平野区加美東４丁目８番３号,bldg_d7b2dd1e-ac91-4ebe-982b-e12852608bd0,1,14.0,5.0,5.0,RC造,1.66,1.66,0.36,23.0,,,1階まで,,PLATEAU建物,団地ごとの目視確認済み,34.627275,135.567102
平野区,加美絹木住宅,加美絹木住宅４号館,30.0,,,,,平野区加美東４丁目８番４号,bldg_63bb249a-7702-4692-a10f-8a78be341e66,1,13.9,5.0,5.0,RC造,1.61,1.61,0.27,25.0,,,1階まで,,PLATEAU建物,団地ごとの目視確認済み,34.627152,135.567392
平野区,加美絹木住宅,加美絹木住宅５号館,20.0,,,,,平野区加美東４丁目８番５号,bldg_af03cc95-4841-49f9-b527-26961b7d2374,1,14.0,5.0,5.0,RC造,1.68,1.68,0.37,27.0,,,1階まで,,PLATEAU建物,団地ごとの目視確認済み,34.627514,135.56738
平野区,加美絹木住宅,加美絹木住宅６号館,20.0,,,,,平野区加美東４丁目８番６号,bldg_7789b320-9dd6-42ee-a8da-4889f6a78d20,1,13.8,5.0,5.0,RC造,1.6,1.6,0.29,23.0,,,1階まで,,PLATEAU建物,団地ごとの目視確認済み,34.627409,135.567669
平野区,加美長沢 中層住宅,加美長沢 中層住宅１号館,40.0,1970.0,56.0,A,建替(Ⅰ),平野区加美北８丁目１番６号,bldg_14936f3a-3e39-4bc0-ace8-9704adae9e41,1,14.1,5.0,5.0,RC造,2.0,2.0,0.18,32.0,,,1階まで,,PLATEAU建物,団地ごとの目視確認済み,34.636407,135.562087
平野区,加美長沢住宅,加美長沢住宅１号館,216.0,1974.0,52.0,A,継続活用,平野区加美北５丁目９番１号,bldg_c9f15fff-a21c-4197-a853-c57496178f95,1,39.0,11.0,13.0,RC造,1.55,1.55,0.14,27.0,,,1階まで,,PLATEAU建物,団地ごとの目視確認済み,34.637552,135.561666
平野区,加美長沢住宅,加美長沢住宅２号館,88.0,1975.0,51.0,A,継続活用,平野区加美北５丁目９番２号,bldg_7d7c3c3b-c776-47ca-aaa5-9ce722f60c18,1,39.0,11.0,13.0,RC造,2.15,2.15,0.35,28.0,,,1階まで,,PLATEAU建物,団地ごとの目視確認済み,34.637427,135.56242
平野区,加美長沢住宅,加美長沢住宅３号館,216.0,1975.0,51.0,A,継続活用,平野区加美北５丁目９番３号,bldg_7e72ba80-76a9-4d4f-b365-2f036d24b63d,1,39.1,11.0,13.0,RC造,1.47,1.47,0.14,26.0,,,1階まで,,PLATEAU建物,団地ごとの目視確認済み,34.637604,135.56324
平野区,加美長沢住宅,加美長沢住宅４号館,88.0,1975.0,51.0,A,継続活用,平野区加美北５丁目９番４号,bldg_db24593e-cd5c-4fd2-bf63-d3fb59922c87,1,39.0,11.0,13.0,RC造,1.97,1.97,0.36,27.0,,,1階まで,,PLATEAU建物,団地ごとの目視確認済み,34.637018,135.5617
平野区,加美長沢住宅,加美長沢住宅５号館,132.0,1975.0,51.0,A,継続活用,平野区加美北５丁目９番５号,bldg_f66753b7-93ff-4061-857d-acdb22d21c45,1,38.7,11.0,13.0,RC造,1.88,1.88,0.17,28.0,,,1階まで,,PLATEAU建物,団地ごとの目視確認済み,34.636985,135.562445
平野区,加美長沢住宅,加美長沢住宅６号館,126.0,1976.0,50.0,B,建替(Ⅰ),平野区加美北５丁目９番６号,bldg_c55cd439-a624-4bb6-bafb-668e5e50fb7e,1,38.7,11.0,13.0,RC造,2.22,2.22,0.39,34.0,,,1階まで,,PLATEAU建物,団地ごとの目視確認で修正,34.637015,135.563274
平野区,加美長沢第３住宅,加美長沢第３住宅１号館,30.0,1972.0,54.0,A,建替(Ⅱ),平野区加美北４丁目１２番１号,bldg_47576d91-89cc-4052-9eb0-d9e3e1779b53,1,14.0,5.0,5.0,RC造,1.69,1.69,0.12,27.0,,,1階まで,,PLATEAU建物,団地ごとの目視確認済み,34.636925,135.560145
平野区,加美長沢第３住宅,加美長沢第３住宅２号館,30.0,1972.0,54.0,A,建替(Ⅱ),平野区加美北４丁目１２番２号,bldg_39636e22-275f-41b9-b128-255311fccdae,1,14.1,5.0,5.0,RC造,1.74,1.74,0.06,26.0,,,1階まで,,PLATEAU建物,団地ごとの目視確認済み,34.637061,135.560549
平野区,加美長沢第３住宅,加美長沢第３住宅３号館,30.0,1972.0,54.0,A,建替(Ⅱ),平野区加美北４丁目１２番３号,bldg_c372db26-c727-42fa-b994-d3e6ca49cedd,1,14.1,5.0,5.0,RC造,1.65,1.65,0.07,27.0,,,1階まで,,PLATEAU建物,団地ごとの目視確認済み,34.636793,135.560562
平野区,北喜連住宅,北喜連住宅２号館,32.0,1968.0,58.0,B,建替(Ⅰ),平野区喜連西１丁目１４番２号,bldg_e303298d-b28b-49eb-9a1a-c7a6a627c0f8,1,14.4,5.0,5.0,RC造,2.81,2.81,1.66,53.0,,,1階まで,,PLATEAU建物,団地ごとの目視確認済み,34.615691,135.543861
平野区,北喜連住宅,北喜連住宅３号館,30.0,1968.0,58.0,B,建替(Ⅰ),平野区喜連西１丁目１４番３号,bldg_56480d20-3101-4f81-af01-f19b77c58908,1,13.9,5.0,5.0,RC造,2.82,2.82,1.67,52.0,,,1階まで,,PLATEAU建物,団地ごとの目視確認済み,34.615454,135.54421
平野区,喜連住宅,喜連住宅１号館,142.0,1992.0,34.0,A,継続活用,平野区喜連７丁目３番１号,bldg_401d9708-24ca-4509-bf65-37440a44dfca,1,46.8,13.0,16.0,RC造,2.24,2.24,1.2,22.0,,,1階まで,,PLATEAU建物,団地ごとの目視確認済み,34.611338,135.557222
平野区,喜連住宅,喜連住宅２号館,120.0,1992.0,34.0,A,継続活用,平野区喜連７丁目４番２号,bldg_9ca13e59-1cd3-466b-8d27-28ffca42450e,1,41.1,11.0,14.0,RC造,1.96,1.96,1.05,20.0,,,1階まで,,PLATEAU建物,団地ごとの目視確認済み,34.610574,135.557035
平野区,喜連住宅,喜連住宅３号館,140.0,1990.0,36.0,A,継続活用,平野区喜連７丁目４番３号,bldg_a6bb7014-3617-4b3f-9898-8fa4cbef028d,1,41.2,11.0,14.0,RC造,1.98,1.98,1.16,18.0,,,1階まで,,PLATEAU建物,団地ごとの目視確認済み,34.609978,135.557059
平野区,喜連北池住宅,喜連北池住宅１号館,30.0,1968.0,58.0,A,建替(Ⅰ),平野区喜連東１丁目３番１号,bldg_b3b3729c-ab5d-4516-9fc5-d3c139924e88,1,13.9,5.0,5.0,RC造,0.31,0.31,0.06,0.0,,,1階まで,,PLATEAU建物,団地ごとの目視確認済み,34.616808,135.560676
平野区,喜連北池住宅,喜連北池住宅１０号館,40.0,1968.0,58.0,A,建替(Ⅰ),平野区喜連東１丁目３番１０号,bldg_6790ff83-a128-4b70-9d61-dffab75a3875,1,13.9,5.0,5.0,RC造,0.22,0.22,,0.0,,,1階まで,,PLATEAU建物,団地ごとの目視確認済み,34.615614,135.560189
平野区,喜連北池住宅,喜連北池住宅１１号館,40.0,1970.0,56.0,A,建替(Ⅰ),平野区喜連東１丁目３番１１号,bldg_d5d08347-d3f5-49fe-84f3-c6a51b47abb8,1,13.9,5.0,5.0,RC造,0.29,0.29,,0.0,,,1階まで,,PLATEAU建物,団地ごとの目視確認済み,34.615306,135.560187
平野区,喜連北池住宅,喜連北池住宅２号館,30.0,1968.0,58.0,A,建替(Ⅰ),平野区喜連東１丁目３番２号,bldg_426056ef-1873-4d88-b093-92f3a7057648,1,13.8,5.0,5.0,RC造,0.29,0.29,,0.0,,,1階まで,,PLATEAU建物,団地ごとの目視確認済み,34.616545,135.560693
平野区,喜連北池住宅,喜連北池住宅３号館,30.0,1968.0,58.0,A,建替(Ⅰ),平野区喜連東１丁目３番３号,bldg_d5a69961-9c1a-422d-8a95-2832cfadc649,1,13.8,5.0,5.0,RC造,0.39,0.39,,0.0,,,1階まで,,PLATEAU建物,団地ごとの目視確認済み,34.616279,135.560709
平野区,喜連北池住宅,喜連北池住宅４号館,30.0,1968.0,58.0,A,建替(Ⅰ),平野区喜連東１丁目３番４号,bldg_ca3bcfd1-3800-4bc3-a12d-4b90dcce0bfd,1,13.9,5.0,5.0,RC造,0.25,0.25,,0.0,,,1階まで,,PLATEAU建物,団地ごとの目視確認済み,34.616017,135.560725
平野区,喜連北池住宅,喜連北池住宅５号館,30.0,1968.0,58.0,A,建替(Ⅰ),平野区喜連東１丁目３番５号,bldg_8717c264-59b5-46f9-982c-ad268ca74303,1,14.0,5.0,5.0,RC造,0.49,0.49,,0.0,,,1階まで,,PLATEAU建物,団地ごとの目視確認済み,34.615752,135.56074
平野区,喜連北池住宅,喜連北池住宅６号館,40.0,1968.0,58.0,A,建替(Ⅰ),平野区喜連東１丁目３番６号,bldg_7831b2b3-3ad1-41f9-aeab-c5ee152974a8,1,14.4,5.0,5.0,RC造,0.04,0.04,0.16,0.0,,,1階まで,,PLATEAU建物,団地ごとの目視確認済み,34.616735,135.560126
平野区,喜連北池住宅,喜連北池住宅７号館,40.0,1968.0,58.0,A,建替(Ⅰ),平野区喜連東１丁目３番７号,bldg_e7255c89-6edb-499e-8f32-39e02e3936d6,1,14.2,5.0,5.0,RC造,0.15,0.15,,0.0,,,1階まで,,PLATEAU建物,団地ごとの目視確認済み,34.616453,135.560141
平野区,喜連北池住宅,喜連北池住宅８号館,40.0,1968.0,58.0,A,建替(Ⅰ),平野区喜連東１丁目３番８号,bldg_47f5ebf1-4a8d-4096-afaa-418392e3ae96,1,13.9,5.0,5.0,RC造,0.11,0.11,,0.0,,,1階まで,,PLATEAU建物,団地ごとの目視確認済み,34.616172,135.560157
平野区,喜連北池住宅,喜連北池住宅９号館,40.0,1968.0,58.0,A,建替(Ⅰ),平野区喜連東１丁目３番９号,bldg_3606dbed-8016-47df-b0e4-29543c307466,1,13.9,5.0,5.0,RC造,0.19,0.19,,0.0,,,1階まで,,PLATEAU建物,団地ごとの目視確認済み,34.615893,135.560175
平野区,喜連第２住宅,喜連第２住宅１号館,213.0,1988.0,38.0,A,継続活用,平野区喜連４丁目１０番１号,bldg_80221c49-ebf9-43c9-b36e-54b444468488,1,42.3,11.0,15.0,RC造,2.27,2.27,1.32,22.0,,,1階まで,,PLATEAU建物,団地ごとの目視確認済み,34.610095,135.554725
平野区,喜連第２住宅,喜連第２住宅２号館,45.0,1988.0,38.0,A,継続活用,平野区喜連４丁目１０番２号,bldg_27f1cedf-5bc1-4ba6-b2ba-25ec298d7cbe,1,14.9,5.0,5.0,RC造,2.5,2.5,1.49,25.0,,,1階まで,,PLATEAU建物,団地ごとの目視確認済み,34.61076,135.554781
平野区,喜連第２住宅,喜連第２住宅３号館,67.0,1990.0,36.0,A,継続活用,平野区喜連４丁目１３番３号,bldg_18034bb1-7cf3-4bac-b9f8-241f9b577a2f,1,27.0,6.0,9.0,RC造,1.99,1.99,0.98,18.0,,,1階まで,,PLATEAU建物,団地ごとの目視確認済み,34.610062,135.555485
平野区,喜連第３住宅,喜連第３住宅１号館,30.0,1982.0,44.0,A,継続活用,平野区喜連東３丁目４番１号,bldg_830b6170-8c3a-423c-8294-91f703840c8f,1,14.1,5.0,5.0,RC造,1.21,1.21,0.55,7.0,,,1階まで,,PLATEAU建物,団地ごとの目視確認済み,34.610008,135.559677
平野区,喜連第３住宅,喜連第３住宅２号館,20.0,1982.0,44.0,A,継続活用,平野区喜連東３丁目４番２号,bldg_d544d55d-e308-4a94-b9a1-8993bc02f7ae,1,14.1,5.0,5.0,RC造,1.05,1.05,0.4,7.0,,,1階まで,,PLATEAU建物,団地ごとの目視確認済み,34.610324,135.559732
平野区,喜連第３住宅,喜連第３住宅３号館,30.0,1984.0,42.0,A,継続活用,平野区喜連東３丁目４番３号,bldg_c07f0b96-b013-4656-8ab2-4612f3b945ec,1,14.0,5.0,5.0,RC造,0.83,0.83,0.28,8.0,,,1階まで,,PLATEAU建物,団地ごとの目視確認済み,34.610634,135.559652
平野区,喜連第３住宅,喜連第３住宅４号館,20.0,1986.0,40.0,A,継続活用,平野区喜連東３丁目２番４号,bldg_d19ea5f3-7e97-4713-b89e-5a17121701dc,1,14.1,5.0,5.0,RC造,0.94,0.94,0.32,10.0,,,1階まで,,PLATEAU建物,団地ごとの目視確認済み,34.610946,135.559674
平野区,喜連第３住宅,喜連第３住宅５号館,16.0,1986.0,40.0,A,継続活用,平野区喜連東３丁目２番５号,bldg_2d4bd830-0200-4e46-b87b-89d75b1faa2d,1,11.7,4.0,4.0,RC造,1.07,1.07,0.15,11.0,,,1階まで,,PLATEAU建物,団地ごとの目視確認済み,34.611243,135.559669
平野区,喜連第３住宅,喜連第３住宅６号館,16.0,1986.0,40.0,A,EV設置,平野区喜連東３丁目２番６号,bldg_f6208851-6878-40e0-8c02-6d0f412773d2,1,11.6,4.0,4.0,RC造,0.86,0.86,0.04,12.0,,,1階まで,,PLATEAU建物,団地ごとの目視確認済み,34.611531,135.559648
平野区,平野市町住宅,平野市町住宅１号館,34.0,1974.0,52.0,B,建替(Ⅰ),平野区平野市町３丁目９番１号,bldg_d873f015-7128-4c40-bd91-2737ebd1b71f,1,27.2,7.0,9.0,RC造,0.09,0.09,,0.0,,,1階まで,,PLATEAU建物,団地ごとの目視確認済み,34.626609,135.557564
平野区,平野市町住宅,平野市町住宅２号館,33.0,1975.0,51.0,B,建替(Ⅰ),平野区平野市町３丁目９番２号,bldg_cdf8e0d2-2278-4ebc-950c-1623ce926595,1,26.1,7.0,9.0,非木造,0.08,0.08,,0.0,,,1階まで,,PLATEAU建物,団地ごとの目視確認済み,34.626433,135.558007
平野区,平野市町住宅,平野市町住宅３号館,20.0,1978.0,48.0,A,継続活用,平野区平野市町３丁目７番３号,bldg_57d5a893-3520-4766-b4d8-9efe710f1aca,1,12.0,4.0,4.0,RC造,1.35,1.35,0.22,17.0,,,1階まで,,PLATEAU建物,団地ごとの目視確認済み,34.625419,135.558412
平野区,平野東住宅,平野東住宅１号館,45.0,1998.0,28.0,A,継続活用,平野区平野南３丁目１０番１号,bldg_6f161e8c-a8ed-4888-ad6c-b29c273cf898,1,35.9,9.0,12.0,RC造,1.52,1.52,0.33,18.0,,,1階まで,,PLATEAU建物,団地ごとの目視確認済み,34.619497,135.560504
平野区,平野東住宅,平野東住宅３号館,70.0,1988.0,38.0,A,継続活用,平野区平野南３丁目９番３号,bldg_174147b4-6099-4396-979d-51862bde69ed,1,39.4,10.0,14.0,RC造,1.52,1.52,0.33,19.0,,,1階まで,,PLATEAU建物,団地ごとの目視確認済み,34.619482,135.561306
平野区,平野東住宅,平野東住宅４号館,111.0,1992.0,34.0,A,継続活用,平野区平野南３丁目１１番４号,bldg_bd77264d-8672-4651-a956-097b2e856cf5,1,50.3,14.0,17.0,RC造,1.12,1.12,0.52,12.0,,,1階まで,,PLATEAU建物,団地ごとの目視確認済み,34.618796,135.561588
平野区,平野東住宅,平野東住宅５号館,142.0,1990.0,36.0,A,継続活用,平野区平野南３丁目１１番５号,bldg_2a594da5-2b43-40d8-91d1-1770582dfde5,1,48.7,13.0,17.0,RC造,1.43,1.43,0.25,16.0,,,1階まで,,PLATEAU建物,団地ごとの目視確認済み,34.618688,135.560781
平野区,平野第２住宅,平野第２住宅１号館,30.0,,,,,平野区平野上町１丁目８番１号,bldg_7c5722ec-128a-4a84-a4ec-2bc4dad33f41,1,14.1,5.0,5.0,RC造,3.58,3.58,1.88,128.0,,,2階まで,,PLATEAU建物,団地ごとの目視確認済み,34.628095,135.549318
平野区,平野第２住宅,平野第２住宅２号館,30.0,,,,,平野区平野上町１丁目８番２号,bldg_7b1f40e7-d4b4-4e2b-8ed4-abe299ec1718,1,14.1,,5.0,不明,3.48,3.48,1.88,126.0,,,2階まで,,PLATEAU建物,団地ごとの目視確認済み,34.627839,135.54932
平野区,平野第２住宅,平野第２住宅３号館,30.0,,,,,平野区平野上町１丁目８番３号,bldg_327e7da8-c7e0-4186-9e11-9e20d1ce902c,1,14.1,5.0,5.0,RC造,3.37,3.37,1.78,117.0,,,2階まで,,PLATEAU建物,団地ごとの目視確認済み,34.62756,135.549326
平野区,東喜連住宅,東喜連住宅１号館,76.0,1999.0,27.0,A,継続活用,平野区喜連東４丁目５番１号,bldg_296aa6bf-6419-4773-b55b-1092182c5120 bldg_baefefe5-3420-4b98-a3e1-dcf98d635a56,2,46.7,13.0,16.0,RC造,0.25,0.25,0.07,0.0,,,1階まで,,PLATEAU建物,団地ごとの目視確認で修正（2つの建物で1棟）,34.612678,135.564269
平野区,東喜連第２住宅,東喜連第２住宅2号館,371.0,2021.0,5.0,A,継続活用,平野区喜連東３丁目6番1号,,0,,,,,,,,,,,データなし,,位置のみ（建物なし）,団地ごとの目視確認済み,34.611144,135.561548
平野区,東喜連第２住宅,東喜連第２住宅１号館,162.0,2017.0,9.0,A,継続活用,平野区喜連東３丁目6番1号,bldg_3c5e43d8-8e38-4f46-9634-d26355b91144,1,12.0,,4.0,不明,0.51,0.51,0.11,0.0,,,1階まで,,PLATEAU建物,団地ごとの目視確認済み,34.611089,135.560762
平野区,東喜連第３住宅,東喜連第３住宅１０号館,30.0,1966.0,60.0,A,建替(Ⅰ),平野区喜連東４丁目３番１０号,bldg_7ea36c85-e3a0-47c7-bc25-32dfde7bd8e8,1,14.0,5.0,5.0,RC造,0.12,0.12,0.04,0.0,,,1階まで,,PLATEAU建物,団地ごとの目視確認済み,34.613271,135.563362
平野区,東喜連第３住宅,東喜連第３住宅１１号館,30.0,1966.0,60.0,A,建替(Ⅰ),平野区喜連東４丁目３番１１号,bldg_b6301785-83bc-484d-8e46-07cf4e73f50b,1,13.9,5.0,5.0,RC造,0.31,0.31,0.14,0.0,,,1階まで,,PLATEAU建物,団地ごとの目視確認済み,34.613255,135.563803
平野区,東喜連第３住宅,東喜連第３住宅１２号館,30.0,1966.0,60.0,A,建替(Ⅰ),平野区喜連東４丁目４番１２号,bldg_52615fea-348b-414a-9a6b-2cfab5fc8751,1,14.1,5.0,5.0,RC造,0.27,0.27,,2.0,,,1階まで,,PLATEAU建物,団地ごとの目視確認済み,34.613289,135.564323
平野区,東喜連第３住宅,東喜連第３住宅１４号館,40.0,1966.0,60.0,A,建替(Ⅰ),平野区喜連東４丁目３番１４号,bldg_162d004d-c181-45cf-80c0-996474f5cd30,1,14.0,5.0,5.0,RC造,0.15,0.15,,0.0,,,1階まで,,PLATEAU建物,団地ごとの目視確認済み,34.612991,135.563665
平野区,東喜連第３住宅,東喜連第３住宅１５号館,40.0,1966.0,60.0,A,建替(Ⅰ),平野区喜連東４丁目３番１５号,bldg_131ddd16-6ed7-48f4-854e-369a44391ede,1,14.1,5.0,5.0,RC造,0.23,0.23,0.13,0.0,,,1階まで,,PLATEAU建物,団地ごとの目視確認済み,34.613053,135.562769
平野区,東喜連第３住宅,東喜連第３住宅１６号館,40.0,1966.0,60.0,A,建替(Ⅱ),平野区喜連東４丁目６番１６号,bldg_59028488-d627-4271-81c8-f5558c23b585,1,14.1,5.0,5.0,RC造,0.36,0.36,0.33,0.0,,,1階まで,,PLATEAU建物,団地ごとの目視確認済み,34.61277,135.562788
平野区,東喜連第３住宅,東喜連第３住宅１７号館,30.0,1966.0,60.0,A,建替(Ⅰ),平野区喜連東４丁目６番１７号,bldg_4eee78d4-a72f-48db-a10e-c1a344d567e1,1,14.1,5.0,5.0,RC造,0.17,0.17,,0.0,,,1階まで,,PLATEAU建物,団地ごとの目視確認済み,34.612727,135.563575
平野区,東喜連第３住宅,東喜連第３住宅１８号館,50.0,1966.0,60.0,A,建替(Ⅰ),平野区喜連東４丁目６番１８号,bldg_0f3aff22-f50f-43e7-bad7-8b4924c88a14,1,14.1,5.0,5.0,RC造,0.22,0.22,0.05,0.0,,,1階まで,,PLATEAU建物,団地ごとの目視確認済み,34.612453,135.563474
平野区,東喜連第３住宅,東喜連第３住宅１９号館,40.0,1967.0,59.0,A,建替(Ⅱ),平野区喜連東４丁目６番１９号,bldg_852ed4d1-d341-49b8-b2a3-6acb866c3316,1,14.2,5.0,5.0,RC造,0.33,0.33,0.03,0.0,,,1階まで,,PLATEAU建物,団地ごとの目視確認済み,34.612491,135.562784
平野区,東喜連第３住宅,東喜連第３住宅２０号館,40.0,1967.0,59.0,A,建替(Ⅱ),平野区喜連東４丁目７番２０号,bldg_33e9f0c5-0703-4bb3-adcc-af4bb2e4606d,1,14.2,5.0,5.0,RC造,0.21,0.21,0.18,0.0,,,1階まで,,PLATEAU建物,団地ごとの目視確認済み,34.612205,135.562812
平野区,東喜連第３住宅,東喜連第３住宅２１号館,40.0,1966.0,60.0,A,建替(Ⅰ),平野区喜連東４丁目７番２１号,bldg_98264fa3-51bc-4093-aabc-e76d7dbc97e5,1,14.2,5.0,5.0,RC造,0.24,0.24,0.06,0.0,,,1階まで,,PLATEAU建物,団地ごとの目視確認済み,34.612178,135.563534
平野区,東喜連第３住宅,東喜連第３住宅４号館,30.0,1967.0,59.0,A,建替(Ⅰ),平野区喜連東４丁目２番４号,bldg_f5ce0aba-5784-4f71-95cc-692ab40a07ef,1,14.1,5.0,5.0,RC造,0.31,0.31,0.03,0.0,,,1階まで,,PLATEAU建物,団地ごとの目視確認済み,34.614187,135.563078
平野区,東喜連第３住宅,東喜連第３住宅５号館,50.0,1967.0,59.0,A,建替(Ⅰ),平野区喜連東４丁目２番５号,bldg_92052958-4daa-4e2e-b520-12a5d1fec54d,1,14.1,5.0,5.0,RC造,0.35,0.35,0.03,0.0,,,1階まで,,PLATEAU建物,団地ごとの目視確認済み,34.61387,135.563126
平野区,東喜連第３住宅,東喜連第３住宅６号館,30.0,1966.0,60.0,A,建替(Ⅰ),平野区喜連東４丁目３番６号,bldg_603a256b-a247-451c-a0fc-0b31c53a45b4,1,14.1,5.0,5.0,RC造,0.2,0.2,0.02,0.0,,,1階まで,,PLATEAU建物,団地ごとの目視確認済み,34.613519,135.563873
平野区,東喜連第３住宅,東喜連第３住宅７号館,30.0,1966.0,60.0,A,建替(Ⅰ),平野区喜連東４丁目３番７号,bldg_9ea2d35b-e6f9-4735-b036-221b3850761e,1,14.4,5.0,5.0,RC造,0.17,0.17,0.03,0.0,,,1階まで,,PLATEAU建物,団地ごとの目視確認済み,34.613538,135.563433
平野区,東喜連第３住宅,東喜連第３住宅８号館,40.0,1966.0,60.0,A,建替(Ⅰ),平野区喜連東４丁目３番８号,bldg_e301f10b-c824-46d3-b472-27b836f7b4dd,1,14.3,5.0,5.0,RC造,0.27,0.27,0.05,0.0,,,1階まで,,PLATEAU建物,団地ごとの目視確認済み,34.613592,135.562792
平野区,東喜連第３住宅,東喜連第３住宅９号館,40.0,1966.0,60.0,A,建替(Ⅰ),平野区喜連東４丁目３番９号,bldg_2636d5d3-15e8-4f6e-9fb6-b7285ea9f388,1,14.1,5.0,5.0,RC造,0.31,0.31,0.0,0.0,,,1階まで,,PLATEAU建物,団地ごとの目視確認済み,34.613321,135.562781
平野区,東喜連第４住宅,東喜連第４住宅１号館,40.0,1987.0,39.0,A,EV設置,平野区喜連東３丁目８番１号,bldg_c0679735-a5b0-4400-a98a-a034c69af4bc,1,14.6,5.0,5.0,RC造,0.38,0.38,0.01,0.0,,,1階まで,,PLATEAU建物,団地ごとの目視確認済み,34.610162,135.561965
平野区,東喜連第４住宅,東喜連第４住宅２号館,167.0,1989.0,37.0,A,継続活用,平野区喜連東５丁目２番２号,bldg_9eb1931d-ea8c-46d3-b76c-f49c053c05a4,1,53.0,14.0,18.0,RC造,0.29,0.29,,0.0,,,1階まで,,PLATEAU建物,団地ごとの目視確認済み,34.610104,135.56299
平野区,東喜連第４住宅,東喜連第４住宅３号館,155.0,1991.0,35.0,A,継続活用,平野区喜連東５丁目３番３号,bldg_77635b7d-42c9-4b75-8511-fb5e1b9002e2,1,50.6,14.0,17.0,RC造,0.13,0.13,,0.0,,,1階まで,,PLATEAU建物,団地ごとの目視確認済み,34.610035,135.564194
平野区,東喜連第４住宅,東喜連第４住宅４号館,40.0,2009.0,17.0,A,継続活用,平野区喜連東５丁目１３番４号,bldg_a1387ad0-d060-4ffb-ae4e-3f1b1571b549,1,23.4,7.0,8.0,RC造,0.17,0.17,,0.0,,,1階まで,,PLATEAU建物,団地ごとの目視確認済み,34.61044,135.56504
平野区,東喜連第４住宅,東喜連第４住宅５号館,134.0,1992.0,34.0,A,継続活用,平野区喜連東５丁目４番５号,bldg_8aa22709-0006-4b17-ba4d-95c8e354700a,1,36.5,9.0,13.0,RC造,0.3,0.3,,0.0,,,1階まで,,PLATEAU建物,団地ごとの目視確認済み,34.609468,135.56393
平野区,東喜連第４住宅,東喜連第４住宅６号館,63.0,1986.0,40.0,A,継続活用,平野区喜連東３丁目１０番６号,bldg_520bc00f-b8dc-4d9b-a530-566970605cd8,1,36.5,9.0,13.0,RC造,0.57,0.57,,0.0,,,1階まで,,PLATEAU建物,団地ごとの目視確認で修正,34.609569,135.562777
平野区,東喜連第４住宅,東喜連第４住宅７号館,70.0,1986.0,40.0,A,継続活用,平野区喜連東３丁目９番７号,bldg_a5d52c77-3de6-40d5-9e4a-894f893f7e48,1,39.8,10.0,14.0,RC造,0.41,0.41,0.03,2.0,,,1階まで,,PLATEAU建物,団地ごとの目視確認済み,34.609615,135.561913
平野区,東喜連第４住宅,東喜連第４住宅８号館,85.0,1994.0,32.0,A,継続活用,平野区喜連東３丁目５番８号,bldg_078cb139-8446-488b-8e29-01abd760ef34 bldg_da303230-2c0b-4cf7-b675-1b00f2cc0933,2,43.6,12.0,15.0,RC造,0.65,0.65,0.24,4.0,,,1階まで,,PLATEAU建物,団地ごとの目視確認で修正（2つの建物で1棟）,34.609638,135.561093
平野区,東喜連第４住宅,東喜連第４住宅９号館,42.0,1995.0,31.0,A,継続活用,平野区喜連東３丁目６番９号,bldg_80063576-b0e5-4610-ab1c-91d0a38a193d,1,29.5,7.0,10.0,RC造,0.35,0.35,0.0,0.0,,,1階まで,,PLATEAU建物,団地ごとの目視確認済み,34.610115,135.561067
平野区,東喜連第５住宅,東喜連第５住宅１号館,161.0,1996.0,30.0,A,継続活用,平野区喜連東４丁目８番１号,bldg_d10465a2-1512-46ae-860c-10aef3c6df10,1,49.6,14.0,17.0,RC造,0.31,0.31,0.09,0.0,,,1階まで,,PLATEAU建物,団地ごとの目視確認済み,34.611961,135.564366
平野区,東喜連第５住宅,東喜連第５住宅２号館,149.0,1997.0,29.0,A,継続活用,平野区喜連東５丁目１番２号,bldg_cac88f37-62ad-4eec-9f3a-bbedc41a003a,1,44.8,12.0,15.0,RC造,0.48,0.48,0.07,0.0,,,1階まで,,PLATEAU建物,団地ごとの目視確認済み,34.611178,135.564304
平野区,瓜破東住宅,瓜破東住宅１号館,34.0,2017.0,9.0,A,継続活用,平野区瓜破東２丁目4番1号,bldg_681b262d-482d-4ec0-88d0-919ffc9ab3fa,1,9.5,3.0,3.0,RC造,1.4,1.4,0.86,6.0,,,1階まで,,PLATEAU建物,団地ごとの目視確認済み,34.608729,135.55967
平野区,瓜破東住宅,瓜破東住宅２号館,272.0,2009.0,17.0,A,継続活用,平野区瓜破東２丁目３番２号,bldg_dedad43c-6e81-40e7-934f-bbbbe60d9f23,1,45.6,14.0,16.0,RC造,1.13,1.13,0.63,6.0,,,1階まで,,PLATEAU建物,団地ごとの目視確認済み,34.607318,135.560016
平野区,瓜破東住宅,瓜破東住宅３号館,130.0,2013.0,13.0,A,継続活用,平野区瓜破東２丁目２番３号,bldg_25b833fb-93b0-4d80-b908-f87fb24dfc3a,1,35.4,14.0,14.0,RC造,1.51,1.51,1.0,6.0,,,1階まで,,PLATEAU建物,団地ごとの目視確認済み,34.60741,135.55933
平野区,瓜破東住宅,瓜破東住宅４号館,31.0,2017.0,9.0,A,継続活用,平野区瓜破東２丁目5番4号,bldg_0cfb21f4-785c-4f2b-8ade-88760b9186aa,1,12.0,,4.0,不明,1.47,1.47,0.96,6.0,,,1階まで,,PLATEAU建物,団地ごとの目視確認済み,34.608294,135.56091
平野区,瓜破東第１住宅,瓜破東第１住宅１号館,45.0,1998.0,28.0,A,継続活用,平野区瓜破東１丁目６番１号,bldg_46718c1a-cb69-4627-9ddc-59a8d655a0b7,1,14.6,5.0,5.0,RC造,0.53,0.53,0.14,2.0,,,1階まで,,PLATEAU建物,団地ごとの目視確認済み,34.607665,135.556726
平野区,瓜破東第１住宅,瓜破東第１住宅２号館,137.0,1992.0,34.0,A,継続活用,平野区瓜破東１丁目６番２号,bldg_8351768a-8d89-4019-829f-c954f04a1725,1,49.0,13.0,17.0,RC造,0.71,0.71,0.32,3.0,,,1階まで,,PLATEAU建物,団地ごとの目視確認済み,34.60712,135.557044
平野区,瓜破東第１住宅,瓜破東第１住宅３号館,40.0,1998.0,28.0,A,継続活用,平野区瓜破東１丁目１２番３号,bldg_e2fcb4d2-76df-4a10-9167-73ccaa5ddace,1,28.1,6.0,10.0,RC造,0.68,0.68,0.03,4.0,,,1階まで,,PLATEAU建物,団地ごとの目視確認済み,34.606679,135.55719
平野区,瓜破東第１住宅,瓜破東第１住宅４号館,40.0,1998.0,28.0,A,継続活用,平野区瓜破東１丁目１１番４号,bldg_d70fc1ff-9ae9-4c14-9b76-dbc91c8b621f,1,27.3,6.0,9.0,RC造,0.39,0.39,0.0,0.0,,,1階まで,,PLATEAU建物,団地ごとの目視確認済み,34.606616,135.55623
平野区,瓜破東第１住宅,瓜破東第１住宅５号館,130.0,1995.0,31.0,A,継続活用,平野区瓜破東１丁目６番５号,bldg_a2968b23-a030-4809-b604-b27fd74c6250,1,49.2,13.0,17.0,RC造,0.46,0.46,0.18,1.0,,,1階まで,,PLATEAU建物,団地ごとの目視確認済み,34.607104,135.556298
平野区,瓜破東第２住宅,瓜破東第２住宅１号館,68.0,2000.0,26.0,A,継続活用,平野区瓜破東２丁目６番１号,bldg_e8ea17e0-54d3-4df7-b5bf-8e01f566b470,1,19.6,7.0,7.0,RC造,1.06,1.06,0.41,5.0,,,1階まで,,PLATEAU建物,団地ごとの目視確認済み,34.606464,135.562848
平野区,瓜破東第２住宅,瓜破東第２住宅２号館,53.0,2004.0,22.0,A,継続活用,平野区瓜破東４丁目５番２号,bldg_8d9d682c-9f5b-4f6b-8e00-bb425425f897,1,28.1,9.0,10.0,RC造,1.0,1.0,0.35,5.0,,,1階まで,,PLATEAU建物,団地ごとの目視確認済み,34.605904,135.563432
平野区,瓜破東第２住宅,瓜破東第２住宅２４号館,198.0,1972.0,54.0,B,建替(Ⅰ),平野区瓜破東２丁目７番２４号,bldg_7295f41b-d5a9-41e6-a3f7-38773379dfa6,1,39.0,11.0,13.0,RC造,0.36,0.36,0.1,0.0,,,1階まで,,PLATEAU建物,団地ごとの目視確認済み,34.607064,135.563991
平野区,瓜破東第２住宅,瓜破東第２住宅２５号館,176.0,1972.0,54.0,B,建替(Ⅱ),平野区瓜破東２丁目７番２５号,bldg_c72561c2-3756-4106-bacb-ccb029bd33d6,1,39.1,11.0,13.0,RC造,0.23,0.23,0.09,0.0,,,1階まで,,PLATEAU建物,団地ごとの目視確認済み,34.607394,135.564636
平野区,瓜破東第２住宅,瓜破東第２住宅２６号館,176.0,1972.0,54.0,A,建替(Ⅱ),平野区瓜破東２丁目７番２６号,bldg_c9e2e37a-92bb-4aa2-a424-17bd7ffbd739,1,39.0,11.0,13.0,RC造,0.56,0.56,0.08,0.0,,,1階まで,,PLATEAU建物,団地ごとの目視確認済み,34.606935,135.56463
平野区,瓜破東第２住宅,瓜破東第２住宅３号館,107.0,2005.0,21.0,A,継続活用,平野区瓜破東４丁目５番３号,bldg_08d6ef9d-4f4c-4c13-bb7e-0f7e32281da7,1,27.1,9.0,9.0,RC造,1.12,1.12,0.61,6.0,,,1階まで,,PLATEAU建物,団地ごとの目視確認済み,34.605806,135.564102
平野区,瓜破東第２住宅,瓜破東第２住宅４号館,229.0,2000.0,26.0,A,継続活用,平野区瓜破東４丁目５番４号,bldg_01bbf604-6e80-4b54-b893-c41da296ff66,1,44.9,14.0,15.0,RC造,1.41,1.41,0.75,6.0,,,1階まで,,PLATEAU建物,団地ごとの目視確認済み,34.605103,135.564175
平野区,瓜破東第２住宅,瓜破東第２住宅５号館,111.0,2008.0,18.0,A,継続活用,平野区瓜破東２丁目７番５号,bldg_038be539-3531-4967-bcbb-254504b553e1,1,25.1,8.0,9.0,RC造,0.83,0.83,0.28,5.0,,,1階まで,,PLATEAU建物,団地ごとの目視確認済み,34.606757,135.563373
平野区,瓜破東１丁目住宅,瓜破東１丁目住宅１号館,,2012.0,14.0,A,継続活用,平野区瓜破東１丁目３番１号,bldg_0ed28353-e986-467e-bf78-5e874ff1f0ac,1,31.0,,11.0,不明,1.84,1.84,1.36,8.0,,,1階まで,,PLATEAU建物,団地ごとの目視確認済み,34.608366,135.557765
平野区,瓜破東１丁目住宅,瓜破東１丁目住宅２号館,,2012.0,14.0,A,継続活用,平野区瓜破東１丁目３番１号,bldg_0ed28353-e986-467e-bf78-5e874ff1f0ac,1,31.0,,11.0,不明,1.84,1.84,1.36,8.0,,,1階まで,,PLATEAU建物,団地ごとの目視確認済み,34.608366,135.557765
平野区,瓜破東１丁目住宅,瓜破東１丁目住宅３号館,32.0,2007.0,19.0,A,継続活用,平野区瓜破東１丁目４番３号,bldg_06c53c9e-3800-48b6-bbe3-2ec4894b0b1c bldg_49756bf4-736a-4a94-a2d7-ee5342a64a9c,2,24.9,,9.0,不明,1.84,1.84,1.33,7.0,,,1階まで,,PLATEAU建物,団地ごとの目視確認で修正（2つの建物で1棟）,34.607697,135.558136
平野区,瓜破東１丁目住宅,瓜破東１丁目住宅４号館,,2007.0,19.0,A,継続活用,平野区瓜破東１丁目４番４号,bldg_a4429ed6-b912-45f1-8169-9f69425f7240,1,42.7,,15.0,不明,1.71,1.71,1.34,7.0,,,1階まで,,PLATEAU建物,団地ごとの目視確認済み,34.607576,135.557844
平野区,瓜破東１丁目住宅,瓜破東１丁目住宅５号館,,2007.0,19.0,A,継続活用,平野区瓜破東１丁目４番４号,bldg_a4429ed6-b912-45f1-8169-9f69425f7240,1,42.7,,15.0,不明,1.71,1.71,1.34,7.0,,,1階まで,,PLATEAU建物,団地ごとの目視確認済み,34.607576,135.557844
平野区,瓜破東８丁目住宅,瓜破東８丁目住宅１号館,30.0,1987.0,39.0,A,継続活用,平野区瓜破東８丁目９番１号,bldg_2e5a7e7b-f65d-45e1-a9f2-7fc903a8e248,1,14.4,5.0,5.0,RC造,0.47,0.47,0.26,0.0,,,1階まで,,PLATEAU建物,団地ごとの目視確認済み,34.599239,135.560394
平野区,瓜破東８丁目住宅,瓜破東８丁目住宅２号館,30.0,1987.0,39.0,A,継続活用,平野区瓜破東８丁目９番２号,bldg_d45a35a9-88fc-40e9-86a3-714c608f424f,1,14.3,5.0,5.0,RC造,0.77,0.77,0.42,4.0,,,1階まで,,PLATEAU建物,団地ごとの目視確認済み,34.598794,135.56047
平野区,瓜破東８丁目住宅,瓜破東８丁目住宅３号館,30.0,1987.0,39.0,A,継続活用,平野区瓜破東８丁目９番３号,bldg_6dd8bdb6-ab2d-4955-8c8e-7cc9b5aa6ef5,1,14.3,5.0,5.0,RC造,1.24,1.24,0.79,6.0,,,1階まで,,PLATEAU建物,団地ごとの目視確認済み,34.598403,135.559928
平野区,瓜破東８丁目住宅,瓜破東８丁目住宅４号館,40.0,1987.0,39.0,A,EV設置,平野区瓜破東８丁目９番４号,bldg_cc450277-59f7-4079-bf6e-f33e1e00e520,1,14.5,5.0,5.0,RC造,0.91,0.91,0.5,5.0,,,1階まで,,PLATEAU建物,団地ごとの目視確認で修正,34.598707,135.559946
平野区,瓜破東８丁目住宅,瓜破東８丁目住宅５号館,20.0,1987.0,39.0,A,継続活用,平野区瓜破東８丁目９番５号,bldg_62b8e28d-6ee0-439d-a94c-f6ff2ac1ed8f,1,14.3,5.0,5.0,RC造,0.75,0.75,0.49,5.0,,,1階まで,,PLATEAU建物,団地ごとの目視確認済み,34.599114,135.559971
平野区,瓜破西住宅,瓜破西住宅10号館,139.0,2008.0,18.0,A,継続活用,平野区瓜破西1丁目,bldg_cc349381-4c08-4385-85aa-653873ced846,1,44.2,,15.0,不明,4.08,4.08,3.08,32.0,,,2階まで,,PLATEAU建物,団地ごとの目視確認済み,34.606448,135.545902
平野区,瓜破西住宅,瓜破西住宅11号館,79.0,2015.0,11.0,A,継続活用,平野区瓜破西1丁目,bldg_2e6e3802-a08f-4eae-a3f2-ee48f983299a,1,26.6,,9.0,不明,4.29,4.29,3.25,42.0,,,2階まで,,PLATEAU建物,団地ごとの目視確認済み,34.606499,135.544753
平野区,瓜破西住宅,瓜破西住宅12号館,87.0,2011.0,15.0,A,継続活用,平野区瓜破西1丁目,bldg_dff6dc88-517b-4172-931b-c466af52817c,1,26.3,,9.0,不明,4.17,4.17,3.19,43.0,,,2階まで,,PLATEAU建物,団地ごとの目視確認済み,34.606973,135.544806
平野区,瓜破西住宅,瓜破西住宅1号館,78.0,1998.0,28.0,A,継続活用,平野区瓜破西1丁目,bldg_770680a3-d541-4e12-b199-2c6a39b5efd7,1,33.0,10.0,11.0,RC造,3.96,3.96,2.92,38.0,,,2階まで,,PLATEAU建物,団地ごとの目視確認で修正,34.607492,135.547119
平野区,瓜破西住宅,瓜破西住宅2号館,89.0,1998.0,28.0,A,継続活用,平野区瓜破西1丁目,bldg_bfc34b01-4331-4971-a517-a83154b97069,1,30.4,9.0,10.0,RC造,4.11,4.11,3.32,46.0,,,2階まで,,PLATEAU建物,団地ごとの目視確認済み,34.60702,135.546026
平野区,瓜破西住宅,瓜破西住宅3号館,225.0,2004.0,22.0,A,継続活用,平野区瓜破西1丁目,bldg_530f361a-eab8-44aa-beda-2ea85a6e19e7,1,39.4,13.0,14.0,RC造,3.85,3.85,2.84,29.0,,,2階まで,,PLATEAU建物,団地ごとの目視確認済み,34.605636,135.547153
平野区,瓜破西住宅,瓜破西住宅4号館,186.0,2008.0,18.0,A,継続活用,平野区瓜破西1丁目,bldg_a6e29491-cae6-4bcd-9559-88d90b535f6a,1,36.0,,12.0,不明,3.68,3.68,2.77,32.0,,,2階まで,,PLATEAU建物,団地ごとの目視確認済み,34.606338,135.547254
平野区,瓜破西住宅,瓜破西住宅6号館,174.0,2015.0,11.0,A,継続活用,平野区瓜破西1丁目,bldg_3325cfaa-ea0b-490e-a826-8d2b50033c89,1,37.9,,13.0,不明,4.41,4.41,3.06,41.0,,,2階まで,,PLATEAU建物,団地ごとの目視確認済み,34.606262,135.54855
平野区,瓜破西住宅,瓜破西住宅7号館,237.0,2011.0,15.0,A,継続活用,平野区瓜破西1丁目,bldg_c3ebb176-b7d7-445a-86ba-a504cc891cdf,1,46.0,,16.0,不明,4.05,4.05,3.05,34.0,,,2階まで,,PLATEAU建物,団地ごとの目視確認済み,34.605411,135.548524
平野区,瓜破西第２住宅,瓜破西第２住宅１号館,223.0,1972.0,54.0,B,建替(Ⅰ),平野区瓜破西１丁目１番１号,bldg_40e629e1-b838-43f4-aba8-3b1ccf71cfb6,1,38.9,11.0,13.0,RC造,3.29,3.29,2.35,33.0,,,2階まで,,PLATEAU建物,団地ごとの目視確認済み,34.607968,135.544597
平野区,瓜破西第２住宅,瓜破西第２住宅２号館,268.0,1972.0,54.0,B,建替(Ⅰ),平野区瓜破西１丁目１番２号,bldg_20cf4cd6-30f7-4145-8a88-8a45aad10886,1,39.3,11.0,14.0,RC造,3.23,3.23,2.29,33.0,,,2階まで,,PLATEAU建物,団地ごとの目視確認済み,34.608278,135.54523
平野区,瓜破２丁目住宅,瓜破２丁目住宅１号館,,2007.0,19.0,A,継続活用,平野区瓜破２丁目４番１号,bldg_61fb5fb1-4633-42b2-a073-931c0597936d,1,44.5,,15.0,不明,2.13,2.13,1.44,12.0,,,1階まで,,PLATEAU建物,団地ごとの目視確認済み,34.606844,135.552096
平野区,瓜破２丁目住宅,瓜破２丁目住宅２号館,,2007.0,19.0,A,継続活用,平野区瓜破２丁目４番１号,bldg_61fb5fb1-4633-42b2-a073-931c0597936d,1,44.5,,15.0,不明,2.13,2.13,1.44,12.0,,,1階まで,,PLATEAU建物,団地ごとの目視確認済み,34.606844,135.552096
平野区,瓜破２丁目住宅,瓜破２丁目住宅３号館,,2011.0,15.0,A,継続活用,平野区瓜破２丁目４番３号,bldg_5e0aae07-7835-4fba-8619-0ce14869ac94,1,43.5,,15.0,不明,2.52,2.52,1.41,13.0,,,1階まで,,PLATEAU建物,団地ごとの目視確認済み,34.607337,135.552968
平野区,瓜破２丁目住宅,瓜破２丁目住宅４号館,,2011.0,15.0,A,継続活用,平野区瓜破２丁目４番３号,bldg_5e0aae07-7835-4fba-8619-0ce14869ac94,1,43.5,,15.0,不明,2.52,2.52,1.41,13.0,,,1階まで,,PLATEAU建物,団地ごとの目視確認済み,34.607337,135.552968
平野区,瓜破２丁目住宅,瓜破２丁目住宅５号館,,2011.0,15.0,A,継続活用,平野区瓜破２丁目４番３号,bldg_5e0aae07-7835-4fba-8619-0ce14869ac94,1,43.5,,15.0,不明,2.52,2.52,1.41,13.0,,,1階まで,,PLATEAU建物,団地ごとの目視確認済み,34.607337,135.552968
平野区,西喜連第２住宅,西喜連第２住宅３号館,30.0,,,,,平野区喜連西３丁目１９番３号,bldg_48b7aa78-dea7-4bf8-9160-c2cdd40678bb,1,14.0,5.0,5.0,RC造,3.35,3.35,2.31,54.0,,,2階まで,,PLATEAU建物,団地ごとの目視確認済み,34.611502,135.545738
平野区,西喜連第２住宅,西喜連第２住宅４号館,60.0,,,,,平野区喜連西３丁目１９番４号,bldg_9991143c-7291-4086-9933-02bcfcd1d8da,1,14.0,5.0,5.0,RC造,3.35,3.35,2.31,57.0,,,2階まで,,PLATEAU建物,団地ごとの目視確認済み,34.611584,135.54623
平野区,西喜連第２住宅,西喜連第２住宅５号館,60.0,,,,,平野区喜連西３丁目１９番４号,bldg_684f2c52-a3c4-4571-aa15-a80f734f7614,1,13.9,5.0,5.0,RC造,3.38,3.38,2.34,58.0,,,2階まで,,PLATEAU建物,団地ごとの目視確認済み,34.611298,135.546233
平野区,西喜連第２住宅,西喜連第２住宅６号館,30.0,,,,,平野区喜連西３丁目１９番６号,bldg_5f86b0d8-9d05-4813-9647-caaf43f35e12,1,13.9,5.0,5.0,RC造,3.28,3.28,2.36,55.0,,,2階まで,,PLATEAU建物,団地ごとの目視確認済み,34.611245,135.545737
平野区,西喜連第２住宅,西喜連第２住宅７号館,30.0,,,,,平野区喜連西３丁目１９番７号,bldg_bf55b667-f9fd-4c65-8247-00976f419cd5,1,13.9,5.0,5.0,RC造,3.41,3.41,2.39,58.0,,,2階まで,,PLATEAU建物,団地ごとの目視確認済み,34.610987,135.545743
平野区,西喜連第２住宅,西喜連第２住宅８号館,30.0,,,,,平野区喜連西３丁目１９番８号,bldg_b5125ced-d690-4d78-9fe9-d99168e0c7a9,1,13.9,5.0,5.0,RC造,3.4,3.4,2.46,59.0,,,2階まで,,PLATEAU建物,団地ごとの目視確認済み,34.611014,135.546237
平野区,西喜連第３住宅,西喜連第３住宅１号館,88.0,1993.0,33.0,A,継続活用,平野区喜連西２丁目２番１号,bldg_718bcc34-fda9-45e1-a54d-1c6d83c8f8c4,1,31.6,7.0,11.0,RC造,3.06,3.06,1.99,46.0,,,2階まで,,PLATEAU建物,団地ごとの目視確認済み,34.613441,135.542542
平野区,西喜連第３住宅,西喜連第３住宅２号館,131.0,1993.0,33.0,A,継続活用,平野区喜連西２丁目２番２号,bldg_4d02895d-fcb0-4308-9908-251c4c6ba638,1,53.5,15.0,18.0,RC造,3.19,3.19,2.12,47.0,,,2階まで,,PLATEAU建物,団地ごとの目視確認済み,34.612942,135.542518
平野区,西喜連第３住宅,西喜連第３住宅３号館,107.0,1990.0,36.0,A,継続活用,平野区喜連西３丁目３番３号,bldg_4e92bc47-faf5-40be-9da7-55ce2ad668a4,1,38.3,9.0,13.0,RC造,3.05,3.05,2.09,42.0,,,2階まで,,PLATEAU建物,団地ごとの目視確認で修正,34.612437,135.542505
平野区,西喜連第３住宅,西喜連第３住宅４号館,122.0,1990.0,36.0,A,継続活用,平野区喜連西３丁目３番４号,bldg_1b2ded16-ad8e-4441-9c37-dbf9416d1506,1,53.2,15.0,18.0,RC造,3.1,3.1,2.06,42.0,,,2階まで,,PLATEAU建物,団地ごとの目視確認済み,34.611944,135.542513
平野区,西喜連第３住宅,西喜連第３住宅５号館,104.0,1993.0,33.0,A,継続活用,平野区喜連西３丁目２番５号,bldg_a3283ffa-a01e-4500-83c5-ee62a18b077d bldg_06489aca-25c9-4b32-8fc8-bacba6b48ce9,2,49.5,14.0,17.0,RC造,3.49,3.49,2.57,66.0,,,2階まで,,PLATEAU建物,団地ごとの目視確認で修正（2つの建物で1棟）,34.611042,135.541331
平野区,西喜連第３住宅,西喜連第３住宅６号館,74.0,1993.0,33.0,A,継続活用,平野区喜連西３丁目２番６号,bldg_c6ec3d1b-0da4-43b8-95ed-9acc2b701a22,1,32.1,7.0,11.0,RC造,3.51,3.51,2.48,64.0,,,2階まで,,PLATEAU建物,団地ごとの目視確認済み,34.611449,135.541343
平野区,西喜連第４住宅,西喜連第４住宅１号館,169.0,1995.0,31.0,A,継続活用,平野区喜連西１丁目１０番１号,bldg_4337ed80-9fe8-4c8d-9f13-5bf8cc2f2186,1,49.7,14.0,17.0,RC造,2.81,2.81,1.65,54.0,,,1階まで,,PLATEAU建物,団地ごとの目視確認済み,34.616094,135.542488
平野区,西喜連第４住宅,西喜連第４住宅２号館,93.0,2002.0,24.0,A,継続活用,平野区喜連西２丁目１０番２号,bldg_f75d6fef-b450-4f60-b8cf-7d293a8edc6f,1,29.9,10.0,10.0,RC造,3.0,3.0,1.9,48.0,,,2階まで,,PLATEAU建物,団地ごとの目視確認済み,34.614072,135.542818
平野区,西喜連第４住宅,西喜連第４住宅３号館,130.0,1999.0,27.0,A,継続活用,平野区喜連西１丁目３番３号,bldg_7885b922-b937-4cd3-9e13-b9fdf800bbd3 bldg_785db684-0780-4b87-a86b-64bccf84bc2c,2,47.1,13.0,16.0,RC造,2.66,2.66,1.36,40.0,,,1階まで,,PLATEAU建物,団地ごとの目視確認で修正（2つの建物で1棟）,34.615405,135.541309
平野区,西喜連第４住宅,西喜連第４住宅４号館,194.0,1999.0,27.0,A,継続活用,平野区喜連西１丁目３番４号,bldg_9ab965e1-ca25-4f82-98c3-7c1d4ff39d81 bldg_83e65075-7cdd-45b9-b69e-974516bf0871,2,46.7,13.0,16.0,RC造,2.89,2.89,1.78,39.0,,,1階まで,,PLATEAU建物,団地ごとの目視確認で修正（2つの建物で1棟）,34.614807,135.541227
平野区,西喜連第４住宅,西喜連第４住宅５号館,131.0,1995.0,31.0,A,継続活用,平野区喜連西２丁目１番５号,bldg_8fc01c29-b9ed-4632-860c-08415014b54b,1,50.9,14.0,18.0,RC造,2.6,2.6,1.5,33.0,,,1階まで,,PLATEAU建物,団地ごとの目視確認済み,34.614151,135.541288
平野区,西喜連第５住宅,西喜連第５住宅１号館,230.0,2010.0,16.0,A,継続活用,平野区喜連西４丁目２番１号,bldg_060c8250-6148-42bb-afe2-07e2e7d21993,1,45.2,12.0,16.0,RC造,2.72,2.72,1.71,28.0,,,1階まで,,PLATEAU建物,団地ごとの目視確認済み,34.610096,135.542982
平野区,西喜連第５住宅,西喜連第５住宅２号館,237.0,2005.0,21.0,A,継続活用,平野区喜連西３丁目１８番２号,bldg_07fa6027-b206-4ea1-ae44-cc54d8285c52 bldg_0436255e-0265-42d2-9b15-5dc460cb74af bldg_ff7583cd-aeb9-4147-be73-7ba3f4febe7e,3,36.0,,12.0,不明,3.54,3.54,2.49,56.0,,,2階まで,,PLATEAU建物,団地ごとの目視確認で修正（3つの建物で1棟）,34.611049,135.544947
平野区,西喜連第５住宅,西喜連第５住宅３号館,79.0,1997.0,29.0,A,継続活用,平野区喜連西３丁目１６番３号,bldg_c707eb72-8f48-41ea-8f70-abb5a9984e0d,1,33.9,8.0,12.0,RC造,3.05,3.05,2.02,41.0,,,2階まで,,PLATEAU建物,団地ごとの目視確認済み,34.611269,135.544133
平野区,西喜連第５住宅,西喜連第５住宅４号館,268.0,2002.0,24.0,A,継続活用,平野区喜連西３丁目８番４号,bldg_4df55bec-5525-468a-92ca-73206bd65a38 bldg_ea83e85e-7c81-48d2-8429-0fe66c246a77 bldg_17aed18b-cb1e-44b1-ab95-678740794519 bldg_5e24a128-058e-4b96-9127-37dcfa578eb7,4,45.7,13.0,16.0,RC造,3.29,3.29,2.36,55.0,,,2階まで,,PLATEAU建物,団地ごとの目視確認で修正（4つの建物で1棟）,34.611009,135.542518
平野区,西喜連第５住宅,西喜連第５住宅５号館,167.0,2013.0,13.0,A,継続活用,平野区喜連西４丁目２番５号,bldg_05407d82-5417-4cf8-9681-f24f8f8cc93c bldg_821d3e78-a96b-4a61-b2c4-ea5a71a8d147,2,48.4,,17.0,不明,3.27,3.27,2.25,46.0,,,2階まで,,PLATEAU建物,団地ごとの目視確認で修正（2つの建物で1棟）,34.610296,135.542159
平野区,西喜連第５住宅,西喜連第５住宅６号館,109.0,2016.0,10.0,A,継続活用,平野区喜連西４丁目５番６６号,bldg_60fb5a54-a04b-452f-bc9c-b346a06c8b42,1,32.6,,11.0,不明,3.23,3.23,2.22,39.0,,,2階まで,,PLATEAU建物,団地ごとの目視確認済み,34.610248,135.54458
平野区,西喜連第５住宅,西喜連第５住宅７号館,131.0,2016.0,10.0,A,継続活用,平野区喜連西４丁目４番７７号,bldg_e41d2857-ae53-4d8c-ab0f-8ba8ff36ba82,1,34.7,,12.0,不明,3.23,3.23,2.23,40.0,,,2階まで,,PLATEAU建物,団地ごとの目視確認済み,34.610232,135.544142
平野区,長吉住宅,長吉住宅１号館,131.0,1986.0,40.0,A,継続活用,平野区長吉長原２丁目１４番１号,bldg_7be93763-af17-424a-b3c2-0ea7c8358918,1,42.2,11.0,15.0,RC造,1.63,1.63,0.69,19.0,,,1階まで,,PLATEAU建物,団地ごとの目視確認済み,34.605294,135.571939
平野区,長吉住宅,長吉住宅２号館,25.0,1987.0,39.0,A,継続活用,平野区長吉長原２丁目１４番２号,bldg_6c97dde5-9477-4c0d-8696-90b705693451,1,14.6,5.0,5.0,RC造,1.78,1.78,0.8,21.0,,,1階まで,,PLATEAU建物,団地ごとの目視確認済み,34.604654,135.572459
平野区,長吉住宅,長吉住宅３号館,30.0,1987.0,39.0,A,継続活用,平野区長吉長原２丁目１４番３号,bldg_dfa84fe6-ce08-4473-af63-2b02d7d8cf37,1,14.6,5.0,5.0,RC造,1.79,1.79,0.8,21.0,,,1階まで,,PLATEAU建物,団地ごとの目視確認済み,34.604327,135.572496
平野区,長吉住宅,長吉住宅４号館,30.0,1987.0,39.0,A,継続活用,平野区長吉長原２丁目１４番４号,bldg_62fe0e04-ca76-48a0-b341-59061b762c87,1,14.7,5.0,5.0,RC造,1.8,1.8,0.81,21.0,,,1階まで,,PLATEAU建物,団地ごとの目視確認済み,34.60402,135.572374
平野区,長吉住宅,長吉住宅５号館,30.0,1987.0,39.0,A,継続活用,平野区長吉長原２丁目１４番５号,bldg_f19d066b-1214-4d52-8050-d408ee0cfc73,1,14.7,5.0,5.0,RC造,1.79,1.79,0.8,20.0,,,1階まで,,PLATEAU建物,団地ごとの目視確認済み,34.604318,135.57196
平野区,長吉住宅,長吉住宅６号館,30.0,1987.0,39.0,A,継続活用,平野区長吉長原２丁目１４番６号,bldg_d45c1579-4d86-4b31-aa90-822342916ea2,1,14.6,5.0,5.0,RC造,1.78,1.78,0.8,21.0,,,1階まで,,PLATEAU建物,団地ごとの目視確認済み,34.604647,135.571956
平野区,長吉六反北住宅,長吉六反北住宅１号館,88.0,2015.0,11.0,A,継続活用,平野区長吉六反４丁目８番１号,bldg_4fb941d8-f7bf-4c92-8d2c-f35043e71788,1,29.2,,10.0,不明,1.57,1.57,0.2,17.0,,,1階まで,,PLATEAU建物,団地ごとの目視確認済み,34.608782,135.584883
平野区,長吉六反北住宅,長吉六反北住宅２号館,88.0,2015.0,11.0,A,継続活用,平野区長吉六反４丁目８番２号,bldg_040cdb39-5cf4-4bc9-841c-9a4651c3c01a bldg_221ece25-a72b-4fa5-b148-72482c344968,2,28.7,,10.0,不明,1.62,1.62,0.33,15.0,,,1階まで,,PLATEAU建物,団地ごとの目視確認で修正（2つの建物で1棟）,34.608203,135.585313
平野区,長吉六反北住宅,長吉六反北住宅３号館,205.0,2017.0,9.0,A,継続活用,平野区長吉六反４丁目5番3号,bldg_7ea7b54b-9b4f-44ee-a9e0-ab16628a220b,1,3.4,,1.0,不明,1.35,1.35,0.06,13.0,,,1階まで,あり,PLATEAU建物,団地ごとの目視確認済み,34.608714,135.583848
平野区,長吉六反東住宅,長吉六反東住宅１０号館,60.0,,,,,平野区長吉六反５丁目６番１０号,bldg_fe9760fc-3e9a-4267-978d-9736c5b1fff5,1,13.9,5.0,5.0,RC造,1.76,1.76,0.43,17.0,,,1階まで,,PLATEAU建物,団地ごとの目視確認済み,34.605523,135.584363
平野区,長吉六反東住宅,長吉六反東住宅１２号館,40.0,1965.0,61.0,B,建替(Ⅰ),平野区長吉六反５丁目５番１２号,bldg_ee2f1458-14aa-4cd9-a335-d6023ec6f1ac,1,13.8,5.0,5.0,RC造,1.81,1.81,0.42,18.0,,,1階まで,,PLATEAU建物,団地ごとの目視確認済み,34.605234,135.585274
平野区,長吉六反東住宅,長吉六反東住宅１３号館,40.0,1965.0,61.0,B,建替(Ⅰ),平野区長吉六反５丁目５番１３号,bldg_cedb318e-a4aa-44bf-afaf-04dd6e9d6400 bldg_a028058c-c4ae-4354-958b-ebfa0e83442e,2,14.0,5.0,5.0,RC造,1.83,1.83,0.43,19.0,,,1階まで,,PLATEAU建物,団地ごとの目視確認で修正（2つの建物で1棟）,34.604998,135.585287
平野区,長吉六反東住宅,長吉六反東住宅２７号館,40.0,1965.0,61.0,B,建替(Ⅰ),平野区長吉六反５丁目５番２７号,bldg_b112930d-0040-4ca2-bf21-61c00c35a91a,1,14.0,5.0,5.0,RC造,1.84,1.84,0.4,19.0,,,1階まで,,PLATEAU建物,団地ごとの目視確認済み,34.604992,135.585853
平野区,長吉六反東住宅,長吉六反東住宅２８号館,30.0,1965.0,61.0,B,建替(Ⅰ),平野区長吉六反５丁目４番２８号,bldg_beef2f2e-3b24-4be1-bd0b-908e9a292f71,1,14.0,5.0,5.0,RC造,2.06,2.06,0.36,18.0,,,1階まで,,PLATEAU建物,団地ごとの目視確認済み,34.604886,135.58649
平野区,長吉六反東住宅,長吉六反東住宅２９号館,30.0,1965.0,61.0,B,建替(Ⅰ),平野区長吉六反５丁目４番２９号,bldg_add9c9fe-81bb-4c47-9f76-da3036c9187b,1,14.0,5.0,5.0,RC造,2.1,2.1,0.28,20.0,,,1階まで,,PLATEAU建物,団地ごとの目視確認済み,34.604877,135.586926
平野区,長吉六反東住宅,長吉六反東住宅３号館,30.0,,,,,平野区長吉六反５丁目１番３号,bldg_b4b53880-de3e-4df2-896f-357221246327,1,13.9,5.0,5.0,RC造,1.74,1.74,0.39,17.0,,,1階まで,,PLATEAU建物,団地ごとの目視確認済み,34.60606,135.584577
平野区,長吉六反東住宅,長吉六反東住宅３０号館,30.0,1965.0,61.0,B,建替(Ⅰ),平野区長吉六反５丁目４番３０号,bldg_81fb595c-d480-44c2-95ab-c0a98aac3dad,1,13.9,5.0,5.0,RC造,1.89,1.89,0.28,19.0,,,1階まで,,PLATEAU建物,団地ごとの目視確認済み,34.605154,135.586907
平野区,長吉六反東住宅,長吉六反東住宅３１号館,30.0,1965.0,61.0,B,建替(Ⅰ),平野区長吉六反５丁目４番３１号,bldg_15fa01f0-d223-417d-bdf0-2fb73a65e356,1,13.9,5.0,5.0,RC造,1.86,1.86,0.35,18.0,,,1階まで,,PLATEAU建物,団地ごとの目視確認済み,34.605151,135.586476
平野区,長吉六反東住宅,長吉六反東住宅３２号館,30.0,1965.0,61.0,A,建替(Ⅰ),平野区長吉六反５丁目４番３２号,bldg_27ed32ba-372c-4dc9-bbf6-f608070fc346,1,13.9,5.0,5.0,RC造,1.95,1.95,0.44,19.0,,,1階まで,,PLATEAU建物,団地ごとの目視確認済み,34.605373,135.586459
平野区,長吉六反東住宅,長吉六反東住宅３３号館,30.0,1965.0,61.0,A,建替(Ⅰ),平野区長吉六反５丁目４番３３号,bldg_d87845b3-1280-483c-9f8a-9f5cc03828aa bldg_73e151a9-0fdd-48e9-947e-3e37dbbc068b,2,13.9,5.0,5.0,RC造,1.88,1.88,0.57,20.0,,,1階まで,,PLATEAU建物,団地ごとの目視確認で修正（2つの建物で1棟）,34.605375,135.586893
平野区,長吉六反東住宅,長吉六反東住宅３４号館,30.0,1965.0,61.0,A,建替(Ⅰ),平野区長吉六反５丁目４番３４号,bldg_5960f4d0-ce23-458b-b336-da9fac57a0bd bldg_880ff258-79d3-4b41-b258-c9f5260b6c07,2,14.0,5.0,5.0,RC造,1.94,1.94,0.56,19.0,,,1階まで,,PLATEAU建物,団地ごとの目視確認で修正（2つの建物で1棟）,34.605616,135.586875
平野区,長吉六反東住宅,長吉六反東住宅３５号館,30.0,1965.0,61.0,A,建替(Ⅰ),平野区長吉六反５丁目４番３５号,bldg_aea6d11f-f3f9-42cc-bf75-2cb3876b795b,1,13.8,5.0,5.0,RC造,1.93,1.93,0.42,19.0,,,1階まで,,PLATEAU建物,団地ごとの目視確認済み,34.605612,135.586447
平野区,長吉六反東住宅,長吉六反東住宅３６号館,20.0,,,,,平野区長吉六反５丁目１番３６号,bldg_7183a91c-712a-463e-98ad-a7f18e46df50,1,13.6,5.0,5.0,RC造,1.7,1.7,0.37,18.0,,,1階まで,,PLATEAU建物,団地ごとの目視確認済み,34.606335,135.584582
平野区,長吉六反東住宅,長吉六反東住宅３７号館,30.0,,,,,平野区長吉六反５丁目１番３７号,bldg_5e5f0858-5c31-4f6e-9017-64f3613709df,1,13.7,5.0,5.0,RC造,1.7,1.7,0.38,18.0,,,1階まで,,PLATEAU建物,団地ごとの目視確認済み,34.60607,135.584324
平野区,長吉六反東住宅,長吉六反東住宅３８号館,20.0,,,,,平野区長吉六反５丁目１番３８号,bldg_889f6cd2-aacf-4a12-8bdc-30c66a7f9921,1,13.8,5.0,5.0,RC造,1.78,1.78,0.46,18.0,,,1階まで,,PLATEAU建物,団地ごとの目視確認済み,34.606374,135.584301
平野区,長吉六反東住宅,長吉六反東住宅３９号館,30.0,,,,,平野区長吉六反５丁目１番３９号,bldg_fb290fdf-45b7-4444-a4e1-b2f094593a26,1,13.6,5.0,5.0,RC造,1.8,1.8,0.41,18.0,,,1階まで,,PLATEAU建物,団地ごとの目視確認済み,34.60596,135.583982
平野区,長吉六反東住宅,長吉六反東住宅４号館,60.0,,,,,平野区長吉六反５丁目６番４号,bldg_3e88c5d6-9da1-4fc6-aa52-cc75915eff99,1,13.9,5.0,5.0,RC造,1.76,1.76,0.4,17.0,,,1階まで,,PLATEAU建物,団地ごとの目視確認済み,34.60576,135.584373
平野区,長吉六反東住宅,長吉六反東住宅４０号館,30.0,,,,,平野区長吉六反５丁目１番４０号,bldg_6b1ab747-6296-4eca-b0f8-e59dbfbd7b2d,1,13.7,5.0,5.0,RC造,1.79,1.79,0.48,18.0,,,1階まで,,PLATEAU建物,団地ごとの目視確認済み,34.606204,135.583963
平野区,長吉六反東住宅,長吉六反東住宅４１号館,40.0,,,,,平野区長吉六反５丁目１番４１号,bldg_e40a0777-130b-40c6-8c4d-061070a97bdc,1,13.6,5.0,5.0,RC造,1.68,1.68,0.39,17.0,,,1階まで,,PLATEAU建物,団地ごとの目視確認済み,34.606103,135.583626
平野区,長吉六反東住宅,長吉六反東住宅４２号館,20.0,,,,,平野区長吉六反５丁目１番４２号,bldg_bd82ffd1-ec5f-47f2-b326-de4acfe18327,1,13.6,5.0,5.0,RC造,1.77,1.77,0.47,18.0,,,1階まで,,PLATEAU建物,団地ごとの目視確認済み,34.606445,135.58385
平野区,長吉六反東住宅,長吉六反東住宅４３号館,20.0,,,,,平野区長吉六反５丁目１番４３号,bldg_9b0f54d7-fc3e-4f75-8cae-e5d472d071f1,1,13.5,5.0,5.0,RC造,1.76,1.76,0.35,18.0,,,1階まで,,PLATEAU建物,団地ごとの目視確認済み,34.606696,135.584232
平野区,長吉六反東住宅,長吉六反東住宅５号館,40.0,1965.0,61.0,A,建替(Ⅰ),平野区長吉六反５丁目５番５号,bldg_e73b5b61-b55a-431f-9085-3e697060adeb,1,13.9,5.0,5.0,RC造,1.88,1.88,0.5,19.0,,,1階まで,,PLATEAU建物,団地ごとの目視確認済み,34.60569,135.585241
平野区,長吉六反東住宅,長吉六反東住宅６号館,40.0,1965.0,61.0,A,建替(Ⅰ),平野区長吉六反５丁目５番６号,bldg_97b4f737-9133-49c1-ae3a-c034aa4478a5,1,13.9,5.0,5.0,RC造,1.9,1.9,0.35,19.0,,,1階まで,,PLATEAU建物,団地ごとの目視確認済み,34.605682,135.585801
平野区,長吉六反東住宅,長吉六反東住宅７号館,40.0,1965.0,61.0,A,建替(Ⅰ),平野区長吉六反５丁目５番７号,bldg_54ac5fbb-54ba-4a4c-96b9-b67032b0f012,1,14.0,5.0,5.0,RC造,1.92,1.92,0.46,19.0,,,1階まで,,PLATEAU建物,団地ごとの目視確認済み,34.605444,135.585818
平野区,長吉六反東住宅,長吉六反東住宅８号館,40.0,1965.0,61.0,B,建替(Ⅰ),平野区長吉六反５丁目５番８号,bldg_9c35a76e-8f65-4d12-9372-995da2360603,1,13.9,5.0,5.0,RC造,1.83,1.83,0.38,18.0,,,1階まで,,PLATEAU建物,団地ごとの目視確認済み,34.60523,135.585833
平野区,長吉六反東住宅,長吉六反東住宅９号館,40.0,1965.0,61.0,A,建替(Ⅰ),平野区長吉六反５丁目５番９号,bldg_886b4518-58b0-4080-866f-89fdd3d054b9,1,14.0,5.0,5.0,RC造,1.99,1.99,0.5,19.0,,,1階まで,,PLATEAU建物,団地ごとの目視確認済み,34.605452,135.58525
平野区,長吉六反東第１住宅,長吉六反東第１住宅１号館,140.0,2018.0,8.0,A,継続活用,平野区長吉六反5丁目8番1号,,0,,,,,,,,,,,データなし,,位置のみ（建物なし）,団地ごとの目視確認で修正,34.603989,135.584294
平野区,長吉六反東第１住宅,長吉六反東第１住宅２号館,118.0,2018.0,8.0,A,継続活用,平野区長吉六反5丁目8番2号,,0,,,,,,,,,,,データなし,,位置のみ（建物なし）,団地ごとの目視確認で修正,34.604502,135.584653
平野区,長吉六反第１住宅,長吉六反第１住宅１号館,148.0,1997.0,29.0,A,継続活用,平野区長吉六反１丁目１１番１号,bldg_7aea631f-0aaf-4330-ac9c-0b5cbba3a9a9,1,41.1,11.0,14.0,RC造,1.51,1.51,0.69,19.0,,,1階まで,,PLATEAU建物,団地ごとの目視確認済み,34.608991,135.579473
平野区,長吉六反第１住宅,長吉六反第１住宅２号館,180.0,2003.0,23.0,A,継続活用,平野区長吉六反１丁目１１番２号,bldg_55863561-8a64-4d3b-a693-140d53c06957 bldg_0920e15d-64fd-470a-95c4-7c17ff259e7c,2,39.3,13.0,14.0,RC造,1.71,1.71,0.58,22.0,,,1階まで,,PLATEAU建物,団地ごとの目視確認で修正（2つの建物で1棟）,34.608833,135.580588
平野区,長吉六反第１住宅,長吉六反第１住宅３号館,64.0,2011.0,15.0,A,継続活用,平野区長吉六反１丁目１１番３号,bldg_c1713019-f98f-4844-bdd5-d162e603e305,1,41.1,13.0,14.0,RC造,1.81,1.81,0.67,22.0,,,1階まで,,PLATEAU建物,団地ごとの目視確認済み,34.609109,135.580231
平野区,長吉出戸南第１住宅,長吉出戸南第１住宅１号館,223.0,2003.0,23.0,A,継続活用,平野区長吉出戸８丁目１０番１号,bldg_314b0e94-f21e-4922-b674-ce5b8357e5d6,1,42.3,14.0,15.0,RC造,1.72,1.72,0.79,23.0,,,1階まで,,PLATEAU建物,団地ごとの目視確認済み,34.608194,135.57573
平野区,長吉出戸南第１住宅,長吉出戸南第１住宅２号館,193.0,2006.0,20.0,A,継続活用,平野区長吉出戸８丁目３番２号,bldg_702d25bd-6cce-4a51-9c6f-efe68478e050 bldg_e88cab9f-fbaf-443c-a259-5ba04fa450de,2,42.1,14.0,15.0,RC造,1.71,1.71,0.6,18.0,,,1階まで,,PLATEAU建物,団地ごとの目視確認で修正（2つの建物で1棟）,34.608129,135.574974
平野区,長吉出戸南第１住宅,長吉出戸南第１住宅３号館,166.0,2006.0,20.0,A,継続活用,平野区長吉出戸８丁目３番３号,bldg_538746ff-ea9e-43f4-b895-ae16333c5a6c,1,45.8,14.0,16.0,RC造,1.51,1.51,0.5,17.0,,,1階まで,,PLATEAU建物,団地ごとの目視確認済み,34.608152,135.574417
平野区,長吉出戸南第１住宅,長吉出戸南第１住宅４号館,250.0,2009.0,17.0,A,継続活用,平野区長吉出戸８丁目１１番４号,bldg_46212bd7-a191-44ff-bf6c-ddd85bebc6e1,1,45.7,14.0,16.0,RC造,1.59,1.59,0.54,20.0,,,1階まで,,PLATEAU建物,団地ごとの目視確認済み,34.607095,135.577274
平野区,長吉出戸南第１住宅,長吉出戸南第１住宅５号館,69.0,2014.0,12.0,A,継続活用,平野区長吉出戸８丁目７番５号,bldg_2050404d-691b-4b1c-b476-04523814408b,1,44.6,14.0,15.0,RC造,1.87,1.87,0.74,22.0,,,1階まで,,PLATEAU建物,団地ごとの目視確認済み,34.606961,135.57616
平野区,長吉出戸南第１住宅,長吉出戸南第１住宅６号館,67.0,2013.0,13.0,A,継続活用,平野区長吉出戸８丁目７番６号,bldg_e75cd2fd-5ca9-4773-b444-059f67835df2 bldg_9ae6163c-aa9d-4b74-8fc5-58421927f2cd,2,45.6,14.0,16.0,RC造,1.84,1.84,0.83,23.0,,,1階まで,,PLATEAU建物,団地ごとの目視確認で修正（2つの建物で1棟）,34.60716,135.575381
平野区,長吉出戸南第１住宅,長吉出戸南第１住宅７号館,68.0,2013.0,13.0,A,継続活用,平野区長吉出戸８丁目７番７号,bldg_d69307c5-e269-430f-b2f7-94b7edf98276,1,32.6,14.0,14.0,RC造,1.66,1.66,0.52,19.0,,,1階まで,,PLATEAU建物,団地ごとの目視確認済み,34.607398,135.575823
平野区,長吉出戸第２住宅,長吉出戸第２住宅１号館,88.0,1972.0,54.0,A,建替(Ⅱ),平野区長吉出戸７丁目３番１号,bldg_aebd0883-ea06-498d-9184-f15814176dd9,1,39.2,11.0,14.0,RC造,1.35,1.35,0.29,15.0,,,1階まで,,PLATEAU建物,団地ごとの目視確認済み,34.612967,135.575483
平野区,長吉出戸第２住宅,長吉出戸第２住宅２号館,76.0,1972.0,54.0,A,建替(Ⅱ),平野区長吉出戸７丁目３番２号,bldg_808bde4a-4baa-4c31-9a34-9aed1b161b69,1,39.4,11.0,14.0,RC造,1.11,1.11,0.45,16.0,,,1階まで,,PLATEAU建物,団地ごとの目視確認済み,34.613012,135.576181
平野区,長吉出戸西住宅,長吉出戸西住宅１号館,20.0,1978.0,48.0,A,継続活用,平野区長吉出戸２丁目１４番１号,bldg_af779028-9724-4901-acd8-929fb4b55eb9,1,13.8,5.0,5.0,RC造,0.48,0.48,0.15,2.0,,,1階まで,,PLATEAU建物,団地ごとの目視確認済み,34.614489,135.567127
平野区,長吉出戸西住宅,長吉出戸西住宅１０号館,20.0,1982.0,44.0,A,継続活用,平野区長吉出戸２丁目１５番１０号,bldg_8445bff5-233d-47ff-878e-63c3b2a109d8,1,13.9,5.0,5.0,RC造,0.71,0.71,0.13,12.0,,,1階まで,,PLATEAU建物,団地ごとの目視確認済み,34.613886,135.567601
平野区,長吉出戸西住宅,長吉出戸西住宅１１号館,20.0,1982.0,44.0,A,継続活用,平野区長吉出戸２丁目１３番１１号,bldg_a1d6ffd1-3762-435b-b33a-41c2d2500cfa,1,13.8,5.0,5.0,RC造,0.36,0.36,0.05,5.0,,,1階まで,,PLATEAU建物,団地ごとの目視確認済み,34.613891,135.567173
平野区,長吉出戸西住宅,長吉出戸西住宅１２号館,20.0,1985.0,41.0,A,継続活用,平野区長吉出戸２丁目１２番１２号,bldg_53905229-5838-48ad-b62e-e9e6dcf4e753,1,14.1,5.0,5.0,RC造,0.58,0.58,0.06,10.0,,,1階まで,,PLATEAU建物,団地ごとの目視確認済み,34.613583,135.567171
平野区,長吉出戸西住宅,長吉出戸西住宅１３号館,20.0,1985.0,41.0,A,継続活用,平野区長吉出戸２丁目９番１３号,bldg_36598c2e-5b27-4bd5-8b76-3b6a320140ec,1,14.1,5.0,5.0,RC造,0.6,0.6,0.01,12.0,,,1階まで,,PLATEAU建物,団地ごとの目視確認済み,34.613278,135.567167
平野区,長吉出戸西住宅,長吉出戸西住宅１４号館,20.0,1985.0,41.0,A,継続活用,平野区長吉出戸２丁目８番１４号,bldg_ab12abc0-71d1-450a-8077-4ccd23c48765,1,14.0,5.0,5.0,RC造,0.7,0.7,0.04,13.0,,,1階まで,,PLATEAU建物,団地ごとの目視確認済み,34.612977,135.567155
平野区,長吉出戸西住宅,長吉出戸西住宅１５号館,20.0,1985.0,41.0,A,継続活用,平野区長吉出戸２丁目１０番１５号,bldg_d50996dc-6e59-4c62-89f3-6f3b3c6947e7,1,13.8,5.0,5.0,RC造,0.67,0.67,0.04,9.0,,,1階まで,,PLATEAU建物,団地ごとの目視確認済み,34.613273,135.56756
平野区,長吉出戸西住宅,長吉出戸西住宅１６号館,30.0,1985.0,41.0,A,継続活用,平野区長吉出戸２丁目７番１６号,bldg_631c2cc4-3788-4be7-a3ec-ffaed3d8e8c6,1,13.9,5.0,5.0,RC造,0.73,0.73,0.05,11.0,,,1階まで,,PLATEAU建物,団地ごとの目視確認済み,34.612969,135.567611
平野区,長吉出戸西住宅,長吉出戸西住宅１７号館,30.0,1982.0,44.0,A,継続活用,平野区長吉出戸２丁目２１番１７号,bldg_ded04b4e-5038-4c68-8f41-366c897f62a0,1,13.8,5.0,5.0,RC造,0.78,0.78,0.15,11.0,,,1階まで,,PLATEAU建物,団地ごとの目視確認済み,34.613595,135.568188
平野区,長吉出戸西住宅,長吉出戸西住宅１８号館,30.0,1982.0,44.0,A,継続活用,平野区長吉出戸２丁目２２番１８号,bldg_5592cb32-b213-4543-a258-c5c028091482,1,13.8,5.0,5.0,RC造,0.73,0.73,0.16,11.0,,,1階まで,,PLATEAU建物,団地ごとの目視確認済み,34.613301,135.568189
平野区,長吉出戸西住宅,長吉出戸西住宅１９号館,20.0,1982.0,44.0,A,継続活用,平野区長吉出戸２丁目２３番１９号,bldg_6c21bdf3-65ff-4846-b4c0-f759fe27a638,1,13.8,5.0,5.0,RC造,0.76,0.76,0.07,11.0,,,1階まで,,PLATEAU建物,団地ごとの目視確認済み,34.613006,135.568264
平野区,長吉出戸西住宅,長吉出戸西住宅２号館,30.0,1978.0,48.0,A,継続活用,平野区長吉出戸２丁目１４番２号,bldg_0c519730-f53f-48c1-9a2f-9f10fc53a7e7,1,13.7,5.0,5.0,RC造,0.63,0.63,0.17,8.0,,,1階まで,,PLATEAU建物,団地ごとの目視確認済み,34.614481,135.567558
平野区,長吉出戸西住宅,長吉出戸西住宅２０号館,30.0,1981.0,45.0,A,継続活用,平野区長吉出戸２丁目２０番２０号,bldg_d730036e-1cf7-4d45-8f49-ded2a08ff4c3,1,13.9,5.0,5.0,RC造,0.88,0.88,0.18,12.0,,,1階まで,,PLATEAU建物,団地ごとの目視確認済み,34.613592,135.568816
平野区,長吉出戸西住宅,長吉出戸西住宅２１号館,30.0,1981.0,45.0,A,継続活用,平野区長吉出戸２丁目２０番２１号,bldg_ab1bc7cf-5509-4965-9993-64330794957e,1,13.7,5.0,5.0,RC造,0.89,0.89,0.19,12.0,,,1階まで,,PLATEAU建物,団地ごとの目視確認済み,34.613302,135.568817
平野区,長吉出戸西住宅,長吉出戸西住宅２２号館,30.0,1981.0,45.0,A,継続活用,平野区長吉出戸２丁目２０番２２号,bldg_d701f419-3bb0-4935-aa90-a4899f56ad3b,1,13.8,5.0,5.0,RC造,0.91,0.91,0.2,13.0,,,1階まで,,PLATEAU建物,団地ごとの目視確認済み,34.613009,135.568811
平野区,長吉出戸西住宅,長吉出戸西住宅２３号館,124.0,1984.0,42.0,A,継続活用,平野区長吉出戸２丁目２５番２３号,bldg_5346287e-138c-431b-9823-f4763c3eff8e,1,44.9,12.0,15.0,RC造,0.72,0.72,0.02,10.0,,,1階まで,,PLATEAU建物,団地ごとの目視確認済み,34.612264,135.568437
平野区,長吉出戸西住宅,長吉出戸西住宅２４号館,135.0,1984.0,42.0,A,継続活用,平野区長吉出戸２丁目６番２４号,bldg_528f034f-4fec-430a-baa9-a31d5be99f6a,1,45.0,12.0,16.0,RC造,0.67,0.67,0.02,8.0,,,1階まで,,PLATEAU建物,団地ごとの目視確認済み,34.612257,135.567553
平野区,長吉出戸西住宅,長吉出戸西住宅３号館,30.0,1982.0,44.0,A,継続活用,平野区長吉出戸２丁目１６番３号,bldg_aa6d544e-22cb-4a8f-960c-433b8b0e8f46,1,14.1,5.0,5.0,RC造,0.65,0.65,0.08,9.0,,,1階まで,,PLATEAU建物,団地ごとの目視確認済み,34.614576,135.568225
平野区,長吉出戸西住宅,長吉出戸西住宅４号館,30.0,1979.0,47.0,A,継続活用,平野区長吉出戸２丁目１７番４号,bldg_3f606a50-e07f-425f-947e-81297825ac4a,1,13.9,5.0,5.0,RC造,0.84,0.84,0.18,14.0,,,1階まで,,PLATEAU建物,団地ごとの目視確認済み,34.614584,135.568748
平野区,長吉出戸西住宅,長吉出戸西住宅５号館,30.0,1979.0,47.0,A,継続活用,平野区長吉出戸２丁目１７番５号,bldg_a61fac39-b446-401b-a809-805bf251b7dd,1,13.9,5.0,5.0,RC造,0.86,0.86,0.17,13.0,,,1階まで,,PLATEAU建物,団地ごとの目視確認済み,34.614263,135.568807
平野区,長吉出戸西住宅,長吉出戸西住宅６号館,30.0,1979.0,47.0,A,継続活用,平野区長吉出戸２丁目１７番６号,bldg_46818765-984c-4b42-ac49-46fd9198e690,1,14.0,5.0,5.0,RC造,0.86,0.86,0.17,14.0,,,1階まで,,PLATEAU建物,団地ごとの目視確認済み,34.613919,135.568808
平野区,長吉出戸西住宅,長吉出戸西住宅７号館,30.0,1982.0,44.0,A,継続活用,平野区長吉出戸２丁目１８番７号,bldg_3148b1b4-e498-4282-8cf3-6ca0c1fd82a0,1,14.0,5.0,5.0,RC造,0.73,0.73,0.13,11.0,,,1階まで,,PLATEAU建物,団地ごとの目視確認済み,34.614253,135.56821
平野区,長吉出戸西住宅,長吉出戸西住宅８号館,30.0,1982.0,44.0,A,継続活用,平野区長吉出戸２丁目１５番８号,bldg_c6e3dea3-7fe8-4455-bc29-a5bf9df98390,1,14.0,5.0,5.0,RC造,0.43,0.43,0.07,7.0,,,1階まで,,PLATEAU建物,団地ごとの目視確認済み,34.614184,135.567554
平野区,長吉出戸西住宅,長吉出戸西住宅９号館,20.0,1982.0,44.0,A,継続活用,平野区長吉出戸２丁目１３番９号,bldg_a2199deb-633e-479a-afae-59eaf6a6d7b0,1,13.9,5.0,5.0,RC造,0.31,0.31,0.06,0.0,,,1階まで,,PLATEAU建物,団地ごとの目視確認済み,34.61419,135.567123
平野区,長吉川辺住宅,長吉川辺住宅１号館,90.0,1987.0,39.0,A,継続活用,平野区長吉川辺３丁目２１番１号,bldg_388fc791-3402-4353-a81d-72d336fd7816,1,25.5,7.0,9.0,RC造,3.07,3.07,1.01,12.0,,,2階まで,,PLATEAU建物,団地ごとの目視確認済み,34.594143,135.579403
平野区,長吉第２住宅,長吉第２住宅１号館,,1983.0,43.0,A,継続活用,平野区長吉出戸１丁目１番１号,bldg_320025ea-9612-46ae-bc35-e9a5beb4e360,1,34.0,11.0,12.0,RC造,0.63,0.63,0.03,11.0,,,1階まで,,PLATEAU建物,団地ごとの目視確認済み,34.616278,135.562571
平野区,長吉第２住宅,長吉第２住宅１０号館,40.0,1980.0,46.0,A,継続活用,平野区長吉出戸１丁目５番１０号,bldg_0e7ff0fa-26c7-4148-be9b-afa4d9c01e1e,1,14.2,5.0,5.0,RC造,0.83,0.83,0.14,14.0,,,1階まで,,PLATEAU建物,団地ごとの目視確認済み,34.615133,135.56385
平野区,長吉第２住宅,長吉第２住宅１１号館,40.0,1978.0,48.0,A,継続活用,平野区長吉出戸１丁目１０番１１号,bldg_088a565a-81cd-4326-a8af-cdda6cc98b50,1,14.6,5.0,5.0,RC造,0.81,0.81,0.05,7.0,,,1階まで,,PLATEAU建物,団地ごとの目視確認済み,34.615993,135.564841
平野区,長吉第２住宅,長吉第２住宅１２号館,30.0,1978.0,48.0,A,継続活用,平野区長吉出戸１丁目１０番１２号,bldg_3c0cd67c-0841-45b2-8e8c-d80382971e45,1,14.4,5.0,5.0,RC造,0.39,0.39,0.01,0.0,,,1階まで,,PLATEAU建物,団地ごとの目視確認済み,34.616018,135.565479
平野区,長吉第２住宅,長吉第２住宅２号館,,1983.0,43.0,A,継続活用,平野区長吉出戸１丁目１番１号,bldg_320025ea-9612-46ae-bc35-e9a5beb4e360,1,34.0,11.0,12.0,RC造,0.63,0.63,0.03,11.0,,,1階まで,,PLATEAU建物,団地ごとの目視確認済み,34.616278,135.562571
平野区,長吉第２住宅,長吉第２住宅３号館,44.0,1982.0,44.0,A,継続活用,平野区長吉出戸１丁目１番３号,bldg_c493cb66-2566-40f8-887c-5f3fd7211b30,1,25.9,8.0,9.0,RC造,0.64,0.64,0.03,9.0,,,1階まで,,PLATEAU建物,団地ごとの目視確認済み,34.616084,135.563379
平野区,長吉第２住宅,長吉第２住宅４号館,30.0,1982.0,44.0,A,継続活用,平野区長吉出戸１丁目１番４号,bldg_ad0ebe87-8d4a-4d71-9e93-b7c5c0582904,1,14.1,5.0,5.0,RC造,0.81,0.81,0.15,17.0,,,1階まで,,PLATEAU建物,団地ごとの目視確認済み,34.616089,135.564
平野区,長吉第２住宅,長吉第２住宅５号館,40.0,1980.0,46.0,A,継続活用,平野区長吉出戸１丁目５番５号,bldg_d070eb68-8529-4d59-801f-24841f468075,1,14.4,5.0,5.0,RC造,0.95,0.95,0.33,19.0,,,1階まで,,PLATEAU建物,団地ごとの目視確認済み,34.615775,135.563242
平野区,長吉第２住宅,長吉第２住宅７号館,20.0,1980.0,46.0,A,継続活用,平野区長吉出戸１丁目５番７号,bldg_6b6fd75f-c7ac-4380-a758-14d6de5c9518,1,14.3,5.0,5.0,RC造,1.41,1.41,0.34,18.0,,,1階まで,,PLATEAU建物,団地ごとの目視確認済み,34.615808,135.564078
平野区,長吉第２住宅,長吉第２住宅８号館,20.0,1980.0,46.0,A,継続活用,平野区長吉出戸１丁目５番８号,bldg_862832de-0efc-4598-9c05-3621c4404f0c,1,14.2,5.0,5.0,RC造,0.88,0.88,0.23,16.0,,,1階まで,,PLATEAU建物,団地ごとの目視確認済み,34.615434,135.563522
平野区,長吉第２住宅,長吉第２住宅９号館,20.0,1980.0,46.0,A,継続活用,平野区長吉出戸１丁目５番９号,bldg_94e93311-c91d-4218-9d34-8251cc5f2dd1,1,14.2,5.0,5.0,RC造,0.71,0.71,0.04,15.0,,,1階まで,,PLATEAU建物,団地ごとの目視確認済み,34.615425,135.563993
平野区,長吉長原住宅,長吉長原住宅１号館,82.0,1994.0,32.0,A,継続活用,平野区長吉長原４丁目３番１号,bldg_b32e3e9c-d8f3-4dab-9578-13a47ffbefb4 bldg_52684dc8-4ba2-4795-a6c7-7e25090a8ee7,2,49.9,13.0,17.0,RC造,0.0,,,,,,なし,,PLATEAU建物,団地ごとの目視確認で修正（2つの建物で1棟）,34.599981,135.568371
平野区,長吉長原住宅,長吉長原住宅２号館,139.0,1991.0,35.0,A,継続活用,平野区長吉長原４丁目３番２号,bldg_39438d1c-4fb5-4dfe-b9c4-975c3a40e86a,1,52.8,14.0,18.0,RC造,0.0,,,,,,なし,,PLATEAU建物,団地ごとの目視確認済み,34.599584,135.568692
平野区,長吉長原北住宅,長吉長原北住宅１号館,40.0,,,,,平野区長吉長原東１丁目３番１号,bldg_88f28f8f-365b-436a-b6c5-9d10528bd527,1,14.1,5.0,5.0,RC造,1.98,1.98,0.73,25.0,,,1階まで,,PLATEAU建物,団地ごとの目視確認済み,34.603914,135.574929
平野区,長吉長原北住宅,長吉長原北住宅１０号館,40.0,,,,,平野区長吉長原東１丁目３番１０号,bldg_8f64b247-c3a4-465f-b89f-8b3a49da926e,1,14.0,5.0,5.0,RC造,1.9,1.9,0.8,22.0,,,1階まで,,PLATEAU建物,団地ごとの目視確認済み,34.604943,135.574316
平野区,長吉長原北住宅,長吉長原北住宅１１号館,30.0,,,,,平野区長吉長原東１丁目３番１１号,bldg_18b7cb19-ca30-4b7e-9bb5-ce6b4b25d425,1,14.1,5.0,5.0,RC造,1.81,1.81,0.8,22.0,,,1階まで,,PLATEAU建物,団地ごとの目視確認済み,34.605191,135.575036
平野区,長吉長原北住宅,長吉長原北住宅２号館,50.0,,,,,平野区長吉長原東１丁目３番２号,bldg_2031c0be-0eb6-44e3-90b3-e0d6238f2c66,1,14.0,5.0,5.0,RC造,1.85,1.85,0.82,25.0,,,1階まで,,PLATEAU建物,団地ごとの目視確認済み,34.603925,135.574269
平野区,長吉長原北住宅,長吉長原北住宅４号館,50.0,,,,,平野区長吉長原東１丁目３番４号,bldg_b83e193c-54a4-4283-8d9a-625a0e15360e,1,13.9,5.0,5.0,RC造,1.84,1.84,0.81,22.0,,,1階まで,,PLATEAU建物,団地ごとの目視確認済み,34.604176,135.574275
平野区,長吉長原北住宅,長吉長原北住宅５号館,30.0,,,,,平野区長吉長原東１丁目３番５号,bldg_5cabae91-753e-4cf5-b497-4fb0698e84c7,1,14.0,5.0,5.0,RC造,1.96,1.96,0.92,23.0,,,1階まで,,PLATEAU建物,団地ごとの目視確認済み,34.604416,135.575014
平野区,長吉長原北住宅,長吉長原北住宅６号館,40.0,,,,,平野区長吉長原東１丁目３番６号,bldg_3a3137e2-5e9d-4efd-8fc7-0651595a1180,1,14.0,5.0,5.0,RC造,1.82,1.82,0.81,22.0,,,1階まで,,PLATEAU建物,団地ごとの目視確認済み,34.604426,135.574298
平野区,長吉長原北住宅,長吉長原北住宅７号館,40.0,,,,,平野区長吉長原東１丁目３番７号,bldg_6f19b8cc-0f34-41be-9282-9bc302fc7ff6,1,14.0,5.0,5.0,RC造,1.84,1.84,0.81,21.0,,,1階まで,,PLATEAU建物,団地ごとの目視確認済み,34.604671,135.574953
平野区,長吉長原北住宅,長吉長原北住宅８号館,40.0,,,,,平野区長吉長原東１丁目３番８号,bldg_38fa0c14-1edb-49f8-99fc-e88cc7d17099,1,14.0,5.0,5.0,RC造,1.8,1.8,0.81,22.0,,,1階まで,,PLATEAU建物,団地ごとの目視確認済み,34.60468,135.574306
平野区,長吉長原北住宅,長吉長原北住宅９号館,40.0,,,,,平野区長吉長原東１丁目３番９号,bldg_5bc64702-cf6f-4f4d-8d2e-0c646c1f3a01,1,13.9,5.0,5.0,RC造,1.92,1.92,0.91,21.0,,,1階まで,,PLATEAU建物,団地ごとの目視確認済み,34.604948,135.574969
平野区,長吉長原東住宅,長吉長原東住宅１０号館,89.0,1992.0,34.0,A,継続活用,平野区長吉長原東２丁目５番１０号,bldg_0b77de18-297d-417b-ad0e-4e4ca35155dd,1,39.8,10.0,14.0,RC造,2.03,2.03,1.06,26.0,,,1階まで,,PLATEAU建物,団地ごとの目視確認済み,34.603463,135.575846
平野区,長吉長原東住宅,長吉長原東住宅１１号館,153.0,1993.0,33.0,A,継続活用,平野区長吉長原東２丁目５番１１号,bldg_4b0aa65c-f002-4783-99b2-11626db6380f,1,51.8,14.0,18.0,RC造,2.18,2.18,1.1,26.0,,,1階まで,,PLATEAU建物,団地ごとの目視確認済み,34.603279,135.576703
平野区,長吉長原東住宅,長吉長原東住宅１２号館,195.0,1989.0,37.0,A,継続活用,平野区長吉長原東２丁目６番１２号,bldg_02077292-5a17-468a-9f32-11f2d564554a,1,51.1,14.0,18.0,RC造,2.12,2.12,1.13,25.0,,,1階まで,,PLATEAU建物,団地ごとの目視確認済み,34.60226,135.577653
平野区,長吉長原東住宅,長吉長原東住宅１３号館,251.0,1997.0,29.0,A,継続活用,平野区長吉長原東２丁目７番１３号,bldg_adb69ae5-e652-4a90-924e-77edd79f3d28,1,41.4,11.0,14.0,RC造,2.25,2.25,0.92,24.0,,,1階まで,,PLATEAU建物,団地ごとの目視確認済み,34.602458,135.579051
平野区,長吉長原東住宅,長吉長原東住宅１４号館,153.0,2000.0,26.0,A,継続活用,平野区長吉六反３丁目８番１４号,bldg_a234294e-7cae-46cb-8558-cd4635141f3d bldg_ad446b85-c141-4a89-96d5-8f8a3f570677,2,40.7,11.0,14.0,RC造,2.21,2.21,1.06,25.0,,,1階まで,,PLATEAU建物,団地ごとの目視確認で修正（2つの建物で1棟）,34.603209,135.580312
平野区,長吉長原東住宅,長吉長原東住宅１５号館,164.0,2000.0,26.0,A,継続活用,平野区長吉六反３丁目８番１５号,bldg_91171197-236c-4784-bf7a-12b3225171df bldg_766b86ab-c0a0-4d89-ac9e-312124640685,2,40.8,11.0,14.0,RC造,2.32,2.32,1.14,29.0,,,1階まで,,PLATEAU建物,団地ごとの目視確認で修正（2つの建物で1棟）,34.603205,135.581389
平野区,長吉長原東住宅,長吉長原東住宅１６号館,98.0,2001.0,25.0,A,継続活用,平野区長吉六反３丁目１１番１６号,bldg_88deba57-b526-4dc6-ba78-e4e64534a2ae,1,33.3,11.0,11.0,RC造,2.13,2.13,0.98,24.0,,,1階まで,,PLATEAU建物,団地ごとの目視確認済み,34.602607,135.580428
平野区,長吉長原東住宅,長吉長原東住宅３号館,111.0,2007.0,19.0,A,継続活用,平野区長吉長原東２丁目１番３号,bldg_2f8d1e86-7526-49d9-911f-5502ad4ea600,1,42.1,14.0,15.0,RC造,1.67,1.67,0.74,21.0,,,1階まで,,PLATEAU建物,団地ごとの目視確認済み,34.603114,135.574269
平野区,長吉長原東住宅,長吉長原東住宅４号館,121.0,2007.0,19.0,A,継続活用,平野区長吉長原東２丁目１番４号,bldg_05b1219d-486e-4b9a-b081-060c3f10930f,1,44.2,14.0,15.0,RC造,1.79,1.79,0.65,21.0,,,1階まで,,PLATEAU建物,団地ごとの目視確認済み,34.603249,135.574728
平野区,長吉長原東住宅,長吉長原東住宅５号館,83.0,1999.0,27.0,A,継続活用,平野区長吉長原東１丁目８番５号,bldg_7bca9280-24e3-4eb1-8b61-c97ea238596d,1,30.0,7.0,10.0,RC造,1.81,1.81,0.76,25.0,,,1階まで,,PLATEAU建物,団地ごとの目視確認済み,34.606035,135.577108
平野区,長吉長原東住宅,長吉長原東住宅６号館,153.0,2003.0,23.0,A,継続活用,平野区長吉長原東１丁目９番６号,bldg_8d2612cd-90f8-4379-85ac-b82e4ffe6192,1,33.6,11.0,12.0,RC造,2.07,2.07,0.99,26.0,,,1階まで,,PLATEAU建物,団地ごとの目視確認済み,34.605486,135.577183
平野区,長吉長原東住宅,長吉長原東住宅７号館,195.0,2003.0,23.0,A,継続活用,平野区長吉長原東１丁目９番７号,bldg_bfd714bc-43ec-484b-b27c-a6fa20671736,1,42.9,14.0,15.0,RC造,2.09,2.09,1.03,28.0,,,1階まで,,PLATEAU建物,団地ごとの目視確認済み,34.604832,135.577168
平野区,長吉長原東住宅,長吉長原東住宅８号館,181.0,1995.0,31.0,A,継続活用,平野区長吉長原東１丁目１１番８号,bldg_72134e1f-989a-43ff-8328-0f03e9a3cbc4 bldg_49659af4-6fe9-4e75-b4ad-87e89e596097,2,49.8,14.0,17.0,RC造,2.09,2.09,0.99,28.0,,,1階まで,,PLATEAU建物,団地ごとの目視確認で修正（2つの建物で1棟）,34.604169,135.577199
平野区,長吉長原東住宅,長吉長原東住宅９号館,76.0,1989.0,37.0,A,継続活用,平野区長吉長原東１丁目５番９号,bldg_938f67ac-b9f5-477a-b980-2ed498f4fb1d,1,31.2,7.0,11.0,RC造,2.12,2.12,1.05,27.0,,,1階まで,,PLATEAU建物,団地ごとの目視確認済み,34.603941,135.575984
平野区,長吉長原東第４住宅,長吉長原東第４住宅39号館,401.0,2019.0,7.0,A,継続活用,平野区長吉長原東３丁目８番１８号,,0,,,,,,,,,,,データなし,,位置のみ（建物なし）,団地ごとの目視確認済み,34.600135,135.579156
平野区,長吉長原東第４住宅,長吉長原東第４住宅40号館,221.0,2020.0,6.0,A,継続活用,平野区長吉長原東３丁目８番１８号,,0,,,,,,,,,,,データなし,,位置のみ（建物なし）,団地ごとの目視確認済み,34.600135,135.577758
平野区,長吉長原東第４住宅,長吉長原東第４住宅１８号館,50.0,1966.0,60.0,A,建替(Ⅰ),平野区長吉長原東３丁目８番１８号,bldg_000d700a-57e7-4b1c-9d0d-173456618cf2,1,13.8,5.0,5.0,RC造,1.98,1.98,0.96,19.0,,,1階まで,,PLATEAU建物,団地ごとの目視確認済み,34.600941,135.578029
平野区,長吉長原東第４住宅,長吉長原東第４住宅１９号館,40.0,,,,,平野区長吉長原東３丁目９番１９号,bldg_6a842f78-8c7e-4662-9ea1-6f9b02dc1189,1,13.9,5.0,5.0,RC造,2.1,2.1,0.98,19.0,,,1階まで,,PLATEAU建物,団地ごとの目視確認済み,34.600723,135.5781
平野区,長吉長原東第４住宅,長吉長原東第４住宅２０号館,40.0,,,,,平野区長吉長原東３丁目９番２０号,bldg_b89187de-3a73-4cfa-96e1-6ab5df298b9e,1,13.9,5.0,5.0,RC造,2.04,2.04,0.98,19.0,,,1階まで,,PLATEAU建物,団地ごとの目視確認済み,34.600735,135.57744
平野区,長吉長原東第４住宅,長吉長原東第４住宅２１号館,30.0,,,,,平野区長吉長原東３丁目９番２１号,bldg_18e021fa-de04-435a-8cc5-7646907f5450,1,13.8,5.0,5.0,RC造,1.99,1.99,1.0,20.0,,,1階まで,,PLATEAU建物,団地ごとの目視確認済み,34.600466,135.577531
平野区,長吉長原東第４住宅,長吉長原東第４住宅２２号館,40.0,,,,,平野区長吉長原東３丁目９番２２号,bldg_cc4e0d7a-982b-419d-87f3-4f5df0739ec5,1,13.9,5.0,5.0,RC造,2.02,2.02,1.01,20.0,,,1階まで,,PLATEAU建物,団地ごとの目視確認済み,34.600458,135.578098
平野区,長吉長原東第４住宅,長吉長原東第４住宅２３号館,40.0,,,,,平野区長吉長原東３丁目９番２３号,bldg_4424ab03-a0a3-4fa6-a050-09d34cfdea38,1,13.8,5.0,5.0,RC造,1.99,1.99,1.04,19.0,,,1階まで,,PLATEAU建物,団地ごとの目視確認済み,34.600131,135.577458
平野区,長吉長原東第４住宅,長吉長原東第４住宅２４号館,30.0,,,,,平野区長吉長原東３丁目９番２４号,bldg_1dcb45b6-8411-44c1-91dd-8f06894e2ccf,1,13.9,5.0,5.0,RC造,2.03,2.03,1.03,18.0,,,1階まで,,PLATEAU建物,団地ごとの目視確認済み,34.600163,135.578093
平野区,長吉長原東第４住宅,長吉長原東第４住宅２５号館,40.0,,,,,平野区長吉長原東３丁目９番２５号,bldg_5b4a758c-9974-4e8f-bfe9-7216b1aa8380,1,13.9,5.0,5.0,RC造,2.14,2.14,1.04,19.0,,,1階まで,,PLATEAU建物,団地ごとの目視確認済み,34.599885,135.578089
平野区,長吉長原東第４住宅,長吉長原東第４住宅２６号館,40.0,,,,,平野区長吉長原東３丁目９番２６号,bldg_93b8c3bb-83a2-47c3-90ef-68ce796310bc,1,13.8,5.0,5.0,RC造,2.01,2.01,1.05,19.0,,,1階まで,,PLATEAU建物,団地ごとの目視確認済み,34.599852,135.57746
平野区,長吉長原東第４住宅,長吉長原東第４住宅２７号館,30.0,1966.0,60.0,A,建替(Ⅰ),平野区長吉長原東３丁目５番２７号,bldg_4085eb68-286a-495f-942d-206c37997880,1,14.1,5.0,5.0,RC造,2.05,2.05,1.0,20.0,,,1階まで,,PLATEAU建物,団地ごとの目視確認済み,34.6012,135.576777
平野区,長吉長原東第４住宅,長吉長原東第４住宅２８号館,30.0,1966.0,60.0,A,建替(Ⅰ),平野区長吉長原東３丁目５番２８号,bldg_42199edf-d494-40fd-861f-f094d4909308,1,14.0,5.0,5.0,RC造,1.97,1.97,1.02,20.0,,,1階まで,,PLATEAU建物,団地ごとの目視確認済み,34.600968,135.576778
平野区,長吉長原東第４住宅,長吉長原東第４住宅３号館,50.0,,,,,平野区長吉長原東３丁目１２番３号,bldg_546484d0-97a9-4c7a-8829-63ca1bdcc52d,1,13.8,5.0,5.0,RC造,2.2,2.2,1.01,21.0,,,1階まで,,PLATEAU建物,団地ごとの目視確認済み,34.601357,135.578867
平野区,長吉長原東第４住宅,長吉長原東第４住宅３７号館,152.0,2011.0,15.0,A,継続活用,平野区長吉長原東３丁目４番３７号,bldg_c6361fe7-3bd2-494e-b0b6-eacf6aaacdfc,1,46.7,14.0,16.0,RC造,1.86,1.86,0.94,17.0,,,1階まで,,PLATEAU建物,団地ごとの目視確認済み,34.600248,135.576722
平野区,長吉長原東第４住宅,長吉長原東第４住宅３８号館,86.0,2011.0,15.0,A,継続活用,平野区長吉長原東３丁目３番３８号,bldg_6b7929f2-45f1-403b-9aba-031823dc6afe,1,36.0,14.0,14.0,RC造,1.9,1.9,1.09,18.0,,,1階まで,,PLATEAU建物,団地ごとの目視確認済み,34.599225,135.576698
平野区,長吉長原東第４住宅,長吉長原東第４住宅６号館,50.0,,,,,平野区長吉長原東３丁目１２番６号,bldg_5a3fe41e-762b-44f5-bbac-7f7615e5c21f,1,13.9,5.0,5.0,RC造,2.12,2.12,1.04,21.0,,,1階まで,,PLATEAU建物,団地ごとの目視確認済み,34.600988,135.578894
平野区,長吉長原西住宅,長吉長原西住宅１号館,107.0,2004.0,22.0,A,継続活用,平野区長吉長原西３丁目９番１号,bldg_ee1799f5-6e88-465f-a9a8-c4c453f67920,1,30.6,10.0,11.0,RC造,0.04,0.04,,0.0,,,1階まで,,PLATEAU建物,団地ごとの目視確認済み,34.600386,135.567595
平野区,長吉長原西住宅,長吉長原西住宅６号館,194.0,1989.0,37.0,A,継続活用,平野区長吉長原西３丁目１０番６号,bldg_0efe8a1a-1cb3-40e7-89bd-76963e746372 bldg_0d4e5662-8843-417a-b06e-bedd9024eac0,2,51.0,13.0,18.0,RC造,0.0,,,,,,なし,,PLATEAU建物,団地ごとの目視確認で修正（2つの建物で1棟）,34.599179,135.567587
平野区,長吉長原西第２住宅,長吉長原西第２住宅１号館,138.0,2011.0,15.0,A,継続活用,平野区長吉長原西３丁目６番１号,bldg_65ad4f55-991a-440b-99f1-5a7291c4d0ca,1,47.4,13.0,16.0,RC造,0.15,0.15,0.06,0.0,,,1階まで,,PLATEAU建物,団地ごとの目視確認済み,34.601201,135.566207
平野区,長吉長原西第２住宅,長吉長原西第２住宅２号館,127.0,2015.0,11.0,A,継続活用,平野区長吉長原西３丁目６番２号,bldg_0dd3d42e-016c-4464-a615-2b33f80aa0b7,1,39.9,,14.0,不明,0.19,0.19,0.12,0.0,,,1階まで,,PLATEAU建物,団地ごとの目視確認済み,34.601696,135.565826
平野区,長吉長原西第３住宅,長吉長原西第３住宅１号館,40.0,1970.0,56.0,A,建替(Ⅱ),平野区長吉長原西４丁目１番１号,bldg_cd72f01d-38c2-46a7-9f7a-793f7596b912,1,14.1,5.0,5.0,RC造,0.43,0.43,0.26,2.0,,,1階まで,,PLATEAU建物,団地ごとの目視確認済み,34.598605,135.563202
平野区,長吉長原西第３住宅,長吉長原西第３住宅１０号館,32.0,1970.0,56.0,A,建替(Ⅱ),平野区長吉長原西４丁目２番１０号,bldg_85eaf890-64ef-47ee-a16b-080463820d4c,1,14.3,5.0,5.0,RC造,0.31,0.31,0.1,0.0,,,1階まで,,PLATEAU建物,団地ごとの目視確認済み,34.59912,135.564474
平野区,長吉長原西第３住宅,長吉長原西第３住宅１１号館,40.0,1970.0,56.0,A,建替(Ⅱ),平野区長吉長原西４丁目２番１１号,bldg_5de05678-7803-49a7-bf8f-2834543f1c1e,1,13.8,5.0,5.0,RC造,0.5,0.5,0.18,0.0,,,1階まで,,PLATEAU建物,団地ごとの目視確認済み,34.598835,135.564395
平野区,長吉長原西第３住宅,長吉長原西第３住宅１２号館,40.0,1970.0,56.0,A,建替(Ⅱ),平野区長吉長原西４丁目２番１２号,bldg_edb79a1b-cf51-4739-9067-a177bab0c37e,1,13.7,5.0,5.0,RC造,0.35,0.35,0.11,0.0,,,1階まで,,PLATEAU建物,団地ごとの目視確認済み,34.598599,135.564327
平野区,長吉長原西第３住宅,長吉長原西第３住宅１３号館,40.0,1970.0,56.0,A,建替(Ⅱ),平野区長吉長原西４丁目２番１３号,bldg_2abfb289-e7a7-4cae-949e-e488a062943b,1,13.9,5.0,5.0,RC造,0.27,0.27,0.01,0.0,,,1階まで,,PLATEAU建物,団地ごとの目視確認済み,34.598349,135.564298
平野区,長吉長原西第３住宅,長吉長原西第３住宅１４号館,40.0,1970.0,56.0,A,建替(Ⅱ),平野区長吉長原西４丁目２番１４号,bldg_caacde40-b765-4eff-8501-3537888ee06f,1,13.9,5.0,5.0,RC造,0.08,0.08,0.18,0.0,,,1階まで,,PLATEAU建物,団地ごとの目視確認済み,34.598094,135.564291
平野区,長吉長原西第３住宅,長吉長原西第３住宅１５号館,40.0,1970.0,56.0,A,建替(Ⅱ),平野区長吉長原西４丁目２番１５号,bldg_76b8db20-6b8d-447a-8390-725b970ee392,1,13.8,5.0,5.0,RC造,0.23,0.23,0.08,0.0,,,1階まで,,PLATEAU建物,団地ごとの目視確認済み,34.598599,135.564803
平野区,長吉長原西第３住宅,長吉長原西第３住宅１６号館,40.0,1970.0,56.0,A,建替(Ⅱ),平野区長吉長原西４丁目２番１６号,bldg_b2e6078a-fede-4c5d-a096-0b6b403b0637,1,13.7,5.0,5.0,RC造,0.04,0.04,,0.0,,,1階まで,,PLATEAU建物,団地ごとの目視確認済み,34.598151,135.564768
平野区,長吉長原西第３住宅,長吉長原西第３住宅１７号館,30.0,1970.0,56.0,A,建替(Ⅱ),平野区長吉長原西４丁目２番１７号,bldg_ac4755ac-9721-47c4-a177-c4c044a49340,1,13.7,5.0,5.0,RC造,0.0,,,,,,なし,,PLATEAU建物,団地ごとの目視確認済み,34.597736,135.564738
平野区,長吉長原西第３住宅,長吉長原西第３住宅１８号館,40.0,1969.0,57.0,A,建替(Ⅱ),平野区長吉長原西４丁目２番１８号,bldg_12bba763-69d0-422d-b7c7-342c9bd48804,1,13.8,5.0,5.0,RC造,0.02,0.02,,0.0,,,1階まで,,PLATEAU建物,団地ごとの目視確認済み,34.598566,135.565098
平野区,長吉長原西第３住宅,長吉長原西第３住宅１９号館,40.0,1970.0,56.0,A,建替(Ⅱ),平野区長吉長原西４丁目２番１９号,bldg_00a1af54-0876-4c0d-85f7-a37213c34a53,1,13.7,5.0,5.0,RC造,0.12,0.12,,0.0,,,1階まで,,PLATEAU建物,団地ごとの目視確認済み,34.598118,135.565065
平野区,長吉長原西第３住宅,長吉長原西第３住宅２号館,40.0,1970.0,56.0,A,建替(Ⅰ),平野区長吉長原西４丁目１番２号,bldg_8bfd8d64-30bd-4e72-89fd-91d0b8064acc,1,14.0,5.0,5.0,RC造,0.15,0.15,0.08,0.0,,,1階まで,,PLATEAU建物,団地ごとの目視確認済み,34.598113,135.563226
平野区,長吉長原西第３住宅,長吉長原西第３住宅２０号館,30.0,1970.0,56.0,A,建替(Ⅱ),平野区長吉長原西４丁目２番２０号,bldg_c4fd0718-94aa-4e33-99b5-4c32e8045a26,1,13.8,5.0,5.0,RC造,0.0,,,,,,なし,,PLATEAU建物,団地ごとの目視確認済み,34.597721,135.565035
平野区,長吉長原西第３住宅,長吉長原西第３住宅３号館,40.0,1970.0,56.0,A,建替(Ⅰ),平野区長吉長原西４丁目１番３号,bldg_a329cc8c-dcfe-4ead-8d5e-7d1c92a9036b bldg_cd59bcff-44e3-4b42-a6b0-6125fcae0f92,2,14.0,5.0,5.0,RC造,0.13,0.13,,0.0,,,1階まで,,PLATEAU建物,団地ごとの目視確認で修正（2つの建物で1棟）,34.597637,135.563245
平野区,長吉長原西第３住宅,長吉長原西第３住宅４号館,40.0,1970.0,56.0,A,建替(Ⅱ),平野区長吉長原西４丁目１番４号,bldg_5330d217-83f2-4745-a67c-008ca9cac3c9,1,14.0,5.0,5.0,RC造,0.39,0.39,0.04,0.0,,,1階まで,,PLATEAU建物,団地ごとの目視確認済み,34.598721,135.563676
平野区,長吉長原西第３住宅,長吉長原西第３住宅５号館,40.0,1970.0,56.0,A,建替(Ⅱ),平野区長吉長原西４丁目１番５号,bldg_1f41bd1b-09a3-482c-ac60-c4675d88f97e,1,14.1,5.0,5.0,RC造,0.3,0.3,0.08,0.0,,,1階まで,,PLATEAU建物,団地ごとの目視確認済み,34.598474,135.56363
平野区,長吉長原西第３住宅,長吉長原西第３住宅６号館,40.0,1970.0,56.0,A,建替(Ⅰ),平野区長吉長原西４丁目１番６号,bldg_c5a25800-fd4c-4a34-a7c6-b7670c59425d,1,14.2,5.0,5.0,RC造,0.08,0.08,0.08,0.0,,,1階まで,,PLATEAU建物,団地ごとの目視確認済み,34.598213,135.56364
平野区,長吉長原西第３住宅,長吉長原西第３住宅７号館,40.0,1970.0,56.0,A,建替(Ⅰ),平野区長吉長原西４丁目１番７号,bldg_426f83a2-fa94-429f-a0b1-e830bc0e9169,1,14.2,5.0,5.0,RC造,0.27,0.27,,0.0,,,1階まで,,PLATEAU建物,団地ごとの目視確認済み,34.597892,135.563654
平野区,長吉長原西第３住宅,長吉長原西第３住宅８号館,40.0,1970.0,56.0,A,建替(Ⅰ),平野区長吉長原西４丁目１番８号,bldg_bd516418-d805-48c6-b8d7-1d0a4c3c8f9a,1,14.2,5.0,5.0,RC造,0.18,0.18,,0.0,,,1階まで,,PLATEAU建物,団地ごとの目視確認済み,34.59763,135.563665
平野区,長吉長原西第３住宅,長吉長原西第３住宅９号館,40.0,1970.0,56.0,A,建替(Ⅰ),平野区長吉長原西４丁目１番９号,bldg_303febdc-ca86-4bb4-a3b9-6779f3044cbe,1,14.1,5.0,5.0,RC造,0.12,0.12,,0.0,,,1階まで,,PLATEAU建物,団地ごとの目視確認済み,34.59737,135.563677
旭区,両国住宅,両国住宅１号館,25.0,2010.0,16.0,A,継続活用,旭区清水４丁目１１番１号,bldg_0a508ad2-d419-4f97-a9e2-ccf1fc603495,1,14.8,,5.0,不明,1.59,1.59,,102.0,,,1階まで,,PLATEAU建物,団地ごとの目視確認済み,34.72193,135.564057
旭区,両国住宅,両国住宅３号館,9.0,1972.0,54.0,A,継続活用,旭区清水４丁目１１番３号,bldg_4d479332-5437-448a-8ccb-29bc045eaeac,1,13.9,5.0,5.0,RC造,1.57,1.57,,100.0,,,1階まで,,PLATEAU建物,団地ごとの目視確認済み,34.72225,135.564352
旭区,両国住宅,両国住宅４号館,19.0,1972.0,54.0,A,継続活用,旭区清水４丁目１１番４号,bldg_f035d507-a540-4bb5-9e31-a4c808de36ab,1,14.1,5.0,5.0,RC造,1.57,1.57,,100.0,,,1階まで,,PLATEAU建物,団地ごとの目視確認済み,34.722218,135.564065
旭区,両国住宅,両国住宅５号館,25.0,1988.0,38.0,A,継続活用,旭区清水５丁目４番５号,bldg_8d847cf6-605f-4c53-b20b-28bd0afad2f7,1,15.2,5.0,5.0,RC造,1.67,1.67,,107.0,,,1階まで,,PLATEAU建物,団地ごとの目視確認済み,34.722487,135.563462
旭区,中宮第２住宅,中宮第２住宅１号館,79.0,1972.0,54.0,B,建替(Ⅱ),旭区中宮１丁目１１番１号,bldg_c656922b-513e-4c68-8390-4e7613a6d172,1,41.2,11.0,14.0,RC造,1.66,1.66,,70.0,0.08,,1階まで,,PLATEAU建物,団地ごとの目視確認済み,34.721005,135.54307
旭区,中宮第２住宅,中宮第２住宅２号館,90.0,1972.0,54.0,B,建替(Ⅱ),旭区中宮１丁目１１番２号,bldg_97532107-0532-4ea7-9377-4ba501778442,1,37.5,11.0,13.0,RC造,1.96,1.96,,103.0,0.43,,1階まで,,PLATEAU建物,団地ごとの目視確認済み,34.721392,135.54316
旭区,今市住宅,今市住宅１号館,81.0,2010.0,16.0,A,継続活用,旭区太子橋１丁目９番１号,bldg_9e73f780-958f-474c-a5fe-4b5656650178,1,37.2,12.0,13.0,RC造,3.08,3.08,,48.0,,,2階まで,,PLATEAU建物,団地ごとの目視確認済み,34.730817,135.55073
旭区,城北中宮住宅,城北中宮住宅１号館,57.0,2000.0,26.0,A,継続活用,旭区中宮５丁目１番１号,bldg_7e41ca28-e2fe-4c43-8251-da56b3883270,1,19.1,7.0,7.0,RC造,2.94,2.94,,119.0,0.27,,2階まで,,PLATEAU建物,団地ごとの目視確認済み,34.728602,135.540776
旭区,城北住宅,城北住宅１号館,125.0,2005.0,21.0,A,継続活用,旭区大宮５丁目９番１号,bldg_3a3a7e14-8d4f-492f-bf6c-702a52095f47,1,44.4,,15.0,不明,3.87,3.87,,98.0,0.29,,2階まで,,PLATEAU建物,団地ごとの目視確認済み,34.73019,135.546108
旭区,城北住宅,城北住宅１２号館,112.0,1973.0,53.0,A,継続活用,旭区大宮５丁目８番１２号,bldg_64a9391a-31e8-46c5-beb4-545692f14e9a bldg_8a249915-a089-4bbd-8fd1-2beb7a603805,2,20.2,7.0,7.0,RC造,3.5,3.5,,78.0,0.31,,2階まで,,PLATEAU建物,団地ごとの目視確認で修正（2つの建物で1棟）,34.729766,135.546204
旭区,城北住宅,城北住宅１３号館,112.0,1974.0,52.0,A,継続活用,旭区大宮５丁目１番１３号,bldg_5d918fbf-cb3d-4b25-a747-064cd27ea427 bldg_709fbf3a-83fa-4e58-a090-e6d886a42dd1,2,20.2,7.0,7.0,RC造,3.77,3.77,,92.0,0.05,,2階まで,,PLATEAU建物,団地ごとの目視確認で修正（2つの建物で1棟）,34.729368,135.546274
旭区,城北住宅,城北住宅１４号館,98.0,1976.0,50.0,A,継続活用,旭区大宮５丁目２番１４号,bldg_71962e51-42d7-49c7-84cc-12657cfcc57c,1,20.1,7.0,7.0,RC造,3.59,3.59,,73.0,0.01,,2階まで,,PLATEAU建物,団地ごとの目視確認済み,34.729507,135.54762
旭区,城北住宅,城北住宅１５号館,90.0,1976.0,50.0,A,継続活用,旭区大宮５丁目７番１５号,bldg_8da6421d-7099-4529-b8df-0895f4ea4422,1,20.0,7.0,7.0,RC造,3.72,3.72,,72.0,0.02,,2階まで,,PLATEAU建物,団地ごとの目視確認済み,34.729901,135.547574
旭区,城北住宅,城北住宅１６号館,196.0,1976.0,50.0,A,継続活用,旭区大宮５丁目１０番１６号,bldg_d7a95869-39bc-4c53-a4e1-e1f57c166574,1,47.8,14.0,16.0,RC造,3.98,3.98,,66.0,0.23,,2階まで,,PLATEAU建物,団地ごとの目視確認済み,34.730328,135.547495
旭区,城北住宅,城北住宅２号館,40.0,2009.0,17.0,A,継続活用,旭区大宮５丁目９番２号,bldg_d401efc2-7c94-4eee-bd5c-1e729b139330,1,33.9,11.0,12.0,RC造,3.72,3.72,,94.0,0.17,,2階まで,,PLATEAU建物,団地ごとの目視確認済み,34.73016,135.545607
旭区,大宮住宅,大宮住宅１号館,125.0,2002.0,24.0,A,継続活用,旭区大宮５丁目１２番２１号,bldg_646310f8-b1af-4096-af6e-7aac9621ddfa,1,42.0,3.0,14.0,非木造,3.19,3.19,,46.0,,,2階まで,,PLATEAU建物,団地ごとの目視確認済み,34.730586,135.550075
旭区,太子橋住宅,太子橋住宅１号館,14.0,2002.0,24.0,A,継続活用,旭区太子橋１丁目２４番１号,bldg_61806589-c16e-4a60-a1f0-4483c5719154,1,9.6,3.0,3.0,RC造,2.56,2.56,,17.0,,,1階まで,,PLATEAU建物,団地ごとの目視確認済み,34.73295,135.550425
旭区,新森住宅,新森住宅１号館,90.0,1978.0,48.0,A,継続活用,旭区新森６丁目１０番１号,bldg_790ad02a-5f91-4a42-a1ea-11571a6e6023,1,20.1,7.0,7.0,RC造,0.94,0.94,,57.0,,,1階まで,,PLATEAU建物,団地ごとの目視確認済み,34.717942,135.565074
旭区,新生江住宅,新生江住宅１号館,79.0,2011.0,15.0,A,継続活用,旭区生江３丁目２１番１号,bldg_42e8adbe-dba8-4864-aeb7-8df02f3d7b9a bldg_a2c1563d-5ff8-4830-94ee-a49f44797289,2,23.9,8.0,8.0,RC造,2.79,2.79,,100.0,0.43,,1階まで,,PLATEAU建物,団地ごとの目視確認で修正（2つの建物で1棟）,34.728623,135.53383
旭区,新生江住宅,新生江住宅２号館,29.0,2014.0,12.0,A,継続活用,旭区生江３丁目１６番２号,bldg_aefeb868-a845-4d78-aa66-a3fa73870428,1,15.0,5.0,5.0,RC造,2.5,2.5,,94.0,0.22,,1階まで,,PLATEAU建物,団地ごとの目視確認済み,34.728534,135.535567
旭区,新生江住宅,新生江住宅３号館,133.0,2018.0,8.0,A,継続活用,旭区生江３丁目20番3号,,0,,,,,,,,,,,データなし,,位置のみ（建物なし）,団地ごとの目視確認で修正,34.728438,135.534293
旭区,橋寺住宅,橋寺住宅１号館,130.0,2010.0,16.0,A,継続活用,旭区太子橋３丁目８番１号,bldg_73dfd2b6-d803-4845-a58a-d4039a90356d,1,33.5,11.0,12.0,RC造,1.47,1.47,,11.0,,,1階まで,,PLATEAU建物,団地ごとの目視確認済み,34.739393,135.558716
旭区,清水住宅,清水住宅１号館,50.0,1980.0,46.0,A,継続活用,旭区清水５丁目１１番１号,bldg_e6e1b7cc-6245-4e21-82ee-640d9e6c4582,1,14.5,5.0,5.0,RC造,1.98,1.98,,121.0,0.12,,1階まで,,PLATEAU建物,団地ごとの目視確認済み,34.723493,135.561881
旭区,清水住宅,清水住宅２号館,50.0,1980.0,46.0,A,継続活用,旭区清水５丁目１１番２号,bldg_82d3eeb0-3c5b-4154-bcfd-40e8cb76d074,1,14.5,5.0,5.0,RC造,1.89,1.89,,114.0,0.15,,1階まで,,PLATEAU建物,団地ごとの目視確認済み,34.723833,135.561894
旭区,清水住宅,清水住宅３号館,20.0,1980.0,46.0,A,継続活用,旭区清水５丁目１５番３号,bldg_9a8062b3-9a34-4c28-a983-c1547b94dfea,1,14.5,5.0,5.0,RC造,1.94,1.94,,116.0,0.12,,1階まで,,PLATEAU建物,団地ごとの目視確認済み,34.724201,135.562086
旭区,清水住宅,清水住宅４号館,30.0,1980.0,46.0,A,継続活用,旭区清水５丁目１６番４号,bldg_83885cbe-5836-49c6-9325-6775b35bd4ea,1,14.7,5.0,5.0,RC造,1.78,1.78,,103.0,,,1階まで,,PLATEAU建物,団地ごとの目視確認済み,34.724581,135.562518
旭区,清水住宅,清水住宅５号館,15.0,1980.0,46.0,A,継続活用,旭区清水５丁目１７番５号,bldg_d6c45f0b-9630-490b-88ec-1ef2b4ff9c7d,1,11.7,4.0,4.0,RC造,1.73,1.73,,100.0,,,1階まで,,PLATEAU建物,団地ごとの目視確認済み,34.724641,135.562948
旭区,生江住宅,生江住宅１１号館,162.0,,,,,旭区生江３丁目１６番１１号,bldg_0c893d11-6ec4-4a2f-b149-e184582b9260,1,38.9,11.0,13.0,RC造,2.75,2.75,,113.0,0.54,,1階まで,,PLATEAU建物,団地ごとの目視確認済み,34.728119,135.535999
旭区,生江住宅,生江住宅１２号館,24.0,1976.0,50.0,B/A,建替(Ⅰ)/継続活用,旭区生江３丁目１４番１２号,bldg_9d383f10-1135-457d-9c9f-9ee64299af2a,1,12.1,4.0,4.0,RC造,2.58,2.58,,108.0,0.8,,1階まで,,PLATEAU建物,団地ごとの目視確認済み,34.727563,135.534546
旭区,生江住宅,生江住宅１３号館,56.0,,,,,旭区生江３丁目１７番１３号,bldg_49a467ea-11c5-40b5-9c7e-f51b09bc5ffe,1,30.5,8.0,11.0,RC造,2.42,2.42,,84.0,0.08,,1階まで,,PLATEAU建物,団地ごとの目視確認済み,34.728293,135.535085
旭区,生江住宅,生江住宅９号館,59.0,1966.0,60.0,A,継続活用,旭区生江３丁目２４番９号,bldg_6a2f3876-6221-4e5d-ad41-5c06315a2b7e,1,14.6,5.0,5.0,RC造,2.06,2.06,,42.0,0.01,,1階まで,,PLATEAU建物,団地ごとの目視確認済み,34.729268,135.534509
旭区,赤川住宅,赤川住宅1号館,92.0,2022.0,4.0,A,継続活用,旭区赤川1丁目8-1,bldg_199cb4c6-653b-4305-9316-a3741c86cec5,1,14.0,5.0,5.0,RC造,2.59,2.59,,116.0,0.94,,1階まで,,PLATEAU建物,団地ごとの目視確認済み,34.72166,135.533728
旭区,赤川西住宅,赤川西住宅１号館,24.0,1978.0,48.0,A,継続活用,旭区赤川４丁目２２番１号,bldg_7fe94fb3-8c77-40c5-a8b8-2d00d0c76968,1,11.5,4.0,4.0,RC造,4.34,4.34,,82.0,0.26,,2階まで,,PLATEAU建物,団地ごとの目視確認済み,34.728316,135.530607
旭区,赤川西住宅,赤川西住宅２号館,16.0,1978.0,48.0,A,継続活用,旭区赤川４丁目２９番２号,bldg_7c786d6c-3b95-4f52-8486-68471ec1dd67,1,11.5,4.0,4.0,RC造,5.16,5.16,,90.0,0.33,,2階まで,,PLATEAU建物,団地ごとの目視確認済み,34.728868,135.528835
旭区,赤川西住宅,赤川西住宅３号館,16.0,1978.0,48.0,A,継続活用,旭区赤川３丁目１６番３号,bldg_9d801f7e-78ea-4d7b-88f2-cbe75ad2d95e,1,11.5,4.0,4.0,RC造,4.59,4.59,,88.0,0.31,,2階まで,,PLATEAU建物,団地ごとの目視確認済み,34.728388,135.528551
旭区,高殿住宅,高殿住宅１号館,118.0,1974.0,52.0,A,継続活用,旭区高殿６丁目２１番１号,bldg_9e24360c-ef46-4b5d-8faa-49c4b4ffcdca,1,19.9,7.0,7.0,RC造,1.9,1.9,,67.0,0.33,,1階まで,,PLATEAU建物,団地ごとの目視確認済み,34.719084,135.544067
旭区,高殿住宅,高殿住宅２号館,83.0,1974.0,52.0,A,継続活用,旭区高殿６丁目１９番２号,bldg_e2191e96-fd6b-42b0-8982-66e59fc11b83,1,20.1,7.0,7.0,RC造,1.64,1.64,,57.0,0.01,,1階まで,,PLATEAU建物,団地ごとの目視確認済み,34.71892,135.545314
旭区,高殿住宅,高殿住宅３号館,20.0,1975.0,51.0,A,継続活用,旭区高殿６丁目１８番３号,bldg_89192bd2-451e-41b4-a282-7dc0baa74828,1,14.0,5.0,5.0,RC造,2.06,2.06,,72.0,0.58,,1階まで,,PLATEAU建物,団地ごとの目視確認済み,34.718733,135.544467
旭区,高殿住宅,高殿住宅４号館,30.0,1975.0,51.0,A,継続活用,旭区高殿６丁目１８番４号,bldg_caae4465-1a7f-4f1f-bc84-8f3121efd6d3,1,13.9,5.0,5.0,RC造,2.03,2.03,,71.0,0.52,,1階まで,,PLATEAU建物,団地ごとの目視確認済み,34.718782,135.544079
旭区,高殿住宅,高殿住宅５号館,30.0,1975.0,51.0,A,継続活用,旭区高殿６丁目１８番５号,bldg_6efb370f-ab2b-42b8-9211-3b8b652e80db,1,14.0,5.0,5.0,RC造,2.12,2.12,,74.0,0.58,,1階まで,,PLATEAU建物,団地ごとの目視確認済み,34.718489,135.544011
旭区,高殿北住宅,高殿北住宅１号館,80.0,1992.0,34.0,A,継続活用,旭区高殿５丁目１２番１号,bldg_d6f49529-f75e-4299-b458-8b44ca063577,1,40.6,11.0,14.0,RC造,2.21,2.21,,75.0,0.81,0.11,1階まで,,PLATEAU建物,団地ごとの目視確認済み,34.719952,135.539492
旭区,高殿北住宅,高殿北住宅２号館,76.0,1994.0,32.0,A,継続活用,旭区高殿５丁目１２番２号,bldg_5bb47297-6578-4e47-ac07-aa5681e3df9a,1,51.3,7.0,18.0,RC造,1.98,1.98,,67.0,0.79,0.09,1階まで,,PLATEAU建物,団地ごとの目視確認済み,34.720454,135.5395
旭区,高殿南住宅,高殿南住宅１号館,20.0,1979.0,47.0,A,継続活用,旭区高殿３丁目１１番１号,bldg_4109108e-82f5-4bd6-ad66-15e9be7c9925,1,14.6,5.0,5.0,RC造,2.42,2.42,,82.0,0.86,,1階まで,,PLATEAU建物,団地ごとの目視確認済み,34.713774,135.54015
旭区,高殿南住宅,高殿南住宅２号館,25.0,1979.0,47.0,A,継続活用,旭区高殿３丁目１２番２号,bldg_694fc11f-b54b-4b9d-8578-6fc321ddd8a8,1,14.9,5.0,5.0,RC造,2.32,2.32,,79.0,0.91,,1階まで,,PLATEAU建物,団地ごとの目視確認済み,34.714097,135.540189
旭区,高殿西住宅,高殿西住宅１号館,90.0,1977.0,49.0,A,継続活用,旭区高殿３丁目３２番１号,bldg_411bc9b9-1e58-40b8-8ff4-afe87059a797,1,36.2,9.0,12.0,RC造,2.35,2.35,,80.0,0.73,,1階まで,,PLATEAU建物,団地ごとの目視確認済み,34.71649,135.540685
旭区,高殿西住宅,高殿西住宅２号館,90.0,1977.0,49.0,A,継続活用,旭区高殿３丁目２６番２号,bldg_65fdf5a6-7e95-4cb9-b153-40981b39c3a3,1,34.8,9.0,12.0,RC造,2.32,2.32,,79.0,0.81,,1階まで,,PLATEAU建物,団地ごとの目視確認済み,34.716013,135.540738
旭区,高殿西住宅,高殿西住宅３号館,40.0,1977.0,49.0,A,継続活用,旭区高殿３丁目２５番３号,bldg_8dd0d24c-f7a4-478d-ba0f-1708e16d6cd9 bldg_19ed034a-8629-43c4-aa03-fb602af610c3,2,12.5,4.0,4.0,RC造,2.4,2.4,,81.0,1.0,,1階まで,,PLATEAU建物,団地ごとの目視確認で修正（2つの建物で1棟）,34.715744,135.540701
旭区,高殿西住宅,高殿西住宅４号館,20.0,1979.0,47.0,A,継続活用,旭区高殿４丁目１７番４号,bldg_feceb1bf-08d5-4329-a35c-e7eecc60c8c4,1,14.7,5.0,5.0,RC造,2.24,2.24,,77.0,0.79,,1階まで,,PLATEAU建物,団地ごとの目視確認済み,34.715971,135.541496
旭区,高殿西住宅,高殿西住宅５号館,30.0,1979.0,47.0,A,継続活用,旭区高殿４丁目１８番５号,bldg_15285863-bb32-4e1a-a79e-42d27ffe4549,1,14.7,5.0,5.0,RC造,2.17,2.17,,75.0,0.76,,1階まで,,PLATEAU建物,団地ごとの目視確認済み,34.716297,135.54159
旭区,高殿西住宅,高殿西住宅６号館,20.0,1979.0,47.0,A,継続活用,旭区高殿３丁目３１番６号,bldg_1fa9d2c8-e101-444b-829d-33dce72b0710,1,14.5,5.0,5.0,RC造,2.21,2.21,,76.0,0.93,,1階まで,,PLATEAU建物,団地ごとの目視確認済み,34.716364,135.539828
旭区,高殿西住宅,高殿西住宅７号館,45.0,1979.0,47.0,A,継続活用,旭区高殿３丁目３１番７号,bldg_d2128ed4-6421-4982-b114-f70c8167ca55,1,14.7,5.0,5.0,RC造,2.21,2.21,,76.0,0.86,,1階まで,,PLATEAU建物,団地ごとの目視確認済み,34.716401,135.539332
旭区,高殿西住宅,高殿西住宅８号館,90.0,1979.0,47.0,A,継続活用,旭区高殿５丁目２番８号,bldg_37193dfc-3bba-4ecf-9d3c-2fb094f22954,1,20.0,7.0,7.0,RC造,2.19,2.19,,75.0,0.76,,1階まで,,PLATEAU建物,団地ごとの目視確認済み,34.717026,135.539622
旭区,高殿西住宅,高殿西住宅９号館,77.0,1981.0,45.0,A,継続活用,旭区高殿５丁目１番９号,bldg_45259a10-6434-4345-a405-38c840c1fb5b,1,29.9,7.0,10.0,RC造,2.32,2.32,,79.0,0.93,0.06,1階まで,,PLATEAU建物,団地ごとの目視確認済み,34.717746,135.53865
旭区,高殿西第２住宅,高殿西第２住宅１号館,38.0,1979.0,47.0,A,継続活用,旭区高殿２丁目１３番１号,bldg_9517050f-e351-43a2-8f2e-f84f60c8edbd,1,14.0,5.0,5.0,RC造,2.27,2.27,,77.0,0.79,0.03,1階まで,,PLATEAU建物,団地ごとの目視確認済み,34.718921,135.537198
旭区,高殿西第３住宅,高殿西第３住宅１号館,24.0,1981.0,45.0,A,継続活用,旭区高殿２丁目６番１号,bldg_c075f29e-2b2f-4eb5-89e5-d19551032a97,1,11.9,4.0,4.0,RC造,2.24,2.24,,76.0,0.72,,1階まで,,PLATEAU建物,団地ごとの目視確認済み,34.717183,135.536285
旭区,高殿西第４住宅,高殿西第４住宅１号館,75.0,2016.0,10.0,A,継続活用,旭区高殿２丁目16番1号,bldg_31d14037-f17f-485c-924a-bdf05f460711,1,39.5,,14.0,不明,2.35,2.35,,78.0,0.76,0.02,1階まで,,PLATEAU建物,団地ごとの目視確認済み,34.71957,135.536446
東住吉区,住道矢田住宅,住道矢田住宅１号館,136.0,2018.0,8.0,A,継続活用,東住吉区住道矢田３丁目1番1号,,0,,,,,,,,,,,データなし,,位置のみ（建物なし）,団地ごとの目視確認で修正,34.599969,135.533134
東住吉区,公園南矢田住宅,公園南矢田住宅１号館,12.0,1990.0,36.0,A,継続活用,東住吉区公園南矢田４丁目６番１号,bldg_93a575f6-5b87-4267-a22e-e9891c2852f7,1,8.3,3.0,3.0,RC造,2.99,2.99,2.28,10.0,,,2階まで,,PLATEAU建物,団地ごとの目視確認済み,34.596443,135.522616
東住吉区,公園南矢田住宅,公園南矢田住宅２号館,33.0,1990.0,36.0,A,継続活用,東住吉区公園南矢田４丁目６番２号,bldg_f800dbbb-4d9d-43fd-b65d-4290f7ef2b1d,1,36.8,9.0,13.0,RC造,2.83,2.83,2.14,10.0,,,1階まで,,PLATEAU建物,団地ごとの目視確認済み,34.596373,135.522953
東住吉区,南田辺住宅,南田辺住宅１号館,30.0,1988.0,38.0,A,継続活用,東住吉区南田辺５丁目１４番１号,bldg_9315570f-aec8-48f2-9205-cbc6843b76c3,1,14.6,5.0,5.0,RC造,2.29,2.29,1.19,24.0,,,1階まで,,PLATEAU建物,団地ごとの目視確認済み,34.617171,135.52494
東住吉区,南田辺住宅,南田辺住宅２号館,30.0,1988.0,38.0,A,継続活用,東住吉区南田辺５丁目２１番２号,bldg_c832a8cc-bdda-4f1a-8fb4-18c755c37337,1,14.6,5.0,5.0,RC造,2.32,2.32,1.22,22.0,,,1階まで,,PLATEAU建物,団地ごとの目視確認済み,34.616587,135.525142
東住吉区,南田辺住宅,南田辺住宅３号館,20.0,1988.0,38.0,A,継続活用,東住吉区南田辺５丁目２３番３号,bldg_1319290c-ee3a-45a5-86d2-e452a71c7b06,1,14.7,5.0,5.0,RC造,2.33,2.33,1.23,23.0,,,1階まで,,PLATEAU建物,団地ごとの目視確認済み,34.616545,135.524607
東住吉区,矢田中住宅,矢田中住宅5号館,38.0,2023.0,3.0,A,継続活用,東住吉区矢田６丁目１０番１０号,,0,,,,,,,,,,,データなし,,位置のみ（建物なし）,団地ごとの目視確認済み,34.599003,135.531048
東住吉区,矢田中住宅,矢田中住宅１号館,53.0,2010.0,16.0,A,継続活用,東住吉区矢田６丁目１１番１号,bldg_7b86ac35-75ab-4ba3-bf6a-c9ec9bd83a53,1,18.6,6.0,6.0,RC造,3.49,3.49,2.78,14.0,,,2階まで,,PLATEAU建物,団地ごとの目視確認済み,34.600583,135.531634
東住吉区,矢田中住宅,矢田中住宅１０号館,28.0,1984.0,42.0,A,建替(Ⅱ),東住吉区矢田６丁目１０番１０号,bldg_98540c15-af58-4c5b-a56e-4f2d391de5c9,1,13.7,4.0,5.0,RC造,2.07,2.07,1.37,8.0,,,1階まで,,PLATEAU建物,団地ごとの目視確認済み,34.600685,135.530867
東住吉区,矢田中住宅,矢田中住宅２号館,41.0,2012.0,14.0,A,継続活用,東住吉区矢田６丁目１１番２号,bldg_f7bd3b07-f666-4941-8b90-062d8957b175,1,21.3,,7.0,不明,3.83,3.83,3.14,15.0,,,2階まで,,PLATEAU建物,団地ごとの目視確認済み,34.600235,135.531731
東住吉区,矢田中住宅,矢田中住宅３号館,34.0,2012.0,14.0,A,継続活用,東住吉区矢田６丁目１０番３号,bldg_ecb7d26f-d3ec-44cb-be2f-3745d9755cdf,1,21.2,,7.0,不明,3.51,3.51,2.84,12.0,,,2階まで,,PLATEAU建物,団地ごとの目視確認済み,34.600065,135.531232
東住吉区,矢田中住宅,矢田中住宅４号館,117.0,1978.0,48.0,A,継続活用,東住吉区矢田６丁目12番4号,,0,,,,,,,,,,,データなし,,位置のみ（建物なし）,団地ごとの目視確認済み,34.599032,135.531683
東住吉区,矢田中住宅,矢田中住宅８号館,117.0,1978.0,48.0,A,継続活用,東住吉区矢田６丁目12番4号,bldg_13a6d2db-0832-4f2b-a23c-5db4a89888d5,1,28.7,7.0,10.0,RC造,3.57,3.57,2.9,13.0,,,2階まで,,PLATEAU建物,団地ごとの目視確認済み,34.599452,135.531324
東住吉区,矢田中住宅,矢田中住宅９号館,15.0,1983.0,43.0,A,建替(Ⅱ),東住吉区矢田６丁目１０番９号,bldg_1e9d7f4f-2eee-4110-805a-38d303477d6d,1,10.8,3.0,4.0,非木造,1.6,1.6,0.95,7.0,,,1階まで,,PLATEAU建物,団地ごとの目視確認済み,34.600433,135.530841
東住吉区,矢田住宅,矢田住宅７号館,15.0,2003.0,23.0,A,継続活用,東住吉区矢田５丁目９番７号,bldg_27a5cea0-c2fa-41c3-bb9f-0c9e34cca3fe,1,12.3,4.0,4.0,RC造,2.84,2.84,2.12,11.0,,,1階まで,,PLATEAU建物,団地ごとの目視確認済み,34.600316,135.529539
東住吉区,矢田住宅,矢田住宅８号館,15.0,1993.0,33.0,A,継続活用,東住吉区矢田５丁目１０番８号,bldg_504ab643-4bae-40a3-931d-1df6add0eab8,1,12.7,4.0,4.0,非木造,3.41,3.41,2.69,13.0,,,2階まで,,PLATEAU建物,団地ごとの目視確認済み,34.600713,135.52956
東住吉区,矢田住宅,矢田住宅９号館,44.0,2006.0,20.0,A,継続活用,東住吉区矢田５丁目１１番９号,bldg_21678649-336c-4623-98c6-eeb33f7e8b0e,1,12.8,4.0,4.0,RC造,3.59,3.59,2.87,14.0,,,2階まで,,PLATEAU建物,団地ごとの目視確認済み,34.601035,135.52961
東住吉区,矢田住道第２住宅,矢田住道第２住宅１号館,31.0,1996.0,30.0,A,継続活用,東住吉区住道矢田３丁目７番１号,bldg_4dce3ce7-3c70-4ecb-a0f1-1486100e78fb,1,15.4,4.0,5.0,RC造,1.11,1.11,0.11,6.0,,,1階まで,,PLATEAU建物,団地ごとの目視確認済み,34.599354,135.535185
東住吉区,矢田住道西住宅,矢田住道西住宅０号館,4.0,1954.0,72.0,D,建替(Ⅰ),東住吉区矢田６丁目８番０号,bldg_4b7db817-c148-4fe1-85ac-dfd39da1b8bd,1,3.5,1.0,1.0,木造,3.9,3.9,2.99,15.0,,,2階まで,あり,PLATEAU建物,団地ごとの目視確認で修正,34.601706,135.532168
東住吉区,矢田北住宅,矢田北住宅１号館,6.0,1986.0,40.0,A,EV設置,東住吉区矢田６丁目１番１号,bldg_3abbe149-fe40-45a5-ab8c-08f18738dd0c,1,9.7,3.0,3.0,非木造,3.31,3.31,2.5,13.0,,,2階まで,,PLATEAU建物,団地ごとの目視確認済み,34.602222,135.530491
東住吉区,矢田北住宅,矢田北住宅２号館,16.0,1987.0,39.0,A,継続活用,東住吉区矢田６丁目６番２号,bldg_d1d54061-a1e7-4963-831c-de093a776456,1,13.0,4.0,4.0,RC造,3.03,3.03,2.32,12.0,,,2階まで,,PLATEAU建物,団地ごとの目視確認済み,34.602232,135.530955
東住吉区,矢田北住宅,矢田北住宅３号館,16.0,1986.0,40.0,A,EV設置,東住吉区矢田６丁目６番３号,bldg_24a918c6-3951-417b-98e6-e9beab42d626,1,12.5,4.0,4.0,RC造,3.04,3.04,2.33,12.0,,,2階まで,,PLATEAU建物,団地ごとの目視確認済み,34.601952,135.530972
東住吉区,矢田北住宅,矢田北住宅４号館,24.0,1987.0,39.0,A,EV設置,東住吉区矢田６丁目５番４号,bldg_55f21949-af06-44fc-965c-88c5df4c7f87,1,12.4,4.0,4.0,RC造,3.1,3.1,2.39,12.0,,,2階まで,,PLATEAU建物,団地ごとの目視確認済み,34.601613,135.530921
東住吉区,矢田北住宅,矢田北住宅５号館,24.0,1994.0,32.0,A,継続活用,東住吉区矢田６丁目５番５号,bldg_38c3e9f1-407a-47c9-8df7-a9b76b0916af,1,13.3,4.0,5.0,RC造,2.86,2.86,2.16,11.0,,,1階まで,,PLATEAU建物,団地ごとの目視確認済み,34.601158,135.530846
東住吉区,矢田北住宅,矢田北住宅７号館,15.0,1989.0,37.0,A,EV設置,東住吉区矢田６丁目２番７号,bldg_65dd561e-38f2-4135-b9f1-5fbca8b54aa8,1,10.3,3.0,4.0,非木造,3.39,3.39,2.57,12.0,,,2階まで,,PLATEAU建物,団地ごとの目視確認済み,34.601336,135.530219
東住吉区,矢田部住宅,矢田部住宅１号館,103.0,2004.0,22.0,A,継続活用,東住吉区公園南矢田１丁目１８番２０号,bldg_420ece60-53fa-45c2-82fa-b133b09d7ebd,1,39.9,13.0,14.0,RC造,2.09,2.09,1.34,13.0,,,1階まで,,PLATEAU建物,団地ごとの目視確認済み,34.608914,135.525886
東住吉区,矢田部住宅,矢田部住宅１０号館,30.0,1984.0,42.0,A,継続活用,東住吉区公園南矢田１丁目２０番１０号,bldg_ab38168b-c6b6-41d1-a7a7-5e0d02ff96f8,1,14.2,5.0,5.0,RC造,1.81,1.81,1.05,13.0,,,1階まで,,PLATEAU建物,団地ごとの目視確認済み,34.607963,135.525954
東住吉区,矢田部住宅,矢田部住宅１１号館,30.0,1984.0,42.0,A,継続活用,東住吉区公園南矢田１丁目２１番１１号,bldg_6e99a81e-8380-4476-a314-c9f6bef77575,1,14.3,5.0,5.0,RC造,1.5,1.5,0.74,10.0,,,1階まで,,PLATEAU建物,団地ごとの目視確認済み,34.607639,135.525382
東住吉区,矢田部住宅,矢田部住宅１２号館,30.0,1984.0,42.0,A,継続活用,東住吉区公園南矢田１丁目２１番１２号,bldg_a4e66a92-557f-4271-a709-4d86855a63ba bldg_2e61dd28-e66e-4bfa-bb2f-7945ef7d2097,2,14.2,5.0,5.0,RC造,1.77,1.77,1.0,12.0,,,1階まで,,PLATEAU建物,団地ごとの目視確認で修正（2つの建物で1棟）,34.607649,135.525963
東住吉区,矢田部住宅,矢田部住宅１３号館,30.0,1984.0,42.0,A,継続活用,東住吉区公園南矢田１丁目２２番１３号,bldg_04a81cfd-49bc-4b24-86f2-fab92fb24aee,1,14.4,5.0,5.0,RC造,1.67,1.67,0.91,11.0,,,1階まで,,PLATEAU建物,団地ごとの目視確認済み,34.607343,135.525958
東住吉区,矢田部住宅,矢田部住宅１４号館,50.0,1984.0,42.0,A,継続活用,東住吉区公園南矢田１丁目２２番１４号,bldg_c385efb1-2fe5-43a2-935f-b1660e464a27,1,14.4,5.0,5.0,RC造,1.71,1.71,0.96,11.0,,,1階まで,,PLATEAU建物,団地ごとの目視確認済み,34.607026,135.525819
東住吉区,矢田部住宅,矢田部住宅１５号館,55.0,2009.0,17.0,A,継続活用,東住吉区公園南矢田１丁目１２番１５号,bldg_5b8d8048-0c35-494d-91b0-6e89b8a5e0b3,1,24.8,8.0,9.0,RC造,1.54,1.54,0.89,10.0,,,1階まで,,PLATEAU建物,団地ごとの目視確認済み,34.607462,135.524595
東住吉区,矢田部住宅,矢田部住宅１６号館,55.0,2009.0,17.0,A,継続活用,東住吉区公園南矢田１丁目１２番１６号,bldg_f3cfb5c6-c9ac-4183-88ed-0a92f2759892,1,24.8,8.0,9.0,RC造,1.51,1.51,0.77,10.0,,,1階まで,,PLATEAU建物,団地ごとの目視確認済み,34.607031,135.524608
東住吉区,矢田部住宅,矢田部住宅１７号館,83.0,2011.0,15.0,A,継続活用,東住吉区公園南矢田１丁目２３番１７号,bldg_fb2cde95-2695-48b2-8ed8-557c645c6aa1 bldg_c96d77c9-ca80-4e37-a17b-8200d9723fdd,2,18.0,,6.0,不明,1.73,1.73,0.98,11.0,,,1階まで,,PLATEAU建物,団地ごとの目視確認で修正（2つの建物で1棟）,34.606566,135.525632
東住吉区,矢田部住宅,矢田部住宅２号館,90.0,2004.0,22.0,A,継続活用,東住吉区公園南矢田１丁目３２番２号,bldg_cd6d37ee-d163-40c9-8452-ad55697f46ba bldg_6e030d70-9884-47ba-912b-e03f8fcf877e,2,41.0,13.0,14.0,RC造,2.2,2.2,1.44,16.0,,,1階まで,,PLATEAU建物,団地ごとの目視確認で修正（2つの建物で1棟）,34.60894,135.526606
東住吉区,矢田部住宅,矢田部住宅３号館,68.0,2006.0,20.0,A,継続活用,東住吉区公園南矢田１丁目３１番３号,bldg_ff2db9ea-4d9c-41b5-a8b9-26228c7f6d3e bldg_3085a1b2-565b-4e77-8533-7b60b86a7f1a,2,43.2,,15.0,不明,2.46,2.46,1.7,18.0,,,1階まで,,PLATEAU建物,団地ごとの目視確認で修正（2つの建物で1棟）,34.608492,135.526544
東住吉区,矢田部住宅,矢田部住宅４号館,68.0,2006.0,20.0,A,継続活用,東住吉区公園南矢田１丁目３０番４号,bldg_13ddaa6e-4a94-4f97-8c13-90de9037d765 bldg_d4382cce-2a40-409c-a8c1-bedf80aab044,2,43.7,,15.0,不明,2.23,2.23,1.57,16.0,,,1階まで,,PLATEAU建物,団地ごとの目視確認で修正（2つの建物で1棟）,34.608033,135.526556
東住吉区,矢田部住宅,矢田部住宅５号館,20.0,1986.0,40.0,A,継続活用,東住吉区公園南矢田１丁目１５番５号,bldg_8a918a5e-13c3-47e3-bcc6-68be5c1f2275,1,14.2,5.0,5.0,RC造,1.74,1.74,0.99,11.0,,,1階まで,,PLATEAU建物,団地ごとの目視確認済み,34.608029,135.524688
東住吉区,矢田部住宅,矢田部住宅６号館,40.0,1986.0,40.0,A,継続活用,東住吉区公園南矢田１丁目１６番６号,bldg_588c9226-e5b8-468d-858c-e816a0529338,1,14.0,5.0,5.0,RC造,1.79,1.79,1.04,12.0,,,1階まで,,PLATEAU建物,団地ごとの目視確認済み,34.608356,135.524627
東住吉区,矢田部住宅,矢田部住宅７号館,10.0,1986.0,40.0,A,継続活用,東住吉区公園南矢田１丁目１６番７号,bldg_543dee3f-a389-4455-ab3f-7cf8c263f719,1,14.1,5.0,5.0,RC造,1.69,1.69,0.94,11.0,,,1階まで,,PLATEAU建物,団地ごとの目視確認済み,34.608542,135.524874
東住吉区,矢田部住宅,矢田部住宅８号館,20.0,1984.0,42.0,A,継続活用,東住吉区公園南矢田１丁目２０番８号,bldg_30ee33ed-42bc-409b-8229-b7ac1dff70e7,1,14.2,5.0,5.0,RC造,1.44,1.44,0.78,10.0,,,1階まで,,PLATEAU建物,団地ごとの目視確認済み,34.608004,135.525186
東住吉区,矢田部住宅,矢田部住宅９号館,20.0,1984.0,42.0,A,継続活用,東住吉区公園南矢田１丁目２０番９号,bldg_603bee8e-5d41-4852-937b-b0b3edbf0b9b,1,14.0,5.0,5.0,RC造,1.71,1.71,0.94,12.0,,,1階まで,,PLATEAU建物,団地ごとの目視確認済み,34.607954,135.525489
東住吉区,長居東住宅,長居東住宅１号館,104.0,2003.0,23.0,A,継続活用,東住吉区矢田１丁目１５番１号,bldg_1949e7b5-464f-4645-874a-2beccacc5727,1,19.9,7.0,7.0,RC造,2.76,2.76,1.86,20.0,,,1階まで,,PLATEAU建物,団地ごとの目視確認済み,34.608437,135.528319
東住吉区,長居東住宅,長居東住宅２号館,111.0,2003.0,23.0,A,継続活用,東住吉区矢田１丁目１４番２号,bldg_1c1e734b-2523-486b-912d-f0ea8480dd24 bldg_ca1f9296-4ce7-4e81-9616-f452c106532a,2,22.6,8.0,8.0,RC造,2.73,2.73,1.95,22.0,,,1階まで,,PLATEAU建物,団地ごとの目視確認で修正（2つの建物で1棟）,34.607992,135.528325
東住吉区,長居東住宅,長居東住宅３号館,111.0,2003.0,23.0,A,継続活用,東住吉区矢田１丁目１３番３号,bldg_4ac09583-77ac-4be2-b9c3-5859f7180604,1,24.6,8.0,8.0,RC造,2.62,2.62,1.85,18.0,,,1階まで,,PLATEAU建物,団地ごとの目視確認済み,34.60755,135.528322
東成区,西今里住宅,西今里住宅１号館,83.0,2006.0,20.0,A,継続活用,東成区東中本２丁目７番１６号,bldg_5a30f4a0-1eb3-4f1e-9d38-a4561de1448c,1,43.7,,15.0,不明,1.44,1.44,0.04,72.0,,,1階まで,,PLATEAU建物,団地ごとの目視確認済み,34.679567,135.546371
東淀川区,上新庄住宅,上新庄住宅１号館,20.0,1968.0,58.0,D,建替(Ⅰ),東淀川区上新庄２丁目２番１号,bldg_596b4926-cf67-4d42-94fc-3f796e97e2b2,1,14.6,5.0,5.0,RC造,4.63,4.63,0.69,48.0,0.46,,2階まで,,PLATEAU建物,団地ごとの目視確認済み,34.746868,135.530069
東淀川区,上新庄住宅,上新庄住宅２号館,20.0,1968.0,58.0,D,建替(Ⅰ),東淀川区上新庄２丁目３番２号,bldg_5fc4eb29-d019-4c80-95ac-9dabd0da1b50,1,14.4,5.0,5.0,RC造,4.66,4.66,0.68,49.0,0.69,,2階まで,,PLATEAU建物,団地ごとの目視確認済み,34.74702,135.529727
東淀川区,上新庄住宅,上新庄住宅３号館,30.0,1968.0,58.0,D,建替(Ⅰ),東淀川区上新庄２丁目３番３号,bldg_1cbe947a-d8cd-4b48-baf0-384e7590f8b0,1,14.6,5.0,5.0,RC造,4.59,4.59,0.81,48.0,0.47,,2階まで,,PLATEAU建物,団地ごとの目視確認済み,34.747174,135.529378
東淀川区,上新庄住宅,上新庄住宅５号館,32.0,,,,,東淀川区上新庄２丁目５番５号,bldg_cb99b432-df20-4912-bbfd-9c16ab95b39d,1,15.1,5.0,5.0,RC造,4.62,4.62,0.72,48.0,0.6,,2階まで,,PLATEAU建物,団地ごとの目視確認済み,34.747756,135.529132
東淀川区,上新庄第１住宅,上新庄第１住宅1号館,41.0,2021.0,5.0,A,継続活用,東淀川区上新庄２丁目５番５号,bldg_4eb5a949-5ddd-4b0e-aa91-ff0078df8c11,1,14.9,5.0,5.0,RC造,4.61,4.61,0.91,48.0,0.52,,2階まで,,PLATEAU建物,団地ごとの目視確認済み,34.747379,135.528911
東淀川区,下新庄住宅,下新庄住宅１号館,30.0,1967.0,59.0,A,建替(Ⅰ),東淀川区下新庄４丁目２６番１号,bldg_8a0792ba-495a-4df7-bd9c-82227f78343e,1,14.1,5.0,5.0,RC造,3.24,3.24,2.23,30.0,,,2階まで,,PLATEAU建物,団地ごとの目視確認済み,34.74888,135.516661
東淀川区,下新庄住宅,下新庄住宅２号館,30.0,1967.0,59.0,A,建替(Ⅰ),東淀川区下新庄４丁目２６番２号,bldg_036a3e46-5cd8-4e7b-93c5-9d95e9fc8bf4,1,14.0,5.0,5.0,RC造,3.3,3.3,2.24,31.0,,,2階まで,,PLATEAU建物,団地ごとの目視確認済み,34.748776,135.516266
東淀川区,下新庄住宅,下新庄住宅３号館,20.0,1967.0,59.0,B,建替(Ⅰ),東淀川区下新庄４丁目２６番３号,bldg_b299a4b4-5110-4dda-958b-7aefb8cc1042,1,14.0,5.0,5.0,RC造,3.27,3.27,2.17,31.0,,,2階まで,,PLATEAU建物,団地ごとの目視確認済み,34.748526,135.516344
東淀川区,下新庄住宅,下新庄住宅４号館,30.0,1967.0,59.0,A,建替(Ⅰ),東淀川区下新庄４丁目２６番４号,bldg_e5389c1a-566d-44cc-8432-a9a13c68f4f9,1,14.0,5.0,5.0,RC造,3.27,3.27,2.04,31.0,,,2階まで,,PLATEAU建物,団地ごとの目視確認済み,34.748626,135.516742
東淀川区,下新庄住宅,下新庄住宅５号館,30.0,1967.0,59.0,B,建替(Ⅰ),東淀川区下新庄４丁目２６番５号,bldg_12b1abb4-a7d7-43a0-8088-5185212516d4,1,13.8,5.0,5.0,RC造,3.31,3.31,2.05,31.0,,,2階まで,,PLATEAU建物,団地ごとの目視確認済み,34.748376,135.516948
東淀川区,下新庄住宅,下新庄住宅６号館,30.0,1967.0,59.0,B,建替(Ⅰ),東淀川区下新庄４丁目２６番６号,bldg_e3fd5777-3adf-4684-9662-f2ec36c6210f,1,13.9,5.0,5.0,RC造,3.3,3.3,2.02,31.0,,,2階まで,,PLATEAU建物,団地ごとの目視確認済み,34.748294,135.516541
東淀川区,下新庄第２住宅,下新庄第２住宅１号館,20.0,1976.0,50.0,A,継続活用,東淀川区下新庄４丁目１９番１号,bldg_cf985eb5-ad34-44ca-b7c1-04adef6e2739,1,14.3,5.0,5.0,RC造,3.15,3.15,1.75,29.0,,,2階まで,,PLATEAU建物,団地ごとの目視確認済み,34.748237,135.518549
東淀川区,下新庄第２住宅,下新庄第２住宅２号館,30.0,1976.0,50.0,A,継続活用,東淀川区下新庄４丁目１９番２号,bldg_ff571827-da62-4138-8fb0-97539d75e28e,1,14.5,5.0,5.0,RC造,3.21,3.21,1.68,29.0,0.05,,2階まで,,PLATEAU建物,団地ごとの目視確認済み,34.747927,135.518542
東淀川区,下新庄第２住宅,下新庄第２住宅３号館,40.0,1980.0,46.0,A,継続活用,東淀川区下新庄４丁目１１番３号,bldg_f6c2b848-ca57-48bf-a5e7-458b7ec640e0,1,14.5,5.0,5.0,RC造,3.18,3.18,1.56,29.0,0.18,,2階まで,,PLATEAU建物,団地ごとの目視確認済み,34.747644,135.518585
東淀川区,下新庄４丁目住宅,下新庄４丁目住宅１号館,142.0,2006.0,20.0,A,継続活用,東淀川区下新庄４丁目１６番１号,bldg_eae0fa5d-cbeb-478a-838d-9278d129e373,1,39.0,,13.0,不明,3.36,3.36,1.81,32.0,0.37,,2階まで,,PLATEAU建物,団地ごとの目視確認済み,34.746536,135.516477
東淀川区,下新庄４丁目住宅,下新庄４丁目住宅２号館,110.0,2008.0,18.0,A,継続活用,東淀川区下新庄４丁目１６番２号,bldg_22edf32f-ed96-4eec-b17f-5c1ad820b2c5,1,30.7,,11.0,不明,3.42,3.42,1.79,33.0,0.24,,2階まで,,PLATEAU建物,団地ごとの目視確認済み,34.746142,135.516691
東淀川区,井高野住宅,井高野住宅１号館,75.0,1998.0,28.0,A,継続活用,東淀川区井高野１丁目４番１号,bldg_210338ca-dd62-432e-b831-398e9186b65a,1,47.4,13.0,16.0,RC造,3.25,3.25,0.79,212.0,,,2階まで,,PLATEAU建物,団地ごとの目視確認済み,34.762881,135.544047
東淀川区,井高野住宅,井高野住宅２号館,98.0,1988.0,38.0,A,継続活用,東淀川区井高野１丁目４番２号,bldg_f106d8ba-6b7f-4a60-abb7-2056f96f0da7,1,50.5,14.0,17.0,RC造,3.22,3.22,0.75,209.0,,,2階まで,,PLATEAU建物,団地ごとの目視確認済み,34.763101,135.543457
東淀川区,井高野住宅,井高野住宅３号館,93.0,1988.0,38.0,A,継続活用,東淀川区井高野１丁目４番３号,bldg_986e66df-e229-4f27-91bb-89efb217d670,1,51.3,14.0,18.0,RC造,3.15,3.15,1.23,202.0,,,2階まで,,PLATEAU建物,団地ごとの目視確認済み,34.763323,135.54283
東淀川区,井高野住宅,井高野住宅４号館,81.0,1989.0,37.0,A,継続活用,東淀川区井高野１丁目４番４号,bldg_0b055cb4-0df1-44e9-b09d-c61b9fb08d23,1,50.3,14.0,17.0,RC造,3.14,3.14,1.85,220.0,,,2階まで,,PLATEAU建物,団地ごとの目視確認済み,34.763383,135.542291
東淀川区,井高野住宅,井高野住宅５号館,23.0,1990.0,36.0,A,継続活用,東淀川区井高野１丁目４番５号,bldg_893a0a11-7409-4782-bc4f-c38239dba826,1,11.7,4.0,4.0,RC造,3.31,3.31,1.6,218.0,,,2階まで,,PLATEAU建物,団地ごとの目視確認済み,34.763701,135.542545
東淀川区,井高野住宅,井高野住宅６号館,62.0,1990.0,36.0,A,継続活用,東淀川区井高野１丁目４番６号,bldg_ff321cf9-6eca-4d0f-a3cd-b5967dcbbb2c,1,31.9,5.0,11.0,RC造,4.16,4.16,1.72,272.0,,,2階まで,,PLATEAU建物,団地ごとの目視確認済み,34.763926,135.54289
東淀川区,井高野住宅,井高野住宅７号館,64.0,1991.0,35.0,A,継続活用,東淀川区井高野１丁目４番７号,bldg_2d1b1226-93e9-48d0-809b-c315a63d59ba,1,31.7,5.0,11.0,RC造,4.23,4.23,0.92,274.0,,,2階まで,,PLATEAU建物,団地ごとの目視確認済み,34.763628,135.543894
東淀川区,井高野住宅,井高野住宅８号館,23.0,1992.0,34.0,A,継続活用,東淀川区井高野１丁目４番８号,bldg_90653f79-55c1-46a4-8333-cfb5325b816a,1,11.8,4.0,4.0,RC造,3.22,3.22,0.82,208.0,,,2階まで,,PLATEAU建物,団地ごとの目視確認済み,34.763271,135.543992
東淀川区,井高野住宅,井高野住宅９号館,32.0,1993.0,33.0,A,継続活用,東淀川区井高野１丁目４番９号,bldg_8a377299-386f-470d-abb1-7d284d03e992,1,30.5,8.0,11.0,RC造,3.35,3.35,0.7,220.0,,,2階まで,,PLATEAU建物,団地ごとの目視確認済み,34.763323,135.544585
東淀川区,井高野第２住宅,井高野第２住宅１号館,30.0,1966.0,60.0,A,建替(Ⅱ),東淀川区井高野１丁目３４番１号,bldg_229abb12-f297-4042-a3c1-a63ef3136302,1,14.2,5.0,5.0,RC造,3.93,3.93,1.43,266.0,,,2階まで,,PLATEAU建物,団地ごとの目視確認済み,34.761349,135.546939
東淀川区,井高野第２住宅,井高野第２住宅２号館,30.0,1966.0,60.0,A,建替(Ⅱ),東淀川区井高野１丁目３３番２号,bldg_9d7e464b-1795-4a9a-8dcd-db3c881d3589,1,13.9,5.0,5.0,非木造,3.73,3.73,1.16,255.0,,,2階まで,,PLATEAU建物,団地ごとの目視確認済み,34.761315,135.546466
東淀川区,井高野第２住宅,井高野第２住宅３号館,30.0,1966.0,60.0,A,建替(Ⅱ),東淀川区井高野１丁目３３番３号,bldg_aa4f1002-7403-4469-806b-14314538dc7b,1,14.1,5.0,5.0,RC造,3.8,3.8,1.25,259.0,,,2階まで,,PLATEAU建物,団地ごとの目視確認済み,34.761593,135.546349
東淀川区,井高野第２住宅,井高野第２住宅４号館,30.0,1966.0,60.0,A,建替(Ⅱ),東淀川区井高野１丁目３４番４号,bldg_3584ade5-4b3a-45d9-b8d2-e2a85d28e42b,1,14.2,,5.0,不明,3.88,3.88,1.25,263.0,,,2階まで,,PLATEAU建物,団地ごとの目視確認済み,34.761619,135.54682
東淀川区,井高野第２住宅,井高野第２住宅５号館,30.0,1966.0,60.0,A,建替(Ⅱ),東淀川区井高野１丁目３４番５号,bldg_705ac859-022e-4113-baa3-471d2a6ce1c4,1,14.5,5.0,5.0,RC造,3.88,3.88,1.24,262.0,,,2階まで,,PLATEAU建物,団地ごとの目視確認済み,34.761903,135.546714
東淀川区,井高野第２住宅,井高野第２住宅６号館,30.0,1966.0,60.0,A,建替(Ⅱ),東淀川区井高野１丁目３３番６号,bldg_f0aa8278-2b6a-4218-bee0-a0b61f8a4fc5,1,14.1,5.0,5.0,RC造,3.89,3.89,1.28,263.0,,,2階まで,,PLATEAU建物,団地ごとの目視確認済み,34.761868,135.546243
東淀川区,井高野第３住宅,井高野第３住宅１号館,30.0,1968.0,58.0,A,建替(Ⅰ),東淀川区井高野４丁目２番１号,bldg_e0b082f9-21df-4eb4-bdde-c474e9df63cd,1,14.1,5.0,5.0,RC造,2.77,2.77,0.12,154.0,,,1階まで,,PLATEAU建物,団地ごとの目視確認済み,34.766462,135.546182
東淀川区,井高野第３住宅,井高野第３住宅１０号館,40.0,,,,,東淀川区井高野４丁目２番１０号,bldg_c08be55b-218f-4afd-96ef-b82f8b825992 bldg_5660f7c0-5227-4a2e-8412-8994b6221b77,2,14.1,5.0,5.0,RC造,2.68,2.68,0.32,143.0,,,1階まで,,PLATEAU建物,団地ごとの目視確認で修正（2つの建物で1棟）,34.767402,135.546175
東淀川区,井高野第３住宅,井高野第３住宅１１号館,40.0,,,,,東淀川区井高野４丁目２番１１号,bldg_dc09b87e-43fb-4ef0-90d6-e75e3146d330,1,14.1,5.0,5.0,RC造,2.1,2.1,0.34,79.0,,,1階まで,,PLATEAU建物,団地ごとの目視確認済み,34.767614,135.54602
東淀川区,井高野第３住宅,井高野第３住宅２号館,30.0,1968.0,58.0,A,建替(Ⅰ),東淀川区井高野４丁目２番２号,bldg_8578a786-3e2e-45db-9383-19d2c3a2c72b bldg_2e9f055d-0212-4894-841d-2b03d1bb04bb,2,14.1,5.0,5.0,RC造,2.76,2.76,0.4,153.0,,,1階まで,,PLATEAU建物,団地ごとの目視確認で修正（2つの建物で1棟）,34.766673,135.546042
東淀川区,井高野第３住宅,井高野第３住宅３号館,30.0,1968.0,58.0,A,建替(Ⅰ),東淀川区井高野４丁目２番３号,bldg_7117c911-dd64-44f8-976e-4ad2d091d479,1,14.1,5.0,5.0,RC造,2.73,2.73,0.2,149.0,,,1階まで,,PLATEAU建物,団地ごとの目視確認済み,34.766889,135.545899
東淀川区,井高野第３住宅,井高野第３住宅４号館,30.0,,,,,東淀川区井高野４丁目２番４号,bldg_effa00c7-ac3e-4fcd-8186-75ff127cd4b2,1,14.1,5.0,5.0,RC造,2.66,2.66,0.37,142.0,,,1階まで,,PLATEAU建物,団地ごとの目視確認済み,34.767118,135.545741
東淀川区,井高野第３住宅,井高野第３住宅５号館,30.0,,,,,東淀川区井高野４丁目２番５号,bldg_596b946a-2f88-4bc2-ad32-792a6598c32e,1,14.1,5.0,5.0,RC造,2.2,2.2,0.03,91.0,,,1階まで,,PLATEAU建物,団地ごとの目視確認済み,34.767374,135.545623
東淀川区,井高野第３住宅,井高野第３住宅６号館,20.0,,,,,東淀川区井高野４丁目１番６号,bldg_1dcb5e5e-d3aa-498e-9231-aa7025e01e1a,1,14.1,5.0,5.0,RC造,1.37,1.37,0.49,20.0,,,1階まで,,PLATEAU建物,団地ごとの目視確認済み,34.767546,135.545378
東淀川区,井高野第３住宅,井高野第３住宅７号館,30.0,,,,,東淀川区井高野４丁目１番７号,bldg_d479ef9b-e682-4430-b7ce-7d90f437a6fb,1,14.1,5.0,5.0,RC造,1.6,1.6,0.54,32.0,,,1階まで,,PLATEAU建物,団地ごとの目視確認済み,34.767343,135.545067
東淀川区,井高野第３住宅,井高野第３住宅８号館,20.0,1968.0,58.0,A,建替(Ⅰ),東淀川区井高野４丁目２番８号,bldg_4e1ccbfc-fae2-43c1-9251-87add0a3b3b5,1,14.2,5.0,5.0,RC造,2.73,2.73,0.35,148.0,,,1階まで,,PLATEAU建物,団地ごとの目視確認済み,34.766915,135.546371
東淀川区,井高野第３住宅,井高野第３住宅９号館,30.0,1968.0,58.0,A,建替(Ⅰ),東淀川区井高野４丁目２番９号,bldg_468827c1-c91e-4feb-a34d-bee15b88ec3e,1,14.1,5.0,5.0,RC造,2.7,2.7,0.27,145.0,,,1階まで,,PLATEAU建物,団地ごとの目視確認済み,34.767157,135.546274
東淀川区,井高野第４住宅,井高野第４住宅１号館,59.0,2016.0,10.0,A,継続活用,東淀川区井高野４丁目４番１号,bldg_9a0c7b88-719e-428a-a3f2-294bf9682436,1,17.8,,6.0,不明,2.77,2.77,0.36,152.0,,,1階まで,,PLATEAU建物,団地ごとの目視確認済み,34.766362,135.547228
東淀川区,井高野第４住宅,井高野第４住宅２号館,107.0,2018.0,8.0,A,継続活用,東淀川区井高野4丁目4番2号,bldg_fb52551f-64d5-42e3-984e-2edadc7ca972,1,14.0,5.0,5.0,RC造,2.67,2.67,0.36,141.0,,,1階まで,,PLATEAU建物,団地ごとの目視確認済み,34.76682,135.547682
東淀川区,井高野第５住宅,井高野第５住宅１号館,50.0,1971.0,55.0,A,建替(Ⅰ),東淀川区井高野２丁目５番１号,bldg_f056f1ad-39f1-43ed-aa0d-ca7b84adbc07,1,14.3,5.0,5.0,RC造,4.21,4.21,1.51,272.0,,,2階まで,,PLATEAU建物,団地ごとの目視確認済み,34.76307,135.548323
東淀川区,井高野第５住宅,井高野第５住宅１０号館,30.0,1971.0,55.0,A,建替(Ⅱ),東淀川区井高野２丁目４番１０号,bldg_302831b0-3648-4d9c-b953-da8a9124db0d,1,14.1,5.0,5.0,RC造,4.73,4.73,1.81,284.0,,,2階まで,,PLATEAU建物,団地ごとの目視確認済み,34.762318,135.548793
東淀川区,井高野第５住宅,井高野第５住宅１１号館,20.0,1971.0,55.0,A,建替(Ⅰ),東淀川区井高野２丁目５番１１号,bldg_597304dc-64ff-42a7-a690-23022b1aad2d,1,14.8,5.0,5.0,RC造,4.42,4.42,1.55,278.0,,,2階まで,,PLATEAU建物,団地ごとの目視確認済み,34.762621,135.549156
東淀川区,井高野第５住宅,井高野第５住宅１２号館,30.0,1971.0,55.0,A,建替(Ⅰ),東淀川区井高野２丁目５番１２号,bldg_3eb873e7-55ba-45f9-9f52-b2f19054ff3d,1,14.5,5.0,5.0,RC造,4.12,4.12,1.5,270.0,,,2階まで,,PLATEAU建物,団地ごとの目視確認済み,34.762827,135.549218
東淀川区,井高野第５住宅,井高野第５住宅１３号館,30.0,1971.0,55.0,A,建替(Ⅱ),東淀川区井高野２丁目６番１３号,bldg_20d7e02d-8098-4b2e-9f8d-eaaa140ba494,1,14.3,5.0,5.0,RC造,4.33,4.33,1.55,275.0,,,2階まで,,PLATEAU建物,団地ごとの目視確認済み,34.763042,135.549389
東淀川区,井高野第５住宅,井高野第５住宅１４号館,40.0,1971.0,55.0,A,建替(Ⅱ),東淀川区井高野２丁目７番１４号,bldg_21be0442-89b1-4911-b802-3ee8d92228f0,1,14.3,5.0,5.0,RC造,4.44,4.44,1.66,278.0,,,2階まで,,PLATEAU建物,団地ごとの目視確認済み,34.76281,135.549876
東淀川区,井高野第５住宅,井高野第５住宅１５号館,20.0,1971.0,55.0,A,建替(Ⅱ),東淀川区井高野２丁目７番１５号,bldg_fe09e782-10d3-469b-a54a-a6d0ae53570a,1,14.4,5.0,5.0,RC造,4.48,4.48,1.63,279.0,,,2階まで,,PLATEAU建物,団地ごとの目視確認済み,34.763115,135.549955
東淀川区,井高野第５住宅,井高野第５住宅１６号館,30.0,1971.0,55.0,A,建替(Ⅱ),東淀川区井高野２丁目６番１６号,bldg_bb26dbc3-6d65-4e8a-b8e8-e354f6e1bedf,1,14.4,5.0,5.0,RC造,4.35,4.35,1.7,276.0,,,2階まで,,PLATEAU建物,団地ごとの目視確認済み,34.763258,135.549543
東淀川区,井高野第５住宅,井高野第５住宅１７号館,30.0,1971.0,55.0,A,建替(Ⅱ),東淀川区井高野２丁目６番１７号,bldg_20d9e0e1-dd0f-4076-8c34-0f50327d1480,1,14.4,5.0,5.0,RC造,4.44,4.44,1.6,278.0,,,2階まで,,PLATEAU建物,団地ごとの目視確認済み,34.76347,135.54971
東淀川区,井高野第５住宅,井高野第５住宅１８号館,30.0,1971.0,55.0,A,建替(Ⅱ),東淀川区井高野２丁目７番１８号,bldg_02fced4c-bfb9-494f-84d7-46b50de80b86,1,14.3,5.0,5.0,RC造,4.27,4.27,1.58,273.0,,,2階まで,,PLATEAU建物,団地ごとの目視確認済み,34.763602,135.550378
東淀川区,井高野第５住宅,井高野第５住宅１９号館,20.0,1979.0,47.0,A,建替(Ⅱ),東淀川区井高野２丁目８番１９号,bldg_cc29548e-0c6e-4819-b1d0-1e2cd44976a3,1,14.0,5.0,5.0,RC造,4.32,4.32,1.61,275.0,,,2階まで,,PLATEAU建物,団地ごとの目視確認済み,34.763723,135.549879
東淀川区,井高野第５住宅,井高野第５住宅２号館,30.0,1971.0,55.0,A,建替(Ⅰ),東淀川区井高野２丁目６番２号,bldg_d816f94a-6462-460a-a204-8e971e2f7af0,1,14.3,5.0,5.0,RC造,4.23,4.23,1.52,273.0,,,2階まで,,PLATEAU建物,団地ごとの目視確認済み,34.7633,135.548441
東淀川区,井高野第５住宅,井高野第５住宅２０号館,50.0,1979.0,47.0,A,建替(Ⅱ),東淀川区井高野２丁目８番２０号,bldg_c7aac9c5-6e93-41b5-aa56-0be6e8d8a904,1,14.0,5.0,5.0,RC造,4.19,4.19,1.46,271.0,,,2階まで,,PLATEAU建物,団地ごとの目視確認済み,34.763905,135.550284
東淀川区,井高野第５住宅,井高野第５住宅２１号館,24.0,1980.0,46.0,A,建替(Ⅱ),東淀川区井高野２丁目８番２１号,bldg_37fffa15-917f-4529-aca0-a31de3d21dce,1,11.4,4.0,4.0,RC造,3.78,3.78,0.98,250.0,,,2階まで,,PLATEAU建物,団地ごとの目視確認済み,34.764333,135.54965
東淀川区,井高野第５住宅,井高野第５住宅３号館,40.0,1971.0,55.0,A,建替(Ⅰ),東淀川区井高野２丁目６番３号,bldg_81c78bc3-0a99-4698-95db-7eb39488e555,1,14.3,5.0,5.0,非木造,4.15,4.15,1.51,271.0,,,2階まで,,PLATEAU建物,団地ごとの目視確認済み,34.763433,135.547941
東淀川区,井高野第５住宅,井高野第５住宅４号館,30.0,1971.0,55.0,A,建替(Ⅰ),東淀川区井高野２丁目６番４号,bldg_a76a9544-c7d6-4284-8b1d-ec86ac398f2d,1,14.3,5.0,5.0,RC造,4.17,4.17,1.51,271.0,,,2階まで,,PLATEAU建物,団地ごとの目視確認済み,34.763704,135.547884
東淀川区,井高野第５住宅,井高野第５住宅５号館,30.0,1971.0,55.0,A,建替(Ⅰ),東淀川区井高野２丁目６番５号,bldg_fe16de47-3288-45c6-9885-ec04b0c7e32d,1,14.2,5.0,5.0,RC造,4.4,4.4,1.61,277.0,,,2階まで,,PLATEAU建物,団地ごとの目視確認済み,34.7636,135.548273
東淀川区,井高野第５住宅,井高野第５住宅６号館,40.0,1971.0,55.0,A,建替(Ⅰ),東淀川区井高野２丁目６番６号,bldg_14e39903-6b0e-4a71-a5ef-8985aea481d7,1,14.5,5.0,5.0,RC造,4.35,4.35,1.71,276.0,,,2階まで,,PLATEAU建物,団地ごとの目視確認済み,34.763482,135.548717
東淀川区,井高野第５住宅,井高野第５住宅７号館,20.0,1971.0,55.0,A,建替(Ⅱ),東淀川区井高野２丁目４番７号,bldg_65985fd1-2cad-437f-8099-9657936b47bc,1,13.9,5.0,5.0,RC造,4.54,4.54,1.81,281.0,,,2階まで,,PLATEAU建物,団地ごとの目視確認済み,34.762055,135.548665
東淀川区,井高野第５住宅,井高野第５住宅８号館,30.0,1971.0,55.0,A,建替(Ⅱ),東淀川区井高野２丁目４番８号,bldg_9b104182-61cd-478c-bfcc-14072ddbe798,1,14.1,5.0,5.0,RC造,4.59,4.59,1.91,282.0,,,2階まで,,PLATEAU建物,団地ごとの目視確認済み,34.762094,135.549044
東淀川区,井高野第５住宅,井高野第５住宅９号館,20.0,1971.0,55.0,A,建替(Ⅱ),東淀川区井高野２丁目４番９号,bldg_ed190c68-c91c-4e1f-99ee-8db781579be6,1,14.3,5.0,5.0,RC造,4.73,4.73,1.97,284.0,,,2階まで,,PLATEAU建物,団地ごとの目視確認済み,34.76236,135.549198
東淀川区,井高野第６住宅,井高野第６住宅１号館,30.0,1987.0,39.0,A,EV設置,東淀川区井高野３丁目６番１号,bldg_846b9e21-4cf6-4560-851b-70a4e32c57a2,1,14.7,5.0,5.0,非木造,4.45,4.45,1.9,280.0,,,2階まで,,PLATEAU建物,団地ごとの目視確認済み,34.763028,135.545259
東淀川区,井高野第６住宅,井高野第６住宅１０号館,116.0,1989.0,37.0,A,継続活用,東淀川区井高野３丁目１０番１０号,bldg_a5d24564-99d5-4aac-b042-f7c759dac3bc,1,31.2,9.0,11.0,RC造,4.57,4.57,1.93,281.0,,,2階まで,,PLATEAU建物,団地ごとの目視確認済み,34.763667,135.546818
東淀川区,井高野第６住宅,井高野第６住宅１１号館,60.0,1989.0,37.0,A,継続活用,東淀川区井高野３丁目１０番１１号,bldg_630d5390-2045-41d9-b0c1-21ca73ecb813,1,33.6,10.0,12.0,RC造,4.43,4.43,1.83,278.0,,,2階まで,,PLATEAU建物,団地ごとの目視確認済み,34.763801,135.546333
東淀川区,井高野第６住宅,井高野第６住宅１２号館,54.0,1989.0,37.0,A,継続活用,東淀川区井高野３丁目５番１２号,bldg_7aff292a-3346-4cfc-9e6a-fcdeae286bcf,1,33.9,10.0,12.0,RC造,4.15,4.15,1.53,271.0,,,2階まで,,PLATEAU建物,団地ごとの目視確認済み,34.764012,135.545819
東淀川区,井高野第６住宅,井高野第６住宅１３号館,,1990.0,36.0,A,継続活用,東淀川区井高野１丁目３０番１３号,bldg_2c991f01-eb7c-4d6e-90ca-2a33440e5103,1,34.8,10.0,12.0,RC造,4.17,4.17,1.64,273.0,,,2階まで,,PLATEAU建物,団地ごとの目視確認済み,34.762242,135.545539
東淀川区,井高野第６住宅,井高野第６住宅１４号館,,1990.0,36.0,A,継続活用,東淀川区井高野１丁目３０番１３号,bldg_2c991f01-eb7c-4d6e-90ca-2a33440e5103,1,34.8,10.0,12.0,RC造,4.17,4.17,1.64,273.0,,,2階まで,,PLATEAU建物,団地ごとの目視確認済み,34.762242,135.545539
東淀川区,井高野第６住宅,井高野第６住宅１５号館,,1990.0,36.0,A,継続活用,東淀川区井高野１丁目３０番１３号,bldg_2c991f01-eb7c-4d6e-90ca-2a33440e5103,1,34.8,10.0,12.0,RC造,4.17,4.17,1.64,273.0,,,2階まで,,PLATEAU建物,団地ごとの目視確認済み,34.762242,135.545539
東淀川区,井高野第６住宅,井高野第６住宅１６号館,,1990.0,36.0,A,継続活用,東淀川区井高野１丁目３０番１３号,bldg_2c991f01-eb7c-4d6e-90ca-2a33440e5103,1,34.8,10.0,12.0,RC造,4.17,4.17,1.64,273.0,,,2階まで,,PLATEAU建物,団地ごとの目視確認済み,34.762242,135.545539
東淀川区,井高野第６住宅,井高野第６住宅１７号館,44.0,1992.0,34.0,A,継続活用,東淀川区井高野３丁目５番１７号,bldg_c6a79ef1-8c63-443b-b90e-ead81a62051c,1,34.2,10.0,12.0,RC造,4.14,4.14,1.6,271.0,,,2階まで,,PLATEAU建物,団地ごとの目視確認済み,34.764455,135.546053
東淀川区,井高野第６住宅,井高野第６住宅１８号館,116.0,1989.0,37.0,A,継続活用,東淀川区井高野３丁目１０番１０号,bldg_24d6a0d2-9131-4b08-bc7f-504df70e1943,1,34.1,10.0,12.0,RC造,4.5,4.5,1.82,280.0,,,2階まで,,PLATEAU建物,団地ごとの目視確認済み,34.764246,135.546598
東淀川区,井高野第６住宅,井高野第６住宅１９号館,,1993.0,33.0,A,継続活用,東淀川区井高野３丁目１１番１９号,bldg_a0ce583b-65d2-4fdd-99c0-99dd15e918c1,1,37.8,11.0,13.0,RC造,4.37,4.37,1.72,276.0,,,2階まで,,PLATEAU建物,団地ごとの目視確認済み,34.765095,135.547563
東淀川区,井高野第６住宅,井高野第６住宅２号館,80.0,1987.0,39.0,A,継続活用,東淀川区井高野３丁目７番２号,bldg_811ee2f2-9b1a-4fb7-9961-569afa1d23bc,1,23.2,8.0,8.0,RC造,4.43,4.43,1.83,279.0,,,2階まで,,PLATEAU建物,団地ごとの目視確認済み,34.76274,135.545916
東淀川区,井高野第６住宅,井高野第６住宅２０号館,,1993.0,33.0,A,継続活用,東淀川区井高野３丁目１１番１９号,bldg_a0ce583b-65d2-4fdd-99c0-99dd15e918c1,1,37.8,11.0,13.0,RC造,4.37,4.37,1.72,276.0,,,2階まで,,PLATEAU建物,団地ごとの目視確認済み,34.765095,135.547563
東淀川区,井高野第６住宅,井高野第６住宅２１号館,,1993.0,33.0,A,継続活用,東淀川区井高野３丁目１１番１９号,bldg_a0ce583b-65d2-4fdd-99c0-99dd15e918c1,1,37.8,11.0,13.0,RC造,4.37,4.37,1.72,276.0,,,2階まで,,PLATEAU建物,団地ごとの目視確認済み,34.765095,135.547563
東淀川区,井高野第６住宅,井高野第６住宅３号館,30.0,1987.0,39.0,A,EV設置,東淀川区井高野３丁目７番３号,bldg_66ad7f4a-b422-494f-b83c-9ebef5784a79,1,14.7,5.0,5.0,非木造,4.45,4.45,1.9,279.0,,,2階まで,,PLATEAU建物,団地ごとの目視確認済み,34.762564,135.546487
東淀川区,井高野第６住宅,井高野第６住宅４号館,20.0,1988.0,38.0,A,EV設置,東淀川区井高野３丁目９番４号,bldg_b87d8cde-1863-484b-bac9-0b331e10884b,1,14.5,5.0,5.0,RC造,4.69,4.69,2.08,284.0,,,2階まで,,PLATEAU建物,団地ごとの目視確認済み,34.762845,135.546897
東淀川区,井高野第６住宅,井高野第６住宅５号館,20.0,1988.0,38.0,A,EV設置,東淀川区井高野３丁目９番５号,bldg_1c89dfd3-fe9c-4729-8c90-d3b703bc6a20,1,14.8,5.0,5.0,RC造,4.51,4.51,1.93,281.0,,,2階まで,,PLATEAU建物,団地ごとの目視確認済み,34.762925,135.546512
東淀川区,井高野第６住宅,井高野第６住宅６号館,30.0,1987.0,39.0,A,EV設置,東淀川区井高野３丁目６番６号,bldg_717c2c51-ae8e-423f-92c7-98b23f8b464f,1,14.5,5.0,5.0,非木造,4.37,4.37,1.83,278.0,,,2階まで,,PLATEAU建物,団地ごとの目視確認済み,34.763299,135.545433
東淀川区,井高野第６住宅,井高野第６住宅７号館,46.0,1989.0,37.0,A,継続活用,東淀川区井高野３丁目６番７号,bldg_5d71e257-f944-4c2b-8a32-b07f364679aa,1,28.2,8.0,10.0,RC造,4.21,4.21,1.63,273.0,,,2階まで,,PLATEAU建物,団地ごとの目視確認済み,34.76357,135.545607
東淀川区,井高野第６住宅,井高野第６住宅８号館,48.0,1989.0,37.0,A,継続活用,東淀川区井高野３丁目９番８号,bldg_236d8cdd-8f36-49c9-a3c0-2efad8a23ddc,1,23.2,8.0,8.0,RC造,4.43,4.43,1.83,279.0,,,2階まで,,PLATEAU建物,団地ごとの目視確認済み,34.763369,135.54609
東淀川区,井高野第６住宅,井高野第６住宅９号館,62.0,1987.0,39.0,A,継続活用,東淀川区井高野３丁目９番９号,bldg_7081956e-7feb-447f-b2d7-699b28f37b51,1,22.9,8.0,8.0,RC造,4.63,4.63,2.11,283.0,,,2階まで,,PLATEAU建物,団地ごとの目視確認済み,34.763195,135.546676
東淀川区,北大桐住宅,北大桐住宅１号館,56.0,1985.0,41.0,A,継続活用,東淀川区大桐５丁目５番１号,bldg_82945122-cb78-4b43-bf03-063640292a50,1,33.5,8.0,12.0,RC造,2.87,2.87,0.93,27.0,,,1階まで,,PLATEAU建物,団地ごとの目視確認済み,34.751142,135.548788
東淀川区,北大桐住宅,北大桐住宅２号館,25.0,1986.0,40.0,A,継続活用,東淀川区大桐５丁目６番２号,bldg_6e7372e6-76bb-4c3f-a717-a9e2dfb4c0e9,1,14.7,5.0,5.0,RC造,2.9,2.9,1.0,27.0,,,1階まで,,PLATEAU建物,団地ごとの目視確認済み,34.750743,135.549009
東淀川区,北大桐住宅,北大桐住宅３号館,144.0,1985.0,41.0,A,継続活用,東淀川区大桐５丁目７番３号,bldg_332632fa-744b-499b-8e00-7857a1ca043c bldg_45827694-8475-4e55-bffc-31337e78e5df,2,36.5,9.0,13.0,RC造,2.84,2.84,0.99,27.0,,,1階まで,,PLATEAU建物,団地ごとの目視確認で修正（2つの建物で1棟）,34.750657,135.549591
東淀川区,北大桐住宅,北大桐住宅４号館,15.0,1986.0,40.0,A,継続活用,東淀川区大桐５丁目１４番４号,bldg_35629e4b-376b-4ed7-958f-b855853b2d0b,1,14.5,5.0,5.0,RC造,3.08,3.08,1.2,28.0,,,2階まで,,PLATEAU建物,団地ごとの目視確認済み,34.750655,135.55038
東淀川区,北江口住宅,北江口住宅１号館,167.0,2001.0,25.0,A,継続活用,東淀川区北江口３丁目３番１号,bldg_877c2114-495c-4c16-bbb8-3c2d63428284,1,41.6,14.0,14.0,RC造,3.91,3.91,1.47,266.0,,,2階まで,,PLATEAU建物,団地ごとの目視確認済み,34.760679,135.546986
東淀川区,北江口第２住宅,北江口第２住宅１号館,55.0,1983.0,43.0,A,継続活用,東淀川区北江口１丁目３番１号,bldg_f2ff8c17-ddcd-4ef6-be41-815883362e6d,1,33.6,8.0,12.0,RC造,3.4,3.4,1.29,232.0,,,2階まで,,PLATEAU建物,団地ごとの目視確認済み,34.758894,135.541926
東淀川区,北江口第２住宅,北江口第２住宅１０号館,79.0,1985.0,41.0,A,継続活用,東淀川区北江口３丁目５番１０号,bldg_6d23eac0-a72a-428b-a522-441a6b811315,1,35.6,9.0,12.0,RC造,3.9,3.9,1.49,265.0,,,2階まで,,PLATEAU建物,団地ごとの目視確認済み,34.761107,135.543483
東淀川区,北江口第２住宅,北江口第２住宅１１号館,105.0,1985.0,41.0,A,継続活用,東淀川区北江口３丁目５番１１号,bldg_3eaf059d-118b-4727-a923-e53d0f009cd3,1,41.0,11.0,14.0,RC造,3.62,3.62,1.23,248.0,,,2階まで,,PLATEAU建物,団地ごとの目視確認済み,34.760876,135.544419
東淀川区,北江口第２住宅,北江口第２住宅１２号館,105.0,1985.0,41.0,A,継続活用,東淀川区北江口３丁目４番１２号,bldg_b8c5e254-b69b-4eb6-98f1-c1154434c76d,1,41.2,11.0,14.0,RC造,3.5,3.5,1.03,238.0,,,2階まで,,PLATEAU建物,団地ごとの目視確認済み,34.760851,135.545249
東淀川区,北江口第２住宅,北江口第２住宅１３号館,35.0,1987.0,39.0,A,EV設置,東淀川区北江口３丁目４番１３号,bldg_15b5315c-5a77-4b67-942a-c50f6cd6bf6e,1,14.8,5.0,5.0,RC造,3.38,3.38,0.97,227.0,,,2階まで,,PLATEAU建物,団地ごとの目視確認済み,34.760726,135.546016
東淀川区,北江口第２住宅,北江口第２住宅１４号館,35.0,1987.0,39.0,A,継続活用,東淀川区北江口３丁目２番１４号,bldg_bbb3aff6-402d-49c6-8d9e-050d9c1eb0f7,1,14.7,5.0,5.0,RC造,3.66,3.66,1.08,252.0,,,2階まで,,PLATEAU建物,団地ごとの目視確認済み,34.760364,135.546055
東淀川区,北江口第２住宅,北江口第２住宅１５号館,25.0,1987.0,39.0,A,継続活用,東淀川区北江口３丁目２番１５号,bldg_9b296220-d66d-4fcc-9251-bee0d28f7408,1,14.7,5.0,5.0,RC造,3.77,3.77,1.36,260.0,,,2階まで,,PLATEAU建物,団地ごとの目視確認済み,34.760014,135.54617
東淀川区,北江口第２住宅,北江口第２住宅１６号館,40.0,1987.0,39.0,A,継続活用,東淀川区北江口３丁目２番１６号,bldg_db9aeb31-612c-4055-a6a8-9b90c828a3bb,1,14.6,5.0,5.0,RC造,3.81,3.81,1.39,262.0,,,2階まで,,PLATEAU建物,団地ごとの目視確認済み,34.760154,135.546778
東淀川区,北江口第２住宅,北江口第２住宅１７号館,50.0,1987.0,39.0,A,継続活用,東淀川区北江口３丁目１番１７号,bldg_d24c836d-6927-4ebf-a4be-06a34b9dc6f1,1,14.6,5.0,5.0,RC造,4.0,4.0,1.6,270.0,,,2階まで,,PLATEAU建物,団地ごとの目視確認済み,34.759682,135.546789
東淀川区,北江口第２住宅,北江口第２住宅１８号館,20.0,1987.0,39.0,A,継続活用,東淀川区北江口３丁目１番１８号,bldg_ca68cf55-6f61-474d-a031-b8f427db3e95,1,14.7,5.0,5.0,RC造,4.05,4.05,1.53,272.0,,,2階まで,,PLATEAU建物,団地ごとの目視確認済み,34.759376,135.546975
東淀川区,北江口第２住宅,北江口第２住宅１９号館,30.0,1987.0,39.0,A,継続活用,東淀川区北江口４丁目２０番１９号,bldg_7c39aeaf-50e7-48c1-ab22-ef55881dcf03,1,14.6,5.0,5.0,RC造,3.9,3.9,1.49,266.0,,,2階まで,,PLATEAU建物,団地ごとの目視確認済み,34.760419,135.547648
東淀川区,北江口第２住宅,北江口第２住宅２号館,130.0,1982.0,44.0,A,継続活用,東淀川区北江口１丁目３番２号,bldg_66a4cc71-42de-4cea-ba99-ce46cfe2a7cf,1,42.4,11.0,15.0,RC造,3.37,3.37,1.11,229.0,,,2階まで,,PLATEAU建物,団地ごとの目視確認済み,34.759027,135.542649
東淀川区,北江口第２住宅,北江口第２住宅３号館,87.0,1983.0,43.0,A,継続活用,東淀川区北江口１丁目３番３号,bldg_5fa85fa8-06c0-4054-8ffb-6e297598a196,1,33.5,8.0,12.0,RC造,3.5,3.5,1.41,240.0,,,2階まで,,PLATEAU建物,団地ごとの目視確認済み,34.759573,135.542267
東淀川区,北江口第２住宅,北江口第２住宅４号館,102.0,1985.0,41.0,A,継続活用,東淀川区北江口１丁目４番４号,bldg_604ef125-cc1e-4482-93d7-3e56b66a0c7d,1,33.7,8.0,12.0,RC造,3.55,3.55,1.36,244.0,,,2階まで,,PLATEAU建物,団地ごとの目視確認済み,34.760058,135.542387
東淀川区,北江口第２住宅,北江口第２住宅５号館,94.0,1985.0,41.0,A,継続活用,東淀川区北江口１丁目４番５号,bldg_c37f81e5-2a96-4019-87c1-3377d7d6c336,1,33.5,8.0,12.0,RC造,3.58,3.58,1.32,245.0,,,2階まで,,PLATEAU建物,団地ごとの目視確認済み,34.760545,135.542368
東淀川区,北江口第２住宅,北江口第２住宅６号館,126.0,1982.0,44.0,A,継続活用,東淀川区北江口２丁目２番６号,bldg_7530c841-2ad3-4e00-b005-fa5ac6f3a869,1,50.9,14.0,18.0,RC造,3.22,3.22,0.94,215.0,,,2階まで,,PLATEAU建物,団地ごとの目視確認済み,34.759365,135.543603
東淀川区,北江口第２住宅,北江口第２住宅７号館,122.0,1982.0,44.0,A,継続活用,東淀川区北江口２丁目２番７号,bldg_82098f86-ceea-4c44-91a0-d19e67ac8c50,1,42.3,11.0,15.0,RC造,3.27,3.27,0.87,219.0,,,2階まで,,PLATEAU建物,団地ごとの目視確認済み,34.759682,135.544398
東淀川区,北江口第２住宅,北江口第２住宅８号館,107.0,1982.0,44.0,A,継続活用,東淀川区北江口２丁目３番８号,bldg_7b6aa1ad-db86-47f0-8fe9-8942c65f9577,1,42.2,11.0,15.0,RC造,3.54,3.54,1.16,242.0,,,2階まで,,PLATEAU建物,団地ごとの目視確認済み,34.760213,135.544062
東淀川区,北江口第２住宅,北江口第２住宅９号館,53.0,1985.0,41.0,A,継続活用,東淀川区北江口２丁目３番９号,bldg_1a673b6c-1cb6-4d69-8795-c47fa8d749fc,1,36.7,9.0,13.0,RC造,3.88,3.88,1.47,265.0,,,2階まで,,PLATEAU建物,団地ごとの目視確認済み,34.760346,135.543373
東淀川区,北江口第３住宅,北江口第３住宅１号館,106.0,1985.0,41.0,A,継続活用,東淀川区北江口１丁目５番１号,bldg_ad766b0b-5bde-4134-8391-cfb7815ef978,1,42.1,11.0,15.0,RC造,3.64,3.64,1.64,251.0,,,2階まで,,PLATEAU建物,団地ごとの目視確認済み,34.7599,135.541106
東淀川区,北江口第３住宅,北江口第３住宅２号館,40.0,1986.0,40.0,A,継続活用,東淀川区北江口１丁目５番２号,bldg_077060fa-779a-44ac-bd3f-8680e43b3f91,1,14.2,5.0,5.0,RC造,3.82,3.82,1.77,262.0,,,2階まで,,PLATEAU建物,団地ごとの目視確認済み,34.760455,135.541267
東淀川区,北陽住宅,北陽住宅１号館,153.0,1980.0,46.0,A,継続活用,東淀川区西淡路６丁目２番１号,bldg_527d3766-3fc2-411a-b71b-3451fcdacdf8,1,38.9,11.0,13.0,RC造,1.58,1.48,0.55,11.0,1.58,,1階まで,,PLATEAU建物,団地ごとの目視確認済み,34.745348,135.511718
東淀川区,北陽住宅,北陽住宅２号館,125.0,1980.0,46.0,A,継続活用,東淀川区西淡路６丁目２番２号,bldg_611666e5-7156-40a2-9bdb-9a01efa34687,1,33.5,11.0,12.0,RC造,2.15,2.03,0.85,22.0,2.15,,1階まで,,PLATEAU建物,団地ごとの目視確認済み,34.744464,135.511035
東淀川区,北陽住宅,北陽住宅３号館,143.0,1980.0,46.0,A,継続活用,東淀川区西淡路６丁目２番３号,bldg_6e2d56f9-ccbe-4427-813f-507d7f669587,1,39.8,11.0,14.0,RC造,1.85,1.85,1.1,18.0,1.75,,1階まで,,PLATEAU建物,団地ごとの目視確認済み,34.745026,135.510996
東淀川区,北陽第２住宅,北陽第２住宅１号館,39.0,1983.0,43.0,A,継続活用,東淀川区西淡路５丁目７番１号,bldg_4f6cf917-964a-43b6-bcf6-2dcac446a8d4,1,14.6,5.0,5.0,RC造,2.8,2.8,1.39,39.0,2.8,,1階まで,,PLATEAU建物,団地ごとの目視確認済み,34.743229,135.511229
東淀川区,南大道第２住宅,南大道第２住宅１号館,30.0,1984.0,42.0,A,継続活用,東淀川区大道南１丁目９番１号,bldg_22076a48-4829-44c0-b946-a9455cc8d7cc,1,14.5,5.0,5.0,RC造,4.67,4.67,0.61,35.0,,,2階まで,,PLATEAU建物,団地ごとの目視確認済み,34.741706,135.548573
東淀川区,南大道第２住宅,南大道第２住宅２号館,30.0,1984.0,42.0,A,継続活用,東淀川区大道南１丁目９番２号,bldg_6e91c6fe-43ce-4279-8536-a5691c6abc93,1,14.4,5.0,5.0,RC造,4.76,4.76,0.61,34.0,,,2階まで,,PLATEAU建物,団地ごとの目視確認済み,34.741491,135.548816
東淀川区,南大道第２住宅,南大道第２住宅３号館,40.0,1984.0,42.0,A,継続活用,東淀川区大道南１丁目９番３号,bldg_3d28dfa1-59a4-4814-a354-1612b00f25e4,1,14.5,5.0,5.0,RC造,4.92,4.92,0.6,35.0,,,2階まで,,PLATEAU建物,団地ごとの目視確認済み,34.741214,135.548977
東淀川区,南大道第２住宅,南大道第２住宅４号館,20.0,1984.0,42.0,A,継続活用,東淀川区大道南１丁目９番４号,bldg_645e401b-6568-4893-98bc-3e65a05ec93c,1,14.5,5.0,5.0,RC造,4.74,4.74,0.61,35.0,,,2階まで,,PLATEAU建物,団地ごとの目視確認済み,34.74126,135.548494
東淀川区,南方住宅,南方住宅１号館,48.0,2017.0,9.0,A,継続活用,東淀川区東中島２丁目２１番１号,bldg_889f10a8-14f7-4ea9-8225-9009ab6673c7,1,30.4,,10.0,不明,2.99,2.32,,12.0,2.99,,2階まで,,PLATEAU建物,団地ごとの目視確認済み,34.729406,135.50645
東淀川区,南方住宅,南方住宅２号館,71.0,,,,,東淀川区東中島２丁目２３番２号,bldg_f91df5b6-a999-47c6-a583-2e0b5a7fcc8c,1,20.0,7.0,7.0,RC造,2.91,2.71,0.04,12.0,2.91,,2階まで,,PLATEAU建物,団地ごとの目視確認済み,34.728985,135.506501
東淀川区,南方住宅,南方住宅３号館,135.0,1975.0,51.0,A,建替(Ⅰ),東淀川区東中島２丁目６番３号,bldg_bf9aa6df-947f-4bfe-bcd2-0a5291d0006b,1,32.8,9.0,11.0,RC造,3.04,2.85,,12.0,3.04,,2階まで,,PLATEAU建物,団地ごとの目視確認済み,34.727837,135.506171
東淀川区,南方住宅,南方住宅４号館,83.0,1983.0,43.0,A,建替(Ⅱ),東淀川区東中島２丁目１２番４号,bldg_41d4706f-2767-4f11-9abf-966d7880f3ab,1,33.0,9.0,11.0,RC造,3.37,2.42,0.17,12.0,3.37,,2階まで,,PLATEAU建物,団地ごとの目視確認済み,34.729382,135.503888
東淀川区,南方住宅,南方住宅５号館,39.0,1996.0,30.0,A,継続活用,東淀川区東中島２丁目１３番５号,bldg_fa951346-8d30-4d34-b622-51b099bbe8b6,1,52.1,14.0,18.0,RC造,3.32,2.71,0.28,16.0,3.32,,2階まで,,PLATEAU建物,団地ごとの目視確認済み,34.729564,135.504875
東淀川区,南江口住宅,南江口住宅１号館,66.0,1981.0,45.0,A,継続活用,東淀川区南江口２丁目２番１号,bldg_a4eaee83-3f21-4047-8b15-70cf82e87f0b,1,37.7,11.0,13.0,RC造,2.0,2.0,0.84,18.0,,,1階まで,,PLATEAU建物,団地ごとの目視確認済み,34.756729,135.546721
東淀川区,南江口住宅,南江口住宅２号館,66.0,1983.0,43.0,A,継続活用,東淀川区南江口２丁目３番２号,bldg_a9e9182c-8196-4dcd-a553-50d2ca29734e,1,42.1,11.0,15.0,RC造,2.07,2.07,1.07,19.0,,,1階まで,,PLATEAU建物,団地ごとの目視確認済み,34.75674,135.547772
東淀川区,南江口住宅,南江口住宅３号館,20.0,1983.0,43.0,A,継続活用,東淀川区南江口２丁目２番３号,bldg_f1fb3282-adc9-4e87-9809-2647bc313ccc,1,15.0,5.0,5.0,非木造,1.98,1.98,0.65,18.0,,,1階まで,,PLATEAU建物,団地ごとの目視確認済み,34.756272,135.546687
東淀川区,南江口住宅,南江口住宅４号館,20.0,1985.0,41.0,A,継続活用,東淀川区南江口２丁目３番４号,bldg_e97b8c15-7a90-4d13-9eb9-c9abaa8d62af,1,14.7,5.0,5.0,RC造,2.17,2.17,0.85,20.0,,,1階まで,,PLATEAU建物,団地ごとの目視確認済み,34.756329,135.547669
東淀川区,南江口住宅,南江口住宅５号館,20.0,1985.0,41.0,A,継続活用,東淀川区南江口２丁目２番５号,bldg_2b09de90-19cd-4f39-8872-e23660756971,1,14.9,5.0,5.0,非木造,1.79,1.79,0.47,17.0,,,1階まで,,PLATEAU建物,団地ごとの目視確認済み,34.755942,135.546682
東淀川区,南江口住宅,南江口住宅６号館,20.0,1985.0,41.0,A,継続活用,東淀川区南江口２丁目１番６号,bldg_b72915d9-59d5-4a81-bcc7-14bb7f8ceda9,1,14.9,5.0,5.0,非木造,1.72,1.72,0.46,16.0,,,1階まで,,PLATEAU建物,団地ごとの目視確認済み,34.755614,135.546731
東淀川区,南江口第１住宅,南江口第１住宅１号館,124.0,1974.0,52.0,A,継続活用,東淀川区南江口２丁目６番１号,bldg_f0529a70-bab0-4376-9676-a2071a3ea5a5,1,38.4,11.0,13.0,RC造,2.78,2.78,1.45,28.0,,,1階まで,,PLATEAU建物,団地ごとの目視確認済み,34.755344,135.549233
東淀川区,南江口第１住宅,南江口第１住宅２号館,100.0,1974.0,52.0,A,継続活用,東淀川区南江口２丁目６番２号,bldg_5490085b-c75a-4eb1-83c6-afd483fc8797,1,38.2,11.0,13.0,RC造,2.77,2.77,1.44,28.0,,,1階まで,,PLATEAU建物,団地ごとの目視確認済み,34.755449,135.549733
東淀川区,南江口第１住宅,南江口第１住宅３号館,153.0,1977.0,49.0,A,継続活用,東淀川区南江口２丁目９番３号,bldg_e80f785f-de5a-4039-9560-405f1fa4bd29,1,39.1,11.0,13.0,RC造,2.6,2.6,1.28,25.0,,,1階まで,,PLATEAU建物,団地ごとの目視確認済み,34.755929,135.550177
東淀川区,南江口第１住宅,南江口第１住宅４号館,63.0,1977.0,49.0,A,継続活用,東淀川区南江口２丁目９番４号,bldg_3ef41017-9ff3-42dd-bbac-1f8a7201d511,1,33.7,9.0,12.0,RC造,2.79,2.79,1.33,29.0,,,1階まで,,PLATEAU建物,団地ごとの目視確認済み,34.75604,135.549145
東淀川区,南江口第２住宅,南江口第２住宅１号館,197.0,1978.0,48.0,A,継続活用,東淀川区南江口１丁目２番１号,bldg_c4d0bd01-c858-4267-8670-b53d58c0ae12 bldg_27cbd47b-52cf-446a-b3a4-7559bdf823f9,2,38.7,11.0,13.0,RC造,1.45,1.45,0.71,15.0,,,1階まで,,PLATEAU建物,団地ごとの目視確認で修正（2つの建物で1棟）,34.756806,135.545688
東淀川区,南江口第２住宅,南江口第２住宅１０号館,30.0,1981.0,45.0,A,継続活用,東淀川区南江口１丁目５番１０号,bldg_c8d7fca8-2f35-48f9-8a25-72bc417c314e,1,14.0,5.0,5.0,RC造,1.75,1.75,0.33,16.0,,,1階まで,,PLATEAU建物,団地ごとの目視確認済み,34.755216,135.545446
東淀川区,南江口第２住宅,南江口第２住宅１１号館,30.0,1981.0,45.0,A,継続活用,東淀川区南江口１丁目５番１１号,bldg_909d3804-5948-4016-b403-6665e23d5135,1,14.1,5.0,5.0,RC造,1.69,1.69,0.32,16.0,,,1階まで,,PLATEAU建物,団地ごとの目視確認済み,34.755206,135.544923
東淀川区,南江口第２住宅,南江口第２住宅１２号館,40.0,1982.0,44.0,A,継続活用,東淀川区南江口１丁目５番１２号,bldg_1c753cfa-4594-41ca-a54b-17a3e6871d59,1,14.3,5.0,5.0,RC造,1.7,1.7,0.32,16.0,,,1階まで,,PLATEAU建物,団地ごとの目視確認済み,34.754901,135.545685
東淀川区,南江口第２住宅,南江口第２住宅１３号館,40.0,1981.0,45.0,A,継続活用,東淀川区南江口１丁目５番１３号,bldg_31cde0e6-9bdb-4f0c-8b4a-ca7787f058ca,1,14.1,5.0,5.0,RC造,1.68,1.68,0.31,16.0,,,1階まで,,PLATEAU建物,団地ごとの目視確認済み,34.754879,135.545018
東淀川区,南江口第２住宅,南江口第２住宅２号館,175.0,1979.0,47.0,A,継続活用,東淀川区南江口１丁目５番２号,bldg_74202ea0-2ed5-4e04-b7b2-0bdd0eaebd32 bldg_8ffd8709-ea28-4f5f-aee4-cc0d154a2f9e,2,38.6,11.0,13.0,RC造,1.75,1.75,0.57,16.0,,,1階まで,,PLATEAU建物,団地ごとの目視確認で修正（2つの建物で1棟）,34.756169,135.545752
東淀川区,南江口第２住宅,南江口第２住宅３号館,30.0,1982.0,44.0,A,継続活用,東淀川区南江口１丁目５番３号,bldg_c2e08a21-c8ca-4103-874b-52c64778e866,1,13.9,5.0,5.0,RC造,1.79,1.79,0.49,17.0,,,1階まで,,PLATEAU建物,団地ごとの目視確認済み,34.755865,135.545998
東淀川区,南江口第２住宅,南江口第２住宅４号館,30.0,1979.0,47.0,A,継続活用,東淀川区南江口１丁目５番４号,bldg_2fdc4a89-d8df-4495-8e9d-ed4eed5f138f,1,13.8,5.0,5.0,RC造,1.77,1.77,0.5,17.0,,,1階まで,,PLATEAU建物,団地ごとの目視確認済み,34.755843,135.545348
東淀川区,南江口第２住宅,南江口第２住宅５号館,30.0,1979.0,47.0,A,継続活用,東淀川区南江口１丁目５番５号,bldg_54f4153f-5289-4ff3-b960-6da1c0990480,1,13.8,5.0,5.0,RC造,1.74,1.74,0.5,16.0,,,1階まで,,PLATEAU建物,団地ごとの目視確認済み,34.755823,135.544828
東淀川区,南江口第２住宅,南江口第２住宅６号館,30.0,1982.0,44.0,A,継続活用,東淀川区南江口１丁目５番６号,bldg_50db7c0f-0ce0-47fe-aa29-c494aff425d3,1,13.9,5.0,5.0,RC造,1.75,1.75,0.47,16.0,,,1階まで,,PLATEAU建物,団地ごとの目視確認済み,34.75555,135.545893
東淀川区,南江口第２住宅,南江口第２住宅７号館,30.0,1981.0,45.0,A,継続活用,東淀川区南江口１丁目５番７号,bldg_7f006cfd-fac8-492f-a50e-bb5dca3d3638,1,13.9,5.0,5.0,RC造,1.75,1.75,0.46,16.0,,,1階まで,,PLATEAU建物,団地ごとの目視確認済み,34.755533,135.545372
東淀川区,南江口第２住宅,南江口第２住宅８号館,40.0,1981.0,45.0,A,継続活用,東淀川区南江口１丁目５番８号,bldg_1b46fbac-29c1-47d9-90b6-d6dcf54b7188,1,13.9,5.0,5.0,RC造,1.75,1.75,0.46,16.0,,,1階まで,,PLATEAU建物,団地ごとの目視確認済み,34.755511,135.544781
東淀川区,南江口第２住宅,南江口第２住宅９号館,30.0,1982.0,44.0,A,継続活用,東淀川区南江口１丁目５番９号,bldg_ac2d03bb-08b4-4ea8-af51-c99b9bea531a,1,14.1,5.0,5.0,RC造,1.72,1.72,0.33,16.0,,,1階まで,,PLATEAU建物,団地ごとの目視確認済み,34.755248,135.546075
東淀川区,南江口第５住宅,南江口第５住宅１号館,20.0,1970.0,56.0,A,建替(Ⅰ),東淀川区南江口３丁目１番１号,bldg_00be96cc-1670-4a75-898d-0152c42b8973,1,13.8,5.0,5.0,RC造,2.29,2.29,0.85,21.0,,,1階まで,,PLATEAU建物,団地ごとの目視確認済み,34.754778,135.550957
東淀川区,南江口第５住宅,南江口第５住宅１０号館,30.0,1970.0,56.0,A,建替(Ⅰ),東淀川区南江口３丁目２番１０号,bldg_478ed5b1-b562-4b08-8cf8-f1b6f64e59c8,1,13.9,5.0,5.0,RC造,2.27,2.27,0.89,21.0,,,1階まで,,PLATEAU建物,団地ごとの目視確認済み,34.756106,135.552009
東淀川区,南江口第５住宅,南江口第５住宅２号館,20.0,1970.0,56.0,A,建替(Ⅰ),東淀川区南江口３丁目１番２号,bldg_d3f4eb39-d1f4-4f9b-9c46-7a89ccf4cf73,1,13.8,5.0,5.0,RC造,2.31,2.31,0.86,21.0,,,1階まで,,PLATEAU建物,団地ごとの目視確認済み,34.754991,135.551105
東淀川区,南江口第５住宅,南江口第５住宅３号館,20.0,1970.0,56.0,A,建替(Ⅰ),東淀川区南江口３丁目１番３号,bldg_80e8d6f6-49eb-424d-8cff-728ca4112781,1,13.9,5.0,5.0,RC造,2.52,2.52,0.82,24.0,,,1階まで,,PLATEAU建物,団地ごとの目視確認済み,34.755202,135.551252
東淀川区,南江口第５住宅,南江口第５住宅４号館,40.0,1970.0,56.0,A,建替(Ⅰ),東淀川区南江口３丁目２番４号,bldg_af4cd81a-984a-4e75-9684-07d79dc97bba,1,14.1,5.0,5.0,RC造,2.27,2.27,0.91,21.0,,,1階まで,,PLATEAU建物,団地ごとの目視確認済み,34.755634,135.551489
東淀川区,南江口第５住宅,南江口第５住宅５号館,40.0,1970.0,56.0,A,建替(Ⅰ),東淀川区南江口３丁目２番５号,bldg_44c82004-cfef-4fe3-ba16-4e16e3ee4fcd,1,14.4,5.0,5.0,RC造,2.25,2.25,0.86,21.0,,,1階まで,,PLATEAU建物,団地ごとの目視確認済み,34.755342,135.551848
東淀川区,南江口第５住宅,南江口第５住宅６号館,30.0,1970.0,56.0,A,建替(Ⅰ),東淀川区南江口３丁目２番６号,bldg_0e79469b-46b9-4a6f-8b1e-8fc4295ad58a,1,14.2,5.0,5.0,RC造,2.44,2.44,0.78,23.0,,,1階まで,,PLATEAU建物,団地ごとの目視確認済み,34.755303,135.55227
東淀川区,南江口第５住宅,南江口第５住宅７号館,40.0,1970.0,56.0,A,建替(Ⅰ),東淀川区南江口３丁目２番７号,bldg_9cf12293-9f90-4d25-bdf1-a4f6846fa5dc,1,14.2,5.0,5.0,RC造,2.24,2.24,0.84,21.0,,,1階まで,,PLATEAU建物,団地ごとの目視確認済み,34.755552,135.551982
東淀川区,南江口第５住宅,南江口第５住宅８号館,30.0,1970.0,56.0,A,建替(Ⅰ),東淀川区南江口３丁目２番８号,bldg_0b5d984f-88f9-4e5c-b505-e9d1b8d8d07f,1,13.8,5.0,5.0,RC造,2.35,2.35,0.91,22.0,,,1階まで,,PLATEAU建物,団地ごとの目視確認済み,34.755888,135.551869
東淀川区,南江口第５住宅,南江口第５住宅９号館,30.0,1970.0,56.0,A,建替(Ⅰ),東淀川区南江口３丁目２番９号,bldg_0df3df96-dece-4292-840f-8dcb168cfc5f,1,13.8,5.0,5.0,RC造,1.9,1.9,0.79,17.0,,,1階まで,,PLATEAU建物,団地ごとの目視確認済み,34.755823,135.55223
東淀川区,大桐住宅,大桐住宅１号館,89.0,1981.0,45.0,A,継続活用,東淀川区大桐１丁目１７番１号,bldg_f3c348c4-77cc-42d4-b383-607e4a6f0ccd,1,35.6,9.0,12.0,RC造,3.32,3.32,0.46,27.0,,,2階まで,,PLATEAU建物,団地ごとの目視確認済み,34.745855,135.546902
東淀川区,大桐住宅,大桐住宅２号館,20.0,1981.0,45.0,A,継続活用,東淀川区大桐１丁目１７番２号,bldg_7ea18f50-6b8e-4424-b30c-b167a25809e5,1,13.9,5.0,5.0,RC造,3.38,3.38,0.38,28.0,,,2階まで,,PLATEAU建物,団地ごとの目視確認済み,34.745715,135.547412
東淀川区,大桐住宅,大桐住宅３号館,89.0,1981.0,45.0,A,継続活用,東淀川区大桐３丁目１番３号,bldg_b34b86f3-62e0-45f2-8d62-5095e52bf0b8,1,35.5,9.0,12.0,RC造,3.33,3.33,0.53,27.0,,,2階まで,,PLATEAU建物,団地ごとの目視確認済み,34.746141,135.547841
東淀川区,大桐住宅,大桐住宅４号館,30.0,1984.0,42.0,A,継続活用,東淀川区大桐３丁目２番４号,bldg_42f650df-b668-4f0e-a5df-9ad91ac02c96,1,14.6,5.0,5.0,RC造,3.37,3.37,0.64,28.0,,,2階まで,,PLATEAU建物,団地ごとの目視確認済み,34.746784,135.547844
東淀川区,大桐住宅,大桐住宅５号館,114.0,1983.0,43.0,A,継続活用,東淀川区大桐３丁目３番５号,bldg_fd358224-2d43-4f57-b280-4ee677f82d6d,1,39.9,10.0,14.0,RC造,3.31,3.31,0.52,28.0,,,2階まで,,PLATEAU建物,団地ごとの目視確認済み,34.746873,135.547517
東淀川区,大桐住宅,大桐住宅６号館,63.0,1983.0,43.0,A,継続活用,東淀川区大桐３丁目５番６号,bldg_9d6453c5-4beb-4f8d-967e-213683990133,1,36.5,9.0,13.0,RC造,3.49,3.49,0.96,31.0,,,2階まで,,PLATEAU建物,団地ごとの目視確認済み,34.747521,135.547537
東淀川区,大道南住宅,大道南住宅１号館,55.0,2007.0,19.0,A,継続活用,東淀川区大道南１丁目８番１号,bldg_2c0e6477-6ea8-448f-88fc-c9c4985f6782,1,23.6,,8.0,不明,4.38,4.38,0.58,34.0,,,2階まで,,PLATEAU建物,団地ごとの目視確認済み,34.74293,135.548331
東淀川区,大道南住宅,大道南住宅２号館,219.0,2005.0,21.0,A,継続活用,東淀川区大道南１丁目８番２号,bldg_6e780648-042e-4bcb-aa3e-a01072164e90,1,39.4,13.0,14.0,RC造,4.54,4.54,0.63,34.0,,,2階まで,,PLATEAU建物,団地ごとの目視確認済み,34.742234,135.54831
東淀川区,大道南住宅,大道南住宅３号館,74.0,2007.0,19.0,A,継続活用,東淀川区大道南１丁目８番３号,bldg_9b4fa541-cf06-46ba-b2ac-7970c246fd92,1,36.2,,12.0,不明,4.58,4.58,0.57,34.0,,,2階まで,,PLATEAU建物,団地ごとの目視確認済み,34.741825,135.547875
東淀川区,小松住宅,小松住宅１号館,20.0,1973.0,53.0,A,継続活用,東淀川区小松４丁目１３番１号,bldg_706c1b86-3b50-4f1b-bcca-1af3be9c8e4d bldg_c52313c0-eb05-43d3-bb0f-889f2b5b503b,2,14.4,5.0,5.0,RC造,1.74,1.74,0.07,15.0,,,1階まで,,PLATEAU建物,団地ごとの目視確認で修正（2つの建物で1棟）,34.75406,135.541725
東淀川区,小松住宅,小松住宅２号館,30.0,1973.0,53.0,A,継続活用,東淀川区小松４丁目１３番２号,bldg_23c52fb0-8942-42c2-a0a5-4a8c576931a7,1,14.0,5.0,5.0,RC造,1.58,1.58,0.21,14.0,,,1階まで,,PLATEAU建物,団地ごとの目視確認済み,34.754166,135.542155
東淀川区,小松住宅,小松住宅３号館,40.0,1973.0,53.0,A,継続活用,東淀川区小松４丁目１３番３号,bldg_bf656f73-5f51-4e47-bd69-28ac6e3c1cb3,1,14.0,5.0,5.0,RC造,1.82,1.82,0.29,16.0,,,1階まで,,PLATEAU建物,団地ごとの目視確認済み,34.753832,135.542324
東淀川区,小松住宅,小松住宅４号館,30.0,1973.0,53.0,A,継続活用,東淀川区小松４丁目１３番４号,bldg_229a3bc1-6b8c-4ead-a657-7ce0ab71f8e1,1,14.2,5.0,5.0,RC造,1.76,1.76,0.37,15.0,,,1階まで,,PLATEAU建物,団地ごとの目視確認済み,34.753762,135.541719
東淀川区,小松住宅,小松住宅５号館,30.0,1975.0,51.0,A,継続活用,東淀川区小松４丁目９番５号,bldg_d56f4b77-dab9-4456-92aa-d70c2e3f01be,1,14.5,5.0,5.0,RC造,1.88,1.88,0.17,16.0,,,1階まで,,PLATEAU建物,団地ごとの目視確認済み,34.7535,135.541806
東淀川区,小松住宅,小松住宅６号館,10.0,1975.0,51.0,A,継続活用,東淀川区小松４丁目７番６号,bldg_319142f5-edf8-4cdf-ab8e-bc850111ed4e,1,14.4,5.0,5.0,RC造,2.05,2.05,0.27,17.0,,,1階まで,,PLATEAU建物,団地ごとの目視確認済み,34.753159,135.541427
東淀川区,小松住宅,小松住宅７号館,20.0,1975.0,51.0,A,継続活用,東淀川区小松４丁目８番７号,bldg_7eccab1d-9c5a-4a6e-b978-ea423910c0d3,1,14.3,5.0,5.0,RC造,2.12,2.12,0.33,18.0,,,1階まで,,PLATEAU建物,団地ごとの目視確認済み,34.753335,135.541188
東淀川区,小松住宅,小松住宅８号館,20.0,1975.0,51.0,A,継続活用,東淀川区小松４丁目８番８号,bldg_a801edd0-e675-4544-bc4d-85f795819677,1,14.3,5.0,5.0,RC造,2.06,2.06,0.31,17.0,,,1階まで,,PLATEAU建物,団地ごとの目視確認済み,34.753418,135.540683
東淀川区,小松南住宅,小松南住宅１号館,100.0,2012.0,14.0,A,継続活用,東淀川区小松５丁目６番１号,bldg_ffd4f82f-b1ad-4b76-88eb-e44ba0a68283 bldg_06f46336-915d-45e9-95b9-f1115303f742,2,31.9,10.0,11.0,RC造,2.57,2.57,1.1,24.0,,,1階まで,,PLATEAU建物,団地ごとの目視確認で修正（2つの建物で1棟）,34.754016,135.547937
東淀川区,山口住宅,山口住宅１号館,80.0,,,,,東淀川区東中島５丁目２４番１号,bldg_15b18dd3-c418-41b1-928e-f5bc9b0649d2,1,14.6,5.0,5.0,RC造,1.7,1.06,0.03,11.0,1.7,,1階まで,,PLATEAU建物,団地ごとの目視確認済み,34.734205,135.510066
東淀川区,山口第２住宅,山口第２住宅１号館,30.0,1969.0,57.0,D,建替(Ⅰ),東淀川区東中島１丁目１７番１号,bldg_62fa6ef2-27c8-4817-a150-b135d68780c2,1,14.3,5.0,5.0,RC造,3.77,2.33,0.96,38.0,3.77,,2階まで,,PLATEAU建物,団地ごとの目視確認済み,34.732014,135.502878
東淀川区,山口第２住宅,山口第２住宅２号館,20.0,1969.0,57.0,D,建替(Ⅰ),東淀川区東中島１丁目１７番２号,bldg_50dd9167-07df-4efb-b9bd-bb8802f0d1ba,1,14.2,5.0,5.0,RC造,3.77,2.32,0.82,39.0,3.77,,2階まで,,PLATEAU建物,団地ごとの目視確認済み,34.732232,135.503094
東淀川区,山口第２住宅,山口第２住宅３号館,30.0,1969.0,57.0,D,建替(Ⅰ),東淀川区東中島１丁目１７番３号,bldg_8d0385f9-64de-45d7-8188-bab01ce4359a,1,14.3,5.0,5.0,RC造,3.7,2.21,0.8,39.0,3.7,,2階まで,,PLATEAU建物,団地ごとの目視確認済み,34.732379,135.5028
東淀川区,崇禅寺住宅,崇禅寺住宅１号館,20.0,1974.0,52.0,A,継続活用,東淀川区東中島５丁目２６番１号,bldg_afd61baa-b807-48ab-9d09-05efe001d3bb,1,14.4,5.0,5.0,RC造,1.95,1.21,0.06,15.0,1.95,,1階まで,,PLATEAU建物,団地ごとの目視確認済み,34.734487,135.50946
東淀川区,崇禅寺住宅,崇禅寺住宅１０号館,6.0,1977.0,49.0,A,継続活用,東淀川区東中島５丁目３番１０号,bldg_9c8f9b6a-dae6-4d15-bc17-7a03a0a60a6d,1,9.1,3.0,3.0,RC造,2.05,1.23,,11.0,2.05,,1階まで,,PLATEAU建物,団地ごとの目視確認済み,34.732025,135.508483
東淀川区,崇禅寺住宅,崇禅寺住宅１１号館,30.0,1977.0,49.0,A,継続活用,東淀川区東中島６丁目３番１１号,bldg_51f4a56a-f7da-4ee7-8610-3d3bd3ebe32e,1,14.4,5.0,5.0,RC造,1.37,0.99,,10.0,1.37,,1階まで,,PLATEAU建物,団地ごとの目視確認済み,34.733125,135.510978
東淀川区,崇禅寺住宅,崇禅寺住宅１２号館,20.0,1979.0,47.0,A,継続活用,東淀川区東中島６丁目５番１２号,bldg_05a419c4-b900-4b8b-81d3-6820d29bfd05,1,14.5,5.0,5.0,RC造,1.68,1.37,0.02,18.0,1.68,,1階まで,,PLATEAU建物,団地ごとの目視確認済み,34.733548,135.511284
東淀川区,崇禅寺住宅,崇禅寺住宅１３号館,8.0,1980.0,46.0,A,継続活用,東淀川区淡路１丁目２番１３号,bldg_e1583f55-5cba-4dda-b99a-604c87cbb462 bldg_aab4a7d1-53bb-4258-9a4f-44717f3285e4,2,12.0,4.0,4.0,RC造,2.09,1.21,0.11,18.0,2.09,,1階まで,,PLATEAU建物,団地ごとの目視確認で修正（2つの建物で1棟）,34.734818,135.507551
東淀川区,崇禅寺住宅,崇禅寺住宅１４号館,16.0,1980.0,46.0,A,継続活用,東淀川区東中島５丁目３０番１４号,bldg_f4013fe2-fbe2-47d5-8e7d-719ff7bcb924,1,11.7,4.0,4.0,RC造,2.2,1.22,0.28,18.0,2.2,,1階まで,,PLATEAU建物,団地ごとの目視確認済み,34.734508,135.507897
東淀川区,崇禅寺住宅,崇禅寺住宅１５号館,18.0,1980.0,46.0,A,継続活用,東淀川区東中島５丁目３０番１５号,bldg_cebdf6f2-604c-4876-8ad7-bcd725ad55aa bldg_bd3854c7-4471-4287-8195-45e23c0d68f1,2,12.0,3.0,4.0,RC造,2.18,1.4,0.33,22.0,2.18,,1階まで,,PLATEAU建物,団地ごとの目視確認で修正（2つの建物で1棟）,34.734599,135.508423
東淀川区,崇禅寺住宅,崇禅寺住宅２号館,30.0,1974.0,52.0,A,継続活用,東淀川区東中島５丁目２６番２号,bldg_0df8e55f-7795-4997-a9ed-fd76e340a5f7,1,14.4,5.0,5.0,RC造,1.95,1.25,0.16,18.0,1.95,,1階まで,,PLATEAU建物,団地ごとの目視確認済み,34.73417,135.509398
東淀川区,崇禅寺住宅,崇禅寺住宅３号館,20.0,1979.0,47.0,A,継続活用,東淀川区東中島５丁目２５番３号,bldg_4cdfb49f-e98e-4b52-94e2-b3c17ec9d0b3,1,14.4,5.0,5.0,RC造,1.82,1.2,0.06,14.0,1.82,,1階まで,,PLATEAU建物,団地ごとの目視確認済み,34.734531,135.51006
東淀川区,崇禅寺住宅,崇禅寺住宅４号館,20.0,1975.0,51.0,A,継続活用,東淀川区東中島５丁目２３番４号,bldg_5de5af00-0896-4fd9-9591-d452944381cb,1,14.2,5.0,5.0,RC造,1.63,0.98,,11.0,1.63,,1階まで,,PLATEAU建物,団地ごとの目視確認済み,34.733766,135.509601
東淀川区,崇禅寺住宅,崇禅寺住宅５号館,30.0,1975.0,51.0,A,継続活用,東淀川区東中島５丁目２３番５号,bldg_35e78d62-bf33-46be-b3b0-765da540ee6a,1,14.3,5.0,5.0,RC造,1.55,0.78,,8.0,1.55,,1階まで,,PLATEAU建物,団地ごとの目視確認済み,34.733545,135.509811
東淀川区,崇禅寺住宅,崇禅寺住宅６号館,20.0,1975.0,51.0,A,継続活用,東淀川区東中島５丁目２３番６号,bldg_43639ef3-ab5a-42c4-b658-13096d214ea0,1,14.4,5.0,5.0,RC造,1.4,0.84,,8.0,1.4,,1階まで,,PLATEAU建物,団地ごとの目視確認済み,34.733897,135.510359
東淀川区,崇禅寺住宅,崇禅寺住宅８号館,18.0,1977.0,49.0,A,継続活用,東淀川区東中島５丁目５番８号,bldg_a303dc69-5a8c-4fb9-b56f-87635ac56289,1,9.5,3.0,3.0,RC造,1.76,1.12,,12.0,1.76,,1階まで,,PLATEAU建物,団地ごとの目視確認済み,34.732402,135.508185
東淀川区,崇禅寺住宅,崇禅寺住宅９号館,6.0,1977.0,49.0,A,継続活用,東淀川区東中島５丁目３番９号,bldg_5bba8cef-2318-4fb1-8ecc-d599c324d0b0,1,9.1,3.0,3.0,RC造,2.04,1.25,,11.0,2.04,,1階まで,,PLATEAU建物,団地ごとの目視確認済み,34.731806,135.508364
東淀川区,日之出住宅,日之出住宅１０号館,96.0,1976.0,50.0,A,建替(Ⅱ),東淀川区西淡路２丁目６番１０号,bldg_e0871576-4563-4f79-af48-9feea4f49a11,1,47.2,14.0,16.0,RC造,2.11,0.75,0.07,7.0,2.11,,1階まで,,PLATEAU建物,団地ごとの目視確認済み,34.736323,135.506117
東淀川区,日之出住宅,日之出住宅１１号館,32.0,1985.0,41.0,A,継続活用,東淀川区淡路１丁目１番１１号,bldg_408d3fa2-4fc9-47d7-a331-006b127cf664,1,33.2,8.0,11.0,RC造,2.3,1.37,0.48,25.0,2.3,,1階まで,,PLATEAU建物,団地ごとの目視確認済み,34.735509,135.507025
東淀川区,日之出住宅,日之出住宅８号館,77.0,,,,,東淀川区西淡路１丁目８番８号,bldg_08ec4157-7c45-4142-82e4-8b4bdeee0329,1,24.9,7.0,9.0,RC造,2.51,1.22,0.26,15.0,2.51,,1階まで,,PLATEAU建物,団地ごとの目視確認済み,34.736663,135.504438
東淀川区,日之出住宅,日之出住宅９号館,103.0,,,,,東淀川区西淡路１丁目９番９号,bldg_7a0b80fd-47a8-4399-9d58-b1d428022210,1,27.7,7.0,10.0,RC造,2.55,1.17,0.31,14.0,2.55,,1階まで,,PLATEAU建物,団地ごとの目視確認済み,34.736765,135.505309
東淀川区,日之出北住宅,日之出北住宅4号館,104.0,2020.0,6.0,A,継続活用,東淀川区西淡路１丁目１０番１０号,,0,,,,,,,,,,,データなし,,位置のみ（建物なし）,団地ごとの目視確認済み,34.737851,135.504393
東淀川区,日之出北住宅,日之出北住宅１号館,87.0,2005.0,21.0,A,継続活用,東淀川区西淡路１丁目１０番１０号,bldg_deb2a91e-b774-494c-89ee-b4d6333dd64f,1,37.6,,13.0,不明,2.36,0.91,0.27,10.0,2.36,,1階まで,,PLATEAU建物,団地ごとの目視確認済み,34.737336,135.505575
東淀川区,日之出北住宅,日之出北住宅２号館,103.0,2008.0,18.0,A,継続活用,東淀川区西淡路１丁目６番２号,bldg_a6f5aaa0-35ef-4e92-9a8e-f4257460f122 bldg_ccfb1d2b-6c81-48a5-ab28-eacb9782e932,2,33.9,11.0,12.0,RC造,3.02,1.22,0.34,16.0,3.02,,2階まで,,PLATEAU建物,団地ごとの目視確認で修正（2つの建物で1棟）,34.737105,135.504125
東淀川区,日之出北住宅,日之出北住宅３号館,59.0,2014.0,12.0,A,継続活用,東淀川区西淡路１丁目８番３号,bldg_b2c800b9-9e4c-4b33-90ba-21eac27137bf,1,31.0,10.0,11.0,RC造,2.95,1.19,0.47,15.0,2.95,,2階まで,,PLATEAU建物,団地ごとの目視確認済み,34.737103,135.504719
東淀川区,日之出第２住宅,日之出第２住宅１号館,1.0,,,,,東淀川区淡路１丁目１番１号,,0,,,,,,,,,,,データなし,,位置のみ（建物なし）,団地ごとの目視確認済み,34.734708,135.506588
東淀川区,日之出第３住宅,日之出第３住宅１号館,38.0,,,,,東淀川区西淡路２丁目１番１４号,bldg_fd7cca72-63e7-497f-b865-8b2851ece252,1,30.2,8.0,10.0,RC造,2.66,1.37,0.1,21.0,2.66,,1階まで,,PLATEAU建物,団地ごとの目視確認済み,34.735044,135.505933
東淀川区,日之出第４住宅,日之出第４住宅１号館,32.0,1973.0,53.0,A/A,建替(Ⅰ)/継続活用,東淀川区東中島５丁目２８番１号,bldg_53b2ebb2-0a8a-4024-959e-70d74ea62251,1,12.0,4.0,4.0,RC造,2.08,1.02,0.09,11.0,2.08,,1階まで,,PLATEAU建物,団地ごとの目視確認済み,34.734216,135.507518
東淀川区,東中島住宅,東中島住宅１号館,,2002.0,24.0,A,継続活用,東淀川区東中島５丁目１２番１号,bldg_7173e942-19b5-484c-a2b0-0284073a5d3e,1,9.5,3.0,3.0,RC造,1.71,0.82,,8.0,1.71,,1階まで,,PLATEAU建物,団地ごとの目視確認済み,34.733174,135.509149
東淀川区,東中島住宅,東中島住宅２号館,,2002.0,24.0,A,継続活用,東淀川区東中島５丁目１２番１号,bldg_7173e942-19b5-484c-a2b0-0284073a5d3e,1,9.5,3.0,3.0,RC造,1.71,0.82,,8.0,1.71,,1階まで,,PLATEAU建物,団地ごとの目視確認済み,34.733174,135.509149
東淀川区,東中島北住宅,東中島北住宅1号館,129.0,2021.0,5.0,A,継続活用,東淀川区東中島６丁目３番１１号,,0,,,,,,,,,,,データなし,,位置のみ（建物なし）,団地ごとの目視確認済み,34.734685,135.510897
東淀川区,東淡路住宅,東淡路住宅１号館,116.0,2014.0,12.0,A,継続活用,東淀川区東淡路３丁目５番１号,bldg_0283ac0f-0089-42b1-b637-2c6d6f0b360c,1,39.7,,14.0,不明,3.42,3.42,0.81,42.0,2.86,,2階まで,,PLATEAU建物,団地ごとの目視確認済み,34.735336,135.520327
東淀川区,東淡路住宅,東淡路住宅１０号館,20.0,,,,,東淀川区東淡路３丁目５番１０号,bldg_3adba763-abc5-4bc8-997c-99466fcebd81,1,14.1,5.0,5.0,RC造,3.41,3.41,0.92,44.0,3.07,,2階まで,,PLATEAU建物,団地ごとの目視確認済み,34.735249,135.519451
東淀川区,東淡路住宅,東淡路住宅１１号館,10.0,,,,,東淀川区東淡路３丁目５番１１号,bldg_16ded9e8-3543-4ef7-a730-81286c147f38,1,14.1,5.0,5.0,RC造,3.44,3.44,0.91,44.0,2.92,,2階まで,,PLATEAU建物,団地ごとの目視確認済み,34.735229,135.519755
東淀川区,東淡路住宅,東淡路住宅２号館,77.0,2014.0,12.0,A,継続活用,東淀川区東淡路３丁目５番２号,bldg_0077db30-2b7d-4cf9-a175-ba6d03a9888b,1,41.4,,14.0,不明,3.46,3.46,0.89,42.0,2.84,,2階まで,,PLATEAU建物,団地ごとの目視確認済み,34.7357,135.520778
東淀川区,東淡路住宅,東淡路住宅８号館,15.0,,,,,東淀川区東淡路３丁目５番８号,bldg_3058a241-9268-4dda-9620-6953b97525f2 bldg_2cfb8db3-36c6-4952-b06e-60bc28e78c53,2,14.1,5.0,5.0,RC造,3.54,3.54,0.99,45.0,2.99,,2階まで,,PLATEAU建物,団地ごとの目視確認で修正（2つの建物で1棟）,34.73557,135.519785
東淀川区,東淡路住宅,東淡路住宅９号館,15.0,,,,,東淀川区東淡路３丁目５番９号,bldg_75c4ed66-9f85-4850-a4aa-2ecef49a34bd,1,14.1,5.0,5.0,RC造,3.41,3.41,0.9,44.0,2.99,,2階まで,,PLATEAU建物,団地ごとの目視確認済み,34.73559,135.519478
東淀川区,東淡路第２住宅,東淡路第２住宅１号館,125.0,1977.0,49.0,A,継続活用,東淀川区東淡路１丁目４番１号,bldg_75c7ec2b-43cc-43f7-97f7-4b82264e6c9a,1,33.8,9.0,12.0,RC造,2.5,2.5,0.02,27.0,2.32,,1階まで,,PLATEAU建物,団地ごとの目視確認済み,34.734396,135.518856
東淀川区,東淡路第２住宅,東淡路第２住宅２号館,107.0,1976.0,50.0,A,継続活用,東淀川区東淡路３丁目３番２号,bldg_12292e03-4973-4a6e-be3c-22436c84a29b,1,34.0,9.0,12.0,RC造,2.68,2.68,0.32,31.0,2.36,,1階まで,,PLATEAU建物,団地ごとの目視確認済み,34.734986,135.518511
東淀川区,東淡路第２住宅,東淡路第２住宅３号館,96.0,1976.0,50.0,A,継続活用,東淀川区東淡路２丁目４番３号,bldg_a9f2dc9c-bd20-4b1e-810b-22839bfb06b9,1,31.2,7.0,11.0,RC造,2.5,2.5,0.13,27.0,2.15,,1階まで,,PLATEAU建物,団地ごとの目視確認済み,34.734921,135.517184
東淀川区,東淡路第２住宅,東淡路第２住宅４号館,98.0,1978.0,48.0,A,継続活用,東淀川区東淡路２丁目４番４号,bldg_4bbc7ce9-d01b-4545-b625-b4219585ee33,1,38.7,11.0,13.0,RC造,2.87,2.87,0.53,35.0,2.56,,1階まで,,PLATEAU建物,団地ごとの目視確認済み,34.735614,135.516878
東淀川区,東淡路第２住宅,東淡路第２住宅５号館,109.0,1978.0,48.0,A,継続活用,東淀川区東淡路２丁目４番５号,bldg_6804ed98-29f3-4f6d-a855-99a78bfc23f2,1,38.7,11.0,13.0,RC造,2.97,2.97,0.53,37.0,2.45,,2階まで,,PLATEAU建物,団地ごとの目視確認済み,34.735642,135.516541
東淀川区,東淡路第３住宅,東淡路第３住宅１号館,80.0,2000.0,26.0,A,継続活用,東淀川区東淡路４丁目１５番１号,bldg_0a05f78a-db5b-499a-adfc-c8662c4fd253 bldg_1ade3fc8-b67d-4b80-b4b1-b8359bbf9bad,2,53.6,13.0,18.0,RC造,3.5,3.5,1.26,48.0,3.38,,2階まで,,PLATEAU建物,団地ごとの目視確認で修正（2つの建物で1棟）,34.738064,135.516668
東淀川区,淡路住宅,淡路住宅１号館,20.0,1997.0,29.0,A,EV設置,東淀川区西淡路５丁目９番１号,bldg_270fadb3-6f03-4ac8-b2f5-279854603f16,1,15.2,5.0,5.0,RC造,2.79,2.73,1.2,37.0,2.79,,1階まで,,PLATEAU建物,団地ごとの目視確認済み,34.743673,135.512607
東淀川区,淡路住宅,淡路住宅２号館,20.0,1988.0,38.0,A,継続活用,東淀川区西淡路５丁目９番２号,bldg_50137187-b5d7-4383-9c8b-3af5195b7836,1,14.8,5.0,5.0,RC造,2.98,2.9,1.34,41.0,2.98,,2階まで,,PLATEAU建物,団地ごとの目視確認済み,34.743398,135.512808
東淀川区,淡路住宅,淡路住宅４号館,50.0,1996.0,30.0,A,継続活用,東淀川区西淡路５丁目１３番４号,bldg_f34e521a-5323-4904-8b8a-20716f3fef3a,1,15.0,5.0,5.0,RC造,2.88,2.67,1.19,36.0,2.88,,1階まで,,PLATEAU建物,団地ごとの目視確認済み,34.743064,135.512894
東淀川区,淡路住宅,淡路住宅５号館,16.0,1996.0,30.0,A,EV設置,東淀川区西淡路５丁目１４番５号,bldg_7c3649a6-3173-4508-a113-ebaf7b7fbae1,1,12.4,4.0,4.0,RC造,2.92,2.85,1.27,40.0,2.92,,2階まで,,PLATEAU建物,団地ごとの目視確認済み,34.742815,135.513014
東淀川区,淡路住宅,淡路住宅６号館,20.0,1990.0,36.0,A,継続活用,東淀川区西淡路５丁目１４番６号,bldg_aafa2ded-0f52-42b6-9682-797bb5a68daa,1,14.9,5.0,5.0,RC造,2.97,2.97,1.09,42.0,2.9,,2階まで,,PLATEAU建物,団地ごとの目視確認済み,34.742489,135.513022
東淀川区,淡路本町住宅,淡路本町住宅１号館,20.0,1971.0,55.0,A,建替(Ⅰ),東淀川区淡路２丁目１番１号,bldg_3d9cd6af-067d-41a4-842d-f981752ddf96,1,14.2,5.0,5.0,RC造,2.45,2.13,0.76,33.0,2.45,,1階まで,,PLATEAU建物,団地ごとの目視確認済み,34.735652,135.511077
東淀川区,淡路本町住宅,淡路本町住宅２号館,30.0,1971.0,55.0,A,建替(Ⅰ),東淀川区淡路２丁目１番２号,bldg_d6037dba-8fc7-4d24-9a37-91a4b2fa71b8,1,14.2,5.0,5.0,RC造,2.37,2.05,0.58,30.0,2.37,,1階まで,,PLATEAU建物,団地ごとの目視確認済み,34.735749,135.511443
東淀川区,淡路本町住宅,淡路本町住宅３号館,20.0,1971.0,55.0,A,建替(Ⅰ),東淀川区淡路２丁目１番３号,bldg_d4f0a1af-a88a-41a6-aa88-187a5fc59d8e,1,14.2,5.0,5.0,RC造,2.52,2.19,0.68,34.0,2.52,,1階まで,,PLATEAU建物,団地ごとの目視確認済み,34.735943,135.51122
東淀川区,淡路本町住宅,淡路本町住宅４号館,20.0,1971.0,55.0,A,建替(Ⅰ),東淀川区淡路２丁目１番４号,bldg_eae96114-1907-4214-8da6-12333aff7ec6,1,14.3,5.0,5.0,RC造,2.46,2.25,0.68,36.0,2.46,,1階まで,,PLATEAU建物,団地ごとの目視確認済み,34.736051,135.51086
東淀川区,淡路第１住宅,淡路第１住宅１号館,24.0,1982.0,44.0,A,継続活用,東淀川区淡路３丁目１５番１号,bldg_43c22497-6e51-487b-82a4-d8d55d55d66b,1,12.0,4.0,4.0,RC造,3.0,2.95,1.13,42.0,3.0,,2階まで,,PLATEAU建物,団地ごとの目視確認済み,34.739113,135.513066
東淀川区,淡路第１住宅,淡路第１住宅２号館,24.0,1982.0,44.0,A,継続活用,東淀川区淡路３丁目１９番２号,bldg_cb347e38-b8e2-4ae4-80e1-3ee7cad3d485,1,11.9,4.0,4.0,RC造,2.89,2.89,1.06,41.0,2.79,,1階まで,,PLATEAU建物,団地ごとの目視確認済み,34.739763,135.513101
東淀川区,淡路第２住宅,淡路第２住宅１号館,12.0,1982.0,44.0,A,継続活用,東淀川区淡路２丁目１１番１号,bldg_57710451-646c-47e3-afb1-0ef0d7c81df6,1,11.8,4.0,4.0,RC造,2.84,2.48,1.08,40.0,2.84,,1階まで,,PLATEAU建物,団地ごとの目視確認済み,34.736404,135.510891
東淀川区,淡路第３住宅,淡路第３住宅１号館,35.0,1982.0,44.0,A,継続活用,東淀川区淡路１丁目８番１号,bldg_aaf3688a-3728-401a-ac2d-56d131295415,1,14.7,5.0,5.0,RC造,1.88,1.23,0.18,15.0,1.88,,1階まで,,PLATEAU建物,団地ごとの目視確認済み,34.736097,135.508171
東淀川区,淡路第３住宅,淡路第３住宅２号館,18.0,1982.0,44.0,A,継続活用,東淀川区淡路１丁目２１番２号,bldg_303d3f60-acde-4dd8-96e8-abdc80673797,1,14.9,5.0,5.0,RC造,2.12,1.55,0.44,25.0,2.12,,1階まで,,PLATEAU建物,団地ごとの目視確認済み,34.736621,135.508274
東淀川区,瑞光住宅,瑞光住宅１号館,89.0,2008.0,18.0,A,継続活用,東淀川区瑞光５丁目３番１号,bldg_52212e68-94b7-454f-a2a0-64f9e62bcf4d,1,42.2,,15.0,不明,2.68,2.68,0.92,24.0,,,1階まで,,PLATEAU建物,団地ごとの目視確認済み,34.752266,135.550422
東淀川区,瑞光住宅,瑞光住宅１０号館,20.0,1981.0,45.0,A,継続活用,東淀川区瑞光５丁目２番１０号,bldg_63c74781-8b6c-492e-b0ab-33b4f18fc9a7,1,14.3,5.0,5.0,RC造,2.54,2.54,0.83,23.0,,,1階まで,,PLATEAU建物,団地ごとの目視確認済み,34.752608,135.549931
東淀川区,瑞光住宅,瑞光住宅１１号館,8.0,1981.0,45.0,A,継続活用,東淀川区瑞光５丁目１番１１号,bldg_43de0d3c-5da2-479d-810b-f48afcbf8aec,1,11.8,4.0,4.0,RC造,2.44,2.44,0.69,22.0,,,1階まで,,PLATEAU建物,団地ごとの目視確認済み,34.752086,135.549582
東淀川区,瑞光住宅,瑞光住宅２号館,109.0,2008.0,18.0,A,継続活用,東淀川区瑞光５丁目３番２号,bldg_01d9b013-51fe-4948-a806-a4cc6e9c8008,1,20.5,,7.0,不明,2.72,2.72,1.01,25.0,,,1階まで,,PLATEAU建物,団地ごとの目視確認済み,34.752192,135.551176
東淀川区,瑞光住宅,瑞光住宅３号館,84.0,2011.0,15.0,A,継続活用,東淀川区瑞光５丁目４番３号,bldg_768c932f-41c9-430c-abe0-a9d0b785f25c,1,15.0,,5.0,不明,2.79,2.79,1.13,26.0,,,1階まで,,PLATEAU建物,団地ごとの目視確認済み,34.752601,135.551403
東淀川区,瑞光寺住宅,瑞光寺住宅１号館,90.0,1979.0,47.0,A,継続活用,東淀川区瑞光２丁目３番１号,bldg_6673558e-31a4-4668-92d5-6a45ab09098f,1,27.8,7.0,10.0,RC造,2.93,2.93,0.12,25.0,,,2階まで,,PLATEAU建物,団地ごとの目視確認済み,34.749701,135.537899
東淀川区,瑞光第２住宅,瑞光第２住宅１号館,20.0,1979.0,47.0,A,継続活用,東淀川区瑞光４丁目２番８号,bldg_10d0618c-d7bb-40eb-ab16-5a61a4cf7983,1,13.9,5.0,5.0,非木造,2.77,2.77,0.78,26.0,,,1階まで,,PLATEAU建物,団地ごとの目視確認済み,34.751274,135.545348
東淀川区,瑞光第２住宅,瑞光第２住宅２号館,20.0,1979.0,47.0,A,継続活用,東淀川区瑞光４丁目２番１３号,bldg_5ed1688a-3250-440c-ab2a-5138d93a86f6,1,14.1,5.0,5.0,非木造,2.78,2.78,0.81,26.0,,,1階まで,,PLATEAU建物,団地ごとの目視確認済み,34.751368,135.545819
東淀川区,瑞光第２住宅,瑞光第２住宅３号館,25.0,1979.0,47.0,A,継続活用,東淀川区瑞光４丁目８番１４号,bldg_972fe036-f217-4dbc-a96d-0579c1b7cd5b,1,13.8,5.0,5.0,RC造,2.73,2.73,0.89,25.0,,,1階まで,,PLATEAU建物,団地ごとの目視確認済み,34.751888,135.545407
東淀川区,相川住宅,相川住宅１号館,30.0,1981.0,45.0,A,継続活用,東淀川区相川３丁目１１番１号,bldg_162ed29b-90b3-47e3-9489-62761764cfb0,1,14.4,5.0,5.0,RC造,2.99,2.99,1.56,177.0,,,2階まで,,PLATEAU建物,団地ごとの目視確認済み,34.759834,135.536784
東淀川区,相川住宅,相川住宅２号館,50.0,1981.0,45.0,A,継続活用,東淀川区相川３丁目１２番２号,bldg_335a2fa7-abf6-433c-a279-0deacd655917,1,14.3,5.0,5.0,RC造,3.72,3.72,2.31,192.0,,,2階まで,,PLATEAU建物,団地ごとの目視確認済み,34.759907,135.538243
東淀川区,相川住宅,相川住宅３号館,30.0,1981.0,45.0,A,継続活用,東淀川区相川３丁目１４番３号,bldg_105acfd5-1acb-4546-a450-f138eae23ad1,1,14.4,5.0,5.0,RC造,3.79,3.79,2.37,193.0,,,2階まで,,PLATEAU建物,団地ごとの目視確認済み,34.760234,135.539262
東淀川区,菅原住宅,菅原住宅１号館,20.0,1979.0,47.0,A,継続活用,東淀川区菅原６丁目４番１号,bldg_1e13c908-57cf-4a1f-b0f9-09a5f0c73795,1,14.2,5.0,5.0,RC造,4.58,4.58,1.12,51.0,1.28,,2階まで,,PLATEAU建物,団地ごとの目視確認済み,34.739005,135.522091
東淀川区,菅原住宅,菅原住宅２号館,30.0,1979.0,47.0,A,継続活用,東淀川区菅原６丁目４番２号,bldg_d87fd69b-3967-4d40-a007-d18b02243d5c,1,14.2,5.0,5.0,RC造,4.61,4.61,1.1,51.0,1.38,,2階まで,,PLATEAU建物,団地ごとの目視確認済み,34.739199,135.521764
東淀川区,菅原第２住宅,菅原第２住宅１号館,20.0,1983.0,43.0,A,継続活用,東淀川区菅原３丁目１０番１号,bldg_31210a77-9676-4d38-86ab-8b69d119a43c,1,14.7,5.0,5.0,RC造,4.5,4.5,0.59,47.0,0.8,,2階まで,,PLATEAU建物,団地ごとの目視確認済み,34.739267,135.525453
東淀川区,菅原第２住宅,菅原第２住宅２号館,40.0,1983.0,43.0,A,継続活用,東淀川区菅原３丁目１０番２号,bldg_99df2ed4-2007-45c5-918a-42b6283214d6,1,14.7,5.0,5.0,RC造,4.56,4.56,0.6,48.0,0.82,,2階まで,,PLATEAU建物,団地ごとの目視確認済み,34.739315,135.525923
東淀川区,菅原第２住宅,菅原第２住宅３号館,50.0,1983.0,43.0,A,継続活用,東淀川区菅原３丁目５番３号,bldg_e7fcfd79-ea64-48fb-9336-36764c813728,1,14.7,5.0,5.0,RC造,4.67,4.67,0.7,48.0,0.76,,2階まで,,PLATEAU建物,団地ごとの目視確認済み,34.739196,135.527007
東淀川区,菅原第２住宅,菅原第２住宅４号館,20.0,1985.0,41.0,A,継続活用,東淀川区菅原４丁目７番４号,bldg_229f4922-9c20-4c37-9abc-8ebaa2064eba,1,14.7,5.0,5.0,RC造,4.77,4.77,0.8,50.0,0.99,,2階まで,,PLATEAU建物,団地ごとの目視確認済み,34.739513,135.527555
東淀川区,菅原第３住宅,菅原第３住宅１号館,39.0,2001.0,25.0,A,継続活用,東淀川区菅原１丁目６番１号,bldg_892004d7-a4be-475d-98c8-d241e40a58b4,1,23.6,8.0,8.0,RC造,4.67,4.67,0.52,46.0,0.51,,2階まで,,PLATEAU建物,団地ごとの目視確認済み,34.736288,135.528503
東淀川区,菅原第３住宅,菅原第３住宅２号館,47.0,2001.0,25.0,A,継続活用,東淀川区菅原１丁目６番２号,bldg_3332d9fe-3f47-4247-81e1-ce148e342947,1,23.4,8.0,8.0,RC造,4.91,4.91,0.81,50.0,0.78,,2階まで,,PLATEAU建物,団地ごとの目視確認済み,34.736418,135.529153
東淀川区,菅原第３住宅,菅原第３住宅３号館,39.0,2001.0,25.0,A,継続活用,東淀川区菅原２丁目１番３号,bldg_572b4c09-463e-490a-a33a-c42b39b4f901,1,23.5,8.0,8.0,RC造,5.08,5.08,0.92,52.0,0.85,,2階まで,,PLATEAU建物,団地ごとの目視確認済み,34.736489,135.529794
東淀川区,西大道第３住宅,西大道第３住宅１号館,30.0,1971.0,55.0,A,建替(Ⅱ),東淀川区大桐２丁目８番１号,bldg_051450c0-8a3a-499f-bff4-7141dd5b6830,1,14.0,,5.0,不明,2.79,2.79,0.06,24.0,,,1階まで,,PLATEAU建物,団地ごとの目視確認済み,34.747873,135.541877
東淀川区,西大道第３住宅,西大道第３住宅２号館,24.0,1971.0,55.0,A,建替(Ⅱ),東淀川区大桐２丁目８番２号,bldg_6aaefc8c-5f4a-4c90-ad43-a4011a2c092e,1,14.3,5.0,5.0,RC造,2.62,2.62,0.07,22.0,,,1階まで,,PLATEAU建物,団地ごとの目視確認済み,34.747711,135.542065
東淀川区,西大道第３住宅,西大道第３住宅３号館,30.0,1971.0,55.0,A,建替(Ⅱ),東淀川区大桐２丁目８番３号,bldg_826f370d-46a3-47aa-ae9a-828726074eef,1,13.9,,5.0,不明,2.7,2.7,0.18,23.0,,,1階まで,,PLATEAU建物,団地ごとの目視確認済み,34.747546,135.542269
東淀川区,西大道第３住宅,西大道第３住宅４号館,30.0,1971.0,55.0,A,建替(Ⅱ),東淀川区大桐２丁目８番４号,bldg_aa3d869e-1dc6-4d5f-903f-e9865cbcc7cb,1,14.0,5.0,5.0,RC造,2.7,2.7,0.17,23.0,,,1階まで,,PLATEAU建物,団地ごとの目視確認済み,34.747384,135.542456
東淀川区,西淡路住宅,西淡路住宅１号館,20.0,1986.0,40.0,A,継続活用,東淀川区西淡路６丁目４番１号,bldg_4da0d222-8918-4825-9570-41d3c7719d44,1,14.5,5.0,5.0,RC造,2.43,2.23,0.79,26.0,2.43,,1階まで,,PLATEAU建物,団地ごとの目視確認済み,34.744606,135.513355
東淀川区,西淡路住宅,西淡路住宅２号館,20.0,1986.0,40.0,A,継続活用,東淀川区西淡路６丁目３番２号,bldg_0760a099-e764-4c22-8b9a-89dff0493d14,1,14.6,5.0,5.0,RC造,2.18,2.17,1.41,24.0,2.18,,1階まで,,PLATEAU建物,団地ごとの目視確認済み,34.745314,135.51303
東淀川区,西淡路住宅,西淡路住宅３号館,26.0,1986.0,40.0,A,継続活用,東淀川区西淡路６丁目３番３号,bldg_26eeb052-386b-4b2d-b527-98c9ac9105dc,1,14.5,5.0,5.0,RC造,2.17,2.17,1.35,24.0,2.16,,1階まで,,PLATEAU建物,団地ごとの目視確認済み,34.745278,135.512582
東淀川区,西淡路住宅,西淡路住宅４号館,110.0,1986.0,40.0,A,継続活用,東淀川区西淡路６丁目５番４号,bldg_2709c32d-5fa9-4d2a-b2d3-4e19c585a9a3,1,41.7,11.0,14.0,RC造,1.85,1.85,1.61,19.0,1.7,,1階まで,,PLATEAU建物,団地ごとの目視確認済み,34.74617,135.512531
東淀川区,豊新住宅,豊新住宅１号館,93.0,2004.0,22.0,A,継続活用,東淀川区豊新５丁目１２番１号,bldg_9293d28d-7abf-4727-817f-f42942366812 bldg_95375b5f-3495-49f5-9e6e-e4ec0f0f6f9c,2,23.3,7.0,8.0,RC造,3.46,3.46,0.16,31.0,,,2階まで,,PLATEAU建物,団地ごとの目視確認で修正（2つの建物で1棟）,34.746834,135.537059
東淀川区,豊新住宅,豊新住宅２号館,35.0,2004.0,22.0,A,継続活用,東淀川区豊新５丁目１２番２号,bldg_ecdc5c92-543c-4933-a628-b8318e8b4e4f,1,20.7,7.0,7.0,RC造,3.46,3.46,0.14,31.0,,,2階まで,,PLATEAU建物,団地ごとの目視確認済み,34.747519,135.537023
東淀川区,豊里住宅,豊里住宅１号館,107.0,1981.0,45.0,A,継続活用,東淀川区豊里５丁目１５番１号,bldg_fdf1c345-0339-4963-a89c-27088cb4aa2d,1,38.3,10.0,13.0,RC造,4.09,4.09,0.34,36.0,,,2階まで,,PLATEAU建物,団地ごとの目視確認済み,34.740195,135.543512
東淀川区,豊里住宅,豊里住宅１０号館,20.0,1983.0,43.0,A,継続活用,東淀川区豊里５丁目５番１０号,bldg_3a2c2e93-f510-4ff8-842c-3f173acfe0b1,1,14.4,5.0,5.0,RC造,4.72,4.72,0.53,41.0,0.03,,2階まで,,PLATEAU建物,団地ごとの目視確認済み,34.739177,135.545093
東淀川区,豊里住宅,豊里住宅１１号館,30.0,1983.0,43.0,A,継続活用,東淀川区豊里５丁目５番１１号,bldg_18a975bc-e8ce-4854-912c-d6b98b0be6bc,1,14.4,5.0,5.0,RC造,4.78,4.78,0.49,40.0,0.1,,2階まで,,PLATEAU建物,団地ごとの目視確認済み,34.739212,135.54466
東淀川区,豊里住宅,豊里住宅１２号館,30.0,1983.0,43.0,A,継続活用,東淀川区豊里５丁目５番１２号,bldg_e457afb4-a916-485d-808d-dab27d544346,1,14.5,5.0,5.0,RC造,4.53,4.53,0.44,39.0,0.07,,2階まで,,PLATEAU建物,団地ごとの目視確認済み,34.739522,135.544608
東淀川区,豊里住宅,豊里住宅２号館,103.0,1981.0,45.0,A,継続活用,東淀川区豊里５丁目１５番２号,bldg_be01911e-581b-4e5e-876e-cc5e0813a910,1,32.6,8.0,11.0,RC造,4.0,4.0,0.33,36.0,,,2階まで,,PLATEAU建物,団地ごとの目視確認済み,34.741106,135.544028
東淀川区,豊里住宅,豊里住宅３号館,62.0,1981.0,45.0,A,継続活用,東淀川区豊里５丁目１５番３号,bldg_ad85bd34-7c6d-44f8-a379-13002d3e77c9,1,35.5,9.0,12.0,RC造,4.22,4.22,0.37,38.0,,,2階まで,,PLATEAU建物,団地ごとの目視確認済み,34.7406,135.544327
東淀川区,豊里住宅,豊里住宅４号館,40.0,1983.0,43.0,A,継続活用,東淀川区豊里５丁目１６番４号,bldg_6c47ffe8-a92f-486e-9a33-946cfec6d8aa,1,14.5,5.0,5.0,RC造,4.16,4.16,0.33,37.0,,,2階まで,,PLATEAU建物,団地ごとの目視確認済み,34.740301,135.54463
東淀川区,豊里住宅,豊里住宅５号館,30.0,1983.0,43.0,A,継続活用,東淀川区豊里５丁目１６番５号,bldg_e2832bb1-f200-4376-bf3c-5f8eea4d6806,1,14.5,5.0,5.0,RC造,4.15,4.15,0.31,36.0,,,2階まで,,PLATEAU建物,団地ごとの目視確認済み,34.740067,135.544828
東淀川区,豊里住宅,豊里住宅６号館,40.0,1983.0,43.0,A,継続活用,東淀川区豊里５丁目１６番６号,bldg_d4e07b97-61f7-4f7a-b568-6d9b123d551d,1,14.4,5.0,5.0,RC造,4.5,4.5,0.49,39.0,0.03,,2階まで,,PLATEAU建物,団地ごとの目視確認済み,34.739748,135.545139
東淀川区,豊里住宅,豊里住宅７号館,40.0,1983.0,43.0,A,継続活用,東淀川区豊里５丁目１６番７号,bldg_52690606-9a1e-4760-b304-6cfd8bd43cc3,1,14.4,5.0,5.0,RC造,4.48,4.48,0.54,38.0,0.07,,2階まで,,PLATEAU建物,団地ごとの目視確認済み,34.739535,135.545646
東淀川区,豊里住宅,豊里住宅８号館,30.0,1984.0,42.0,A,継続活用,東淀川区豊里５丁目１６番８号,bldg_8bab8b4f-a6ab-4ba9-8dd6-3120e1b07145,1,14.4,5.0,5.0,RC造,4.53,4.53,0.48,38.0,0.26,,2階まで,,PLATEAU建物,団地ごとの目視確認済み,34.739252,135.545824
東淀川区,豊里住宅,豊里住宅９号館,30.0,1984.0,42.0,A,継続活用,東淀川区豊里５丁目５番９号,bldg_4b3a6e0f-70ba-4b5f-b613-585916e3e2ee,1,14.5,5.0,5.0,RC造,4.84,4.84,0.48,39.0,0.04,,2階まで,,PLATEAU建物,団地ごとの目視確認済み,34.738935,135.545401
東淀川区,豊里第２住宅,豊里第２住宅１７号館,99.0,2010.0,16.0,A,継続活用,東淀川区豊里７丁目１７番１７号,bldg_b71b3958-022b-4242-b3ca-28de14759273 bldg_a5e15731-3d04-45fd-bc8b-38d1955217e0,2,17.9,,6.0,不明,3.62,3.62,0.16,33.0,,,2階まで,,PLATEAU建物,団地ごとの目視確認で修正（2つの建物で1棟）,34.743806,135.541153
東淀川区,豊里第２住宅,豊里第２住宅１８号館,78.0,2012.0,14.0,A,継続活用,東淀川区豊里７丁目１４番１８号,bldg_c2583090-b12b-448c-9d34-7d6179b9c937,1,28.6,,10.0,不明,3.89,3.89,0.36,36.0,0.01,,2階まで,,PLATEAU建物,団地ごとの目視確認済み,34.743474,135.541467
東淀川区,豊里第２住宅,豊里第２住宅１９号館,60.0,2015.0,11.0,A,継続活用,東淀川区豊里７丁目４番１９号,bldg_cef352ff-33d6-4605-a58f-2ce4c0bcfc24,1,21.0,,7.0,不明,3.96,3.96,0.06,37.0,0.09,,2階まで,,PLATEAU建物,団地ごとの目視確認済み,34.742722,135.54119
東淀川区,飛鳥住宅,飛鳥住宅１号館,135.0,1969.0,57.0,B/A,建替(Ⅰ)/建替(Ⅰ),東淀川区東中島３丁目１３番１号,bldg_203a1d50-51e7-4e3e-bcc5-d60ca7a8b27b,1,19.5,7.0,7.0,RC造,1.67,1.06,,6.0,1.67,,1階まで,,PLATEAU建物,団地ごとの目視確認済み,34.729892,135.508413
東淀川区,飛鳥住宅,飛鳥住宅２号館,19.0,2014.0,12.0,A,継続活用,東淀川区東中島３丁目１３番２号,bldg_408e3797-586c-4181-a47a-e5da32e13dea,1,15.1,,5.0,不明,2.21,1.38,,9.0,2.21,,1階まで,,PLATEAU建物,団地ごとの目視確認済み,34.730198,135.50895
東淀川区,飛鳥住宅,飛鳥住宅３号館,40.0,1977.0,49.0,A,建替(Ⅱ),東淀川区東中島３丁目１１番３号,bldg_e7fa3c73-c070-4ba5-b2a6-070e090f1c38,1,15.0,5.0,5.0,RC造,1.52,1.15,,7.0,1.52,,1階まで,,PLATEAU建物,団地ごとの目視確認済み,34.729769,135.50798
東淀川区,飛鳥住宅,飛鳥住宅４号館,30.0,1984.0,42.0,A,建替(Ⅱ),東淀川区東中島３丁目１１番４号,bldg_2b534b36-da0e-4606-a3ac-0ac665241210,1,14.9,5.0,5.0,RC造,1.62,0.89,,5.0,1.62,,1階まで,,PLATEAU建物,団地ごとの目視確認済み,34.730304,135.507644
東淀川区,飛鳥住宅,飛鳥住宅５号館,29.0,2004.0,22.0,A,継続活用,東淀川区東中島３丁目１１番５号,bldg_43081c15-9995-416a-900a-72337bbeecd9,1,17.0,6.0,6.0,RC造,1.83,1.21,,7.0,1.83,,1階まで,,PLATEAU建物,団地ごとの目視確認済み,34.729845,135.507468
東淀川区,飛鳥西住宅,飛鳥西住宅１号館,278.0,1971.0,55.0,A,建替(Ⅰ),東淀川区東中島３丁目６番１号,bldg_2fb41ebe-4b83-4afe-86da-a9825f49c7c1,1,48.2,14.0,17.0,RC造,2.49,1.73,0.03,10.0,2.49,,1階まで,,PLATEAU建物,団地ごとの目視確認済み,34.730853,135.506281
東淀川区,飛鳥西住宅,飛鳥西住宅２号館,24.0,1981.0,45.0,A,建替(Ⅱ),東淀川区東中島３丁目９番２号,bldg_1d01f0aa-13d1-40e0-b58d-e54f84efba41,1,12.5,4.0,4.0,RC造,2.65,1.91,0.04,10.0,2.65,,1階まで,,PLATEAU建物,団地ごとの目視確認済み,34.730194,135.506547
此花区,伝法住宅,伝法住宅１号館,226.0,2013.0,13.0,A,継続活用,此花区伝法１丁目４番１号,bldg_f47e304a-fd7a-4ef4-8533-6232e4ac350f,1,45.6,14.0,16.0,RC造,5.49,2.5,,51.0,5.49,1.57,2階まで,,PLATEAU建物,団地ごとの目視確認済み,34.687659,135.458798
此花区,伝法住宅,伝法住宅２号館,177.0,2016.0,10.0,A,継続活用,此花区伝法１丁目４番２号,bldg_c4142a3e-d611-4f23-968f-3b2d05f89d89 bldg_6483d598-805a-47af-b13f-d453f34a41e3,2,56.8,,20.0,不明,5.46,2.34,,48.0,5.46,1.47,2階まで,,PLATEAU建物,団地ごとの目視確認で修正（2つの建物で1棟）,34.687791,135.459612
此花区,千鳥橋住宅,千鳥橋住宅１号館,210.0,2010.0,16.0,A/A,継続活用/継続活用,此花区伝法２丁目２番２号,bldg_9dd81fe2-44d4-42f5-b3ed-4033d6b61e24 bldg_2170641b-10ec-4ef4-a29b-9bc67750bb69,2,42.7,,15.0,不明,5.79,2.8,,56.0,5.79,1.75,2階まで,,PLATEAU建物,団地ごとの目視確認で修正（2つの建物で1棟）,34.687379,135.45799
此花区,島屋住宅,島屋住宅１号館,52.0,2001.0,25.0,A,継続活用,此花区島屋２丁目８番１号,bldg_62b68784-eec3-421f-924a-e70585c720bf,1,25.6,9.0,9.0,RC造,8.08,,,,8.08,4.63,3階まで,,PLATEAU建物,団地ごとの目視確認済み,34.678311,135.43877
此花区,島屋第２住宅,島屋第２住宅１号館,20.0,1973.0,53.0,A,継続活用,此花区島屋２丁目１番１号,bldg_c867a94d-0db3-4f07-a465-4e5fd6206baa,1,14.6,5.0,5.0,RC造,7.6,,,,7.6,4.33,3階まで,,PLATEAU建物,団地ごとの目視確認済み,34.676811,135.440513
此花区,島屋第２住宅,島屋第２住宅２号館,30.0,1975.0,51.0,A,継続活用,此花区島屋２丁目２番２号,bldg_91769656-4c15-40b0-9521-910c128cee86,1,14.4,5.0,5.0,RC造,7.4,,,,7.4,4.14,3階まで,,PLATEAU建物,団地ごとの目視確認済み,34.677115,135.440364
此花区,島屋第２住宅,島屋第２住宅３号館,10.0,1976.0,50.0,A,継続活用,此花区島屋２丁目３番３号,bldg_304b6865-8b29-4c19-b150-cb44d84cfcee,1,14.5,5.0,5.0,RC造,7.69,,,,7.69,4.45,3階まで,,PLATEAU建物,団地ごとの目視確認済み,34.677362,135.439946
此花区,島屋第２住宅,島屋第２住宅４号館,10.0,1976.0,50.0,A,継続活用,此花区島屋２丁目３番４号,bldg_50fae107-0afe-4f07-9890-8384dd89de74,1,14.5,5.0,5.0,RC造,7.54,,,,7.54,4.26,3階まで,,PLATEAU建物,団地ごとの目視確認済み,34.677453,135.440261
此花区,春日出中住宅,春日出中住宅１号館,34.0,1990.0,36.0,A,継続活用,此花区春日出中１丁目１２番２０号,bldg_160aaf3b-0cf2-4b0c-9bc5-39fc4cb96cab,1,14.7,5.0,5.0,RC造,7.17,,,,7.17,3.91,3階まで,,PLATEAU建物,団地ごとの目視確認済み,34.681143,135.453633
此花区,春日出中第２住宅,春日出中第２住宅１号館,54.0,2014.0,12.0,A,継続活用,此花区春日出中１丁目５番１号,bldg_1812574f-da71-47db-98af-610e25f77be2,1,23.7,8.0,8.0,RC造,7.42,,,,7.42,4.11,3階まで,,PLATEAU建物,団地ごとの目視確認済み,34.679078,135.452607
此花区,春日出住宅,春日出住宅１号館,28.0,1992.0,34.0,A,継続活用,此花区春日出北２丁目５番１号,bldg_2d807db9-6958-4180-ac28-8a9c6a386a9f,1,14.6,5.0,5.0,RC造,7.7,,,,7.7,4.32,3階まで,,PLATEAU建物,団地ごとの目視確認済み,34.681348,135.449344
此花区,春日出住宅,春日出住宅２号館,26.0,1992.0,34.0,A,継続活用,此花区春日出北２丁目５番２号,bldg_e1eaf1c0-004a-4972-aa6d-79dcc5bbfc8e,1,11.6,4.0,4.0,RC造,7.62,,,,7.62,4.26,3階まで,,PLATEAU建物,団地ごとの目視確認済み,34.681585,135.449118
此花区,春日出南住宅,春日出南住宅１号館,20.0,1975.0,51.0,A,継続活用,此花区春日出南２丁目９番１号,bldg_d3e5dd3f-c830-4329-98e7-055123f2e668,1,14.0,5.0,5.0,RC造,7.38,,,,7.38,4.1,3階まで,,PLATEAU建物,団地ごとの目視確認済み,34.678097,135.454176
此花区,春日出南住宅,春日出南住宅２号館,20.0,1975.0,51.0,A,継続活用,此花区春日出南２丁目９番２号,bldg_3195bc2d-7379-4433-a051-1e0e17920f1c,1,14.1,5.0,5.0,RC造,7.11,,,,7.11,3.85,3階まで,,PLATEAU建物,団地ごとの目視確認済み,34.677416,135.454674
此花区,春日出第２住宅,春日出第２住宅１号館,40.0,,,,,此花区春日出北３丁目４番１号,bldg_2940bf47-c311-4b8d-a46f-3153da4c218c,1,14.2,5.0,5.0,RC造,7.36,,,,7.36,3.9,3階まで,,PLATEAU建物,団地ごとの目視確認済み,34.680252,135.446417
此花区,春日出第２住宅,春日出第２住宅２号館,40.0,,,,,此花区春日出北３丁目４番２号,bldg_ce08bb6f-098a-4643-bf39-b72982d59d48,1,14.2,5.0,5.0,RC造,7.37,,,,7.37,3.89,3階まで,,PLATEAU建物,団地ごとの目視確認済み,34.680462,135.446262
此花区,春日出第２住宅,春日出第２住宅３号館,40.0,,,,,此花区春日出北３丁目４番３号,bldg_49505b5e-e81d-4d93-89b3-02437bdfa6c8,1,14.3,5.0,5.0,RC造,7.37,,,,7.37,3.88,3階まで,,PLATEAU建物,団地ごとの目視確認済み,34.680677,135.446111
此花区,春日出第２住宅,春日出第２住宅４号館,20.0,,,,,此花区春日出北３丁目４番４号,bldg_d1f8468d-add6-4b69-9a58-b1e013ed8ab6,1,14.1,5.0,5.0,RC造,7.29,,,,7.29,3.79,3階まで,,PLATEAU建物,団地ごとの目視確認済み,34.680806,135.445791
此花区,春日出第２住宅,春日出第２住宅５号館,20.0,,,,,此花区春日出北３丁目４番５号,bldg_b4376df4-54b1-4652-a799-e86642b656e9,1,14.2,5.0,5.0,RC造,7.3,,,,7.3,3.81,3階まで,,PLATEAU建物,団地ごとの目視確認済み,34.680938,135.446062
此花区,春日出第２住宅,春日出第２住宅６号館,20.0,,,,,此花区春日出北３丁目４番６号,bldg_332024b8-8ece-4c57-8837-83c364eb57fb,1,14.4,5.0,5.0,RC造,7.41,,,,7.41,3.92,3階まで,,PLATEAU建物,団地ごとの目視確認済み,34.681152,135.445906
此花区,春日出第２住宅,春日出第２住宅７号館,30.0,,,,,此花区春日出北３丁目４番７号,bldg_d1d330b4-0456-4adf-ac1e-de589d613bc7,1,14.1,5.0,5.0,RC造,7.35,,,,7.35,3.84,3階まで,,PLATEAU建物,団地ごとの目視確認済み,34.681003,135.445611
此花区,木場住宅,木場住宅１号館,30.0,,,,,此花区西九条５丁目３番１号,bldg_3d5536f9-0c01-444c-94a6-a41cf5ae931a,1,14.1,5.0,5.0,RC造,5.35,2.37,,59.0,5.35,1.72,2階まで,,PLATEAU建物,団地ごとの目視確認済み,34.685347,135.466074
此花区,木場住宅,木場住宅１０号館,20.0,1969.0,57.0,A,建替(Ⅰ),此花区西九条５丁目３番１０号,bldg_cf9881f7-e1a3-4bb4-ad8a-99cdbc5b7bb2,1,14.1,5.0,5.0,RC造,5.07,2.33,,58.0,5.07,1.56,2階まで,,PLATEAU建物,団地ごとの目視確認済み,34.685849,135.464145
此花区,木場住宅,木場住宅１１号館,40.0,1969.0,57.0,A,建替(Ⅰ),此花区西九条５丁目３番１１号,bldg_7b45dcf6-db27-447b-84ba-f0dcaf2f8c3d,1,14.2,,5.0,不明,5.04,2.22,,55.0,5.04,1.5,2階まで,,PLATEAU建物,団地ごとの目視確認済み,34.685602,135.464195
此花区,木場住宅,木場住宅１２号館,40.0,1969.0,57.0,A,建替(Ⅰ),此花区西九条５丁目３番１２号,bldg_67db2bac-d351-46ce-b556-a7f0610fa623,1,14.2,5.0,5.0,RC造,5.2,2.29,,57.0,5.2,1.69,2階まで,,PLATEAU建物,団地ごとの目視確認済み,34.685379,135.464143
此花区,木場住宅,木場住宅１３号館,20.0,,,,,此花区西九条５丁目３番１３号,bldg_3aa755fe-cc0b-4918-864a-b7c145344dbb,1,14.1,5.0,5.0,RC造,5.18,2.26,,56.0,5.18,1.62,2階まで,,PLATEAU建物,団地ごとの目視確認済み,34.685283,135.464518
此花区,木場住宅,木場住宅１４号館,20.0,,,,,此花区西九条５丁目３番１４号,bldg_b937ee94-c557-4876-b5a4-3aa0b51ee354,1,14.2,5.0,5.0,RC造,5.26,2.3,,57.0,5.26,1.69,2階まで,,PLATEAU建物,団地ごとの目視確認済み,34.685056,135.464505
此花区,木場住宅,木場住宅１５号館,30.0,,,,,此花区西九条５丁目３番１５号,bldg_99399c31-bc71-4116-8475-2397bdae3463,1,14.3,5.0,5.0,RC造,5.22,2.24,,55.0,5.22,1.58,2階まで,,PLATEAU建物,団地ごとの目視確認済み,34.685142,135.464183
此花区,木場住宅,木場住宅１６号館,20.0,,,,,此花区西九条５丁目３番１６号,bldg_99d66157-c5d6-4b28-bf8b-78dabcea124f,1,14.2,5.0,5.0,RC造,5.27,2.35,,58.0,5.27,1.73,2階まで,,PLATEAU建物,団地ごとの目視確認済み,34.684914,135.464129
此花区,木場住宅,木場住宅１７号館,40.0,,,,,此花区西九条５丁目３番１７号,bldg_e52eb81c-8a14-45e6-9867-54281c71ce4b,1,14.3,5.0,5.0,RC造,5.17,2.28,,56.0,5.17,1.66,2階まで,,PLATEAU建物,団地ごとの目視確認済み,34.684945,135.463789
此花区,木場住宅,木場住宅２号館,40.0,,,,,此花区西九条５丁目３番２号,bldg_99864e2c-7eed-40bc-926f-5f61eeb4e459,1,14.1,5.0,5.0,RC造,5.19,2.28,,57.0,5.19,1.55,2階まで,,PLATEAU建物,団地ごとの目視確認済み,34.685507,135.465842
此花区,木場住宅,木場住宅３号館,30.0,,,,,此花区西九条５丁目３番３号,bldg_dfe72059-8169-41b9-9d6d-a23517443b51,1,14.2,5.0,5.0,RC造,5.24,2.28,,57.0,5.24,1.6,2階まで,,PLATEAU建物,団地ごとの目視確認済み,34.685641,135.465565
此花区,木場住宅,木場住宅４号館,50.0,,,,,此花区西九条５丁目３番４号,bldg_1cdbcf29-6d62-4132-85a1-1eae459ad389,1,14.2,5.0,5.0,RC造,5.17,2.37,,59.0,5.17,1.57,2階まで,,PLATEAU建物,団地ごとの目視確認済み,34.68545,135.465363
此花区,木場住宅,木場住宅９号館,30.0,,,,,此花区西九条５丁目３番９号,bldg_ecb73287-79b3-41b3-9f91-561a0897b4d9,1,14.1,5.0,5.0,RC造,5.04,2.3,,58.0,5.04,1.64,2階まで,,PLATEAU建物,団地ごとの目視確認済み,34.68553,135.464677
此花区,木場第１住宅,木場第１住宅1号館,169.0,2021.0,5.0,A,継続活用,此花区西九条5丁目3-19,,0,,,,,,,,,,,データなし,,位置のみ（建物なし）,団地ごとの目視確認済み,34.685084,135.465378
此花区,桜島住宅,桜島住宅１号館,109.0,2005.0,21.0,A,継続活用,此花区桜島３丁目６番３０号,bldg_615dc0cd-d9a5-428d-a350-f48cdbbed4d0,1,32.0,,11.0,不明,4.44,,,,4.44,1.54,2階まで,,PLATEAU建物,団地ごとの目視確認済み,34.660894,135.4282
此花区,梅香住宅,梅香住宅１号館,40.0,1979.0,47.0,A,継続活用,此花区梅香３丁目２番１号,bldg_28927773-ac8b-4fb0-9aa5-6419a7dcf1ae,1,14.2,5.0,5.0,RC造,5.94,,,,5.94,2.88,3階まで,,PLATEAU建物,団地ごとの目視確認済み,34.680781,135.455812
此花区,梅香住宅,梅香住宅２号館,40.0,1980.0,46.0,A,継続活用,此花区梅香３丁目２番２号,bldg_359c5ea2-7fcf-44f3-b69e-46dfadcd7890,1,14.3,5.0,5.0,RC造,6.15,,,,6.15,3.06,3階まで,,PLATEAU建物,団地ごとの目視確認済み,34.680458,135.456015
此花区,秀野第３住宅,秀野第３住宅１号館,24.0,,,,,此花区酉島１丁目１８番１９号,bldg_b284cc0a-6b41-4f3b-89d8-184d0a366f7a,1,14.3,5.0,5.0,RC造,6.68,3.93,,60.0,6.68,2.21,3階まで,,PLATEAU建物,団地ごとの目視確認済み,34.682979,135.443682
此花区,秀野西住宅,秀野西住宅１号館,214.0,1975.0,51.0,A,継続活用,此花区酉島１丁目５番１号,bldg_6257ac28-514d-4f7a-ac71-1bc2d13df804 bldg_4675d59f-bcc8-4ab5-8dee-b80fd7a01462,2,39.4,11.0,14.0,RC造,6.44,3.52,,52.0,6.44,2.1,3階まで,,PLATEAU建物,団地ごとの目視確認で修正（2つの建物で1棟）,34.685011,135.445041
此花区,秀野西住宅,秀野西住宅２号館,88.0,1973.0,53.0,A,継続活用,此花区酉島１丁目１２番２号,bldg_c5e50eaf-cd1e-4a2a-9713-947ed3b71fbf,1,37.7,11.0,13.0,RC造,6.67,3.67,,55.0,6.67,2.32,3階まで,,PLATEAU建物,団地ごとの目視確認済み,34.684511,135.443733
此花区,秀野西住宅,秀野西住宅３号館,132.0,1973.0,53.0,A,継続活用,此花区酉島１丁目１１番３号,bldg_afd58d6b-bc5b-4eda-970d-aee494878949,1,39.2,11.0,14.0,RC造,6.56,3.89,,59.0,6.56,2.17,3階まで,,PLATEAU建物,団地ごとの目視確認済み,34.684087,135.444131
此花区,秀野西住宅,秀野西住宅４号館,88.0,1973.0,53.0,A,継続活用,此花区酉島１丁目１６番４号,bldg_fafd435e-cfce-4f57-b323-e7bc1d767005,1,38.1,11.0,13.0,RC造,6.57,3.74,,57.0,6.57,2.23,3階まで,,PLATEAU建物,団地ごとの目視確認済み,34.683682,135.443056
此花区,秀野西住宅,秀野西住宅５号館,122.0,1974.0,52.0,A,継続活用,此花区酉島１丁目１７番５号,bldg_1ad5ef4a-8323-4299-b9d3-1049e094b3fa,1,40.4,11.0,14.0,RC造,6.14,3.44,,51.0,6.14,1.8,3階まで,,PLATEAU建物,団地ごとの目視確認済み,34.683305,135.443371
此花区,西九条住宅,西九条住宅１号館,18.0,1992.0,34.0,A,継続活用,此花区西九条２丁目１２番１号,bldg_c1294607-cb81-4e81-8dff-5abd3f3b19b0,1,9.6,3.0,3.0,RC造,6.76,2.01,,46.0,6.76,3.16,3階まで,あり,PLATEAU建物,団地ごとの目視確認済み,34.680681,135.464898
此花区,酉島住宅,酉島住宅23号館,143.0,2020.0,6.0,A,継続活用,此花区酉島４丁目１番２１号,,0,,,,,,,,,,,データなし,,位置のみ（建物なし）,団地ごとの目視確認済み,34.684393,135.437539
此花区,酉島住宅,酉島住宅２１号館,216.0,1993.0,33.0,A,継続活用,此花区酉島４丁目１番２１号,bldg_c1c87f48-6aa6-4b30-8356-a61027ce8cdc,1,55.6,15.0,19.0,RC造,4.37,1.45,,0.0,4.37,0.31,2階まで,,PLATEAU建物,団地ごとの目視確認済み,34.683913,135.438903
此花区,酉島住宅,酉島住宅２２号館,200.0,1996.0,30.0,A,継続活用,此花区酉島４丁目２番２２号,bldg_d121e538-9186-493d-abd4-b9775f8c693d,1,60.7,15.0,21.0,RC造,2.64,,,,2.64,0.42,1階まで,,PLATEAU建物,団地ごとの目視確認済み,34.683699,135.437823
此花区,酉島東住宅,酉島東住宅１号館,190.0,1994.0,32.0,A,継続活用,此花区酉島１丁目３番１号,bldg_e61a30ac-a16c-42a5-80ca-18cdfff663bd bldg_993f8ab2-b8f6-41e9-a562-f9782180aed7,2,47.0,13.0,16.0,RC造,7.1,4.54,,70.0,7.1,2.66,3階まで,,PLATEAU建物,団地ごとの目視確認で修正（2つの建物で1棟）,34.685308,135.445813
此花区,酉島東住宅,酉島東住宅２号館,69.0,2000.0,26.0,A,継続活用,此花区酉島２丁目１番２号,bldg_e3ff5776-1fe8-42b0-a560-3f8b9ac3bda1,1,41.4,14.0,14.0,RC造,6.96,4.6,,70.0,6.96,2.86,3階まで,,PLATEAU建物,団地ごとの目視確認済み,34.686261,135.446617
此花区,酉島第２住宅,酉島第２住宅１号館,72.0,2001.0,25.0,A,継続活用,此花区酉島３丁目１２番２０号,bldg_3d2dff47-eced-4973-bd8e-7e52aa569985,1,26.6,9.0,9.0,RC造,6.59,3.59,,58.0,6.59,2.4,3階まで,,PLATEAU建物,団地ごとの目視確認済み,34.68241,135.441
此花区,高見住宅,高見住宅２４号館,72.0,1987.0,39.0,A,継続活用,此花区高見１丁目６番２４号,bldg_609168be-4a8c-49f1-b28d-35e6fdfff8f3,1,36.2,10.0,12.0,RC造,4.45,1.19,,25.0,4.45,0.46,2階まで,,PLATEAU建物,団地ごとの目視確認済み,34.692609,135.460719
此花区,高見住宅,高見住宅２５号館,122.0,1984.0,42.0,A,継続活用,此花区高見１丁目６番２５号,bldg_4a20f541-4eca-4969-9d01-afde1e1fb1c1,1,47.7,14.0,16.0,RC造,3.97,1.14,,24.0,3.97,0.36,2階まで,,PLATEAU建物,団地ごとの目視確認済み,34.69283,135.461617
此花区,高見住宅,高見住宅２６号館,186.0,1986.0,40.0,A,継続活用,此花区高見１丁目６番２６号,bldg_a4f02f00-4937-44d4-9159-0a5ec6de5133,1,45.7,14.0,16.0,RC造,4.08,1.12,,22.0,4.08,0.08,2階まで,,PLATEAU建物,団地ごとの目視確認済み,34.69225,135.461967
此花区,高見住宅,高見住宅４１号館,59.0,1990.0,36.0,A/A,継続活用/継続活用,此花区高見１丁目５番４１号,bldg_3ba17edc-ff24-4e2d-84ca-f8ef0768bf4d,1,17.9,6.0,6.0,RC造,6.39,3.19,,63.0,6.39,2.36,3階まで,,PLATEAU建物,団地ごとの目視確認済み,34.691945,135.458593
此花区,高見住宅,高見住宅４３号館,38.0,1987.0,39.0,A,継続活用,此花区高見１丁目５番４３号,bldg_47cb6f40-b4fe-4276-ae4b-74c0d5eeb02f bldg_98733189-ab9d-41b6-908b-9286824a5c07,2,15.7,5.0,5.0,非木造,5.72,1.93,,39.0,5.72,1.62,2階まで,,PLATEAU建物,団地ごとの目視確認で修正（2つの建物で1棟）,34.692807,135.458476
此花区,高見住宅,高見住宅４４号館,114.0,1987.0,39.0,A,継続活用,此花区高見１丁目５番４４号,bldg_b9741be1-8b92-4ba4-9238-3334f84cd687,1,47.1,11.0,16.0,RC造,4.15,0.96,,12.0,4.15,0.41,2階まで,,PLATEAU建物,団地ごとの目視確認済み,34.693178,135.458778
此花区,高見住宅,高見住宅５１号館,94.0,1994.0,32.0,A,継続活用,此花区高見１丁目４番５１号,bldg_03106e3f-8aa8-4ef9-be36-df7e6a960cda,1,19.4,6.0,7.0,RC造,5.91,2.73,,56.0,5.91,1.71,3階まで,,PLATEAU建物,団地ごとの目視確認済み,34.689748,135.458635
此花区,高見住宅,高見住宅５２号館,66.0,1991.0,35.0,A,継続活用,此花区高見１丁目４番５２号,bldg_d6dae708-f0bb-4df8-9b72-ec9d1213a887 bldg_7fe543ed-381e-4e51-97af-6a2c73f9aba4,2,19.2,6.0,7.0,RC造,5.99,2.93,,58.0,5.99,1.96,3階まで,,PLATEAU建物,団地ごとの目視確認で修正（2つの建物で1棟）,34.690691,135.458574
此花区,高見住宅,高見住宅５７号館,160.0,2000.0,26.0,A,継続活用,此花区高見１丁目４番５７号,bldg_5f8e610f-7d5b-41c7-a437-9f7bf67e6380,1,44.8,14.0,15.0,RC造,5.62,2.48,,52.0,5.62,1.67,2階まで,,PLATEAU建物,団地ごとの目視確認済み,34.689392,135.459481
此花区,高見第２住宅,高見第２住宅１号館,19.0,1990.0,36.0,A,継続活用,此花区高見３丁目１１番１号,bldg_4bd9a4fb-cd35-4ae6-b37c-f53930853115,1,15.2,5.0,5.0,RC造,7.0,4.12,,79.0,7.0,3.05,3階まで,,PLATEAU建物,団地ごとの目視確認済み,34.691513,135.457605
此花区,高見第２住宅,高見第２住宅２号館,15.0,1990.0,36.0,A,継続活用,此花区高見３丁目１１番２号,bldg_4eb6f7f6-db68-4658-aac6-dc3da421dbbc,1,9.6,3.0,3.0,RC造,6.96,3.99,,77.0,6.96,2.92,3階まで,あり,PLATEAU建物,団地ごとの目視確認済み,34.691598,135.457981
浪速区,にしはま住宅,にしはま住宅１号館,48.0,2001.0,25.0,A,継続活用,浪速区浪速西１丁目４番１号,bldg_6cb00f01-835c-42b2-a3c9-459e16f90b4d,1,15.3,5.0,5.0,RC造,4.53,1.5,,164.0,4.53,1.06,2階まで,,PLATEAU建物,団地ごとの目視確認済み,34.657809,135.487903
浪速区,塩草住宅,塩草住宅１号館,106.0,2006.0,20.0,A,継続活用,浪速区塩草１丁目１番１号,bldg_1fae999d-6e12-4bf6-9275-1bcc8bcf2436,1,47.5,,16.0,不明,4.7,1.39,,151.0,4.7,1.03,2階まで,,PLATEAU建物,団地ごとの目視確認済み,34.663022,135.491008
浪速区,塩草第２住宅,塩草第２住宅１号館,54.0,1980.0,46.0,A,継続活用,浪速区塩草１丁目１番２６号,bldg_100cb37d-f18d-4666-8007-fc33774be2ed,1,38.5,9.0,13.0,RC造,4.2,0.9,,68.0,4.2,0.49,2階まで,,PLATEAU建物,団地ごとの目視確認済み,34.661639,135.49238
浪速区,塩草第３住宅,塩草第３住宅１号館,50.0,1994.0,32.0,A,継続活用,浪速区塩草２丁目１番２５号,bldg_2d1b169f-1615-4cad-8a42-6b3e77491964,1,54.5,13.0,19.0,RC造,3.83,0.69,,26.0,3.83,0.34,2階まで,,PLATEAU建物,団地ごとの目視確認済み,34.660036,135.492842
浪速区,大国住宅,大国住宅１号館,72.0,1986.0,40.0,A,継続活用,浪速区大国３丁目５番１４号,bldg_d64a4199-efd1-4047-938f-bb420e0d67f8,1,45.2,9.0,16.0,RC造,3.93,0.8,,70.0,3.93,0.56,2階まで,,PLATEAU建物,団地ごとの目視確認済み,34.656146,135.492969
浪速区,大国住宅,大国住宅２号館,81.0,1998.0,28.0,A,継続活用,浪速区大国３丁目３番２３号,bldg_2557a647-6a43-4f72-854d-e639ba113039,1,46.4,9.0,16.0,RC造,4.16,0.79,,68.0,4.16,0.72,2階まで,,PLATEAU建物,団地ごとの目視確認済み,34.656793,135.49301
浪速区,大国南住宅,大国南住宅１号館,40.0,1997.0,29.0,A,継続活用,浪速区大国２丁目１８番１号,bldg_ab968193-4a06-43e0-ba54-08d769d87483,1,40.9,10.0,14.0,RC造,3.01,,,,3.01,,2階まで,,PLATEAU建物,団地ごとの目視確認済み,34.652076,135.496171
浪速区,大浪橋住宅,大浪橋住宅１号館,110.0,1975.0,51.0,A,継続活用,浪速区久保吉２丁目１番１号,bldg_df439b2b-8c2e-4d96-b003-06249570a1f9,1,39.7,11.0,14.0,RC造,4.53,1.49,,166.0,4.53,0.86,2階まで,,PLATEAU建物,団地ごとの目視確認済み,34.663199,135.483774
浪速区,大浪橋住宅,大浪橋住宅２号館,36.0,1977.0,49.0,A,継続活用,浪速区久保吉２丁目１番２号,bldg_56c87314-7768-4257-9d5a-5b5eda432ea7,1,17.3,6.0,6.0,RC造,4.44,1.4,,152.0,4.44,0.77,2階まで,,PLATEAU建物,団地ごとの目視確認済み,34.662822,135.483394
浪速区,大浪橋住宅,大浪橋住宅３号館,79.0,1977.0,49.0,A,継続活用,浪速区久保吉２丁目１番３号,bldg_8df86d7b-3f2c-4fa2-a1de-5dbbaf3804dd,1,30.5,8.0,11.0,RC造,4.3,1.2,,107.0,4.3,0.62,2階まで,,PLATEAU建物,団地ごとの目視確認で修正,34.661748,135.484369
浪速区,宮津住宅,宮津住宅１号館,40.0,1971.0,55.0,A,建替(Ⅱ),浪速区戎本町２丁目１０番１号,bldg_47dd31f1-59af-4005-91bd-4b8e71efee81,1,13.9,5.0,5.0,RC造,2.96,,,,2.96,,2階まで,,PLATEAU建物,団地ごとの目視確認済み,34.651526,135.498284
浪速区,宮津住宅,宮津住宅２号館,30.0,1973.0,53.0,A,建替(Ⅱ),浪速区戎本町２丁目１０番２号,bldg_8756af7b-41bd-4003-95f7-9dc5e69ed26c,1,13.8,5.0,5.0,RC造,3.17,,,,3.17,,2階まで,,PLATEAU建物,団地ごとの目視確認済み,34.651296,135.498361
浪速区,広田住宅,広田住宅１号館,37.0,2010.0,16.0,A,継続活用,浪速区日本橋西２丁目７番３０号,bldg_6016e034-b399-4d22-af13-092c64aaae56,1,30.5,10.0,11.0,RC造,2.64,,,,2.64,,1階まで,,PLATEAU建物,団地ごとの目視確認済み,34.656114,135.50361
浪速区,敷津東住宅,敷津東住宅１号館,260.0,2002.0,24.0,A,継続活用,浪速区敷津東３丁目５番１号,bldg_bbbd5ec4-9062-4f75-9813-06a4e6e91949 bldg_b71c1999-828b-4eaa-9f5c-34a53fa2dedd bldg_c2b91f94-562c-48cd-b155-da941c6f734b,3,45.0,15.0,16.0,RC造,2.43,,,,2.43,,1階まで,,PLATEAU建物,団地ごとの目視確認で修正（3つの建物で1棟）,34.656016,135.500189
浪速区,新浪速第１住宅,新浪速第１住宅１号館,84.0,2000.0,26.0,A,継続活用,浪速区浪速西２丁目５番１号,bldg_88c1624e-ee29-49df-92bf-9a484207aae4,1,37.8,9.0,13.0,RC造,4.18,0.99,,111.0,4.18,0.8,2階まで,,PLATEAU建物,団地ごとの目視確認済み,34.656027,135.487073
浪速区,新浪速第１住宅,新浪速第１住宅２号館,35.0,2001.0,25.0,A,継続活用,浪速区浪速西２丁目５番２号,bldg_fc169db2-1547-4da4-9dca-4a6919a39ab2 bldg_51e8932a-58d8-4434-8b25-23cb7214caea,2,32.1,7.0,11.0,RC造,4.0,0.89,,72.0,4.0,0.54,2階まで,,PLATEAU建物,団地ごとの目視確認で修正（2つの建物で1棟）,34.656646,135.486888
浪速区,新浪速第１住宅,新浪速第１住宅３号館,80.0,1999.0,27.0,A,継続活用,浪速区浪速西３丁目８番３号,bldg_fc5868d2-b0c4-4e3e-ba7d-47f14930d0b9,1,34.1,3.0,12.0,RC造,4.7,1.5,,172.0,4.7,1.26,2階まで,,PLATEAU建物,団地ごとの目視確認済み,34.655493,135.487101
浪速区,新浪速第２住宅,新浪速第２住宅１号館,75.0,2004.0,22.0,A,継続活用,浪速区浪速西１丁目２番１号,bldg_afcb8169-2886-487b-81f0-921f920d0833 bldg_2786a02a-e711-452f-9b6c-1c7249322f0b,2,46.3,14.0,16.0,RC造,3.81,0.69,,38.0,3.81,0.34,2階まで,,PLATEAU建物,団地ごとの目視確認で修正（2つの建物で1棟）,34.658986,135.487232
浪速区,新浪速第２住宅,新浪速第２住宅２号館,69.0,2005.0,21.0,A,継続活用,浪速区浪速西１丁目２番２号,bldg_1947e659-8622-4071-b528-6da58c7ffe36,1,41.8,,14.0,不明,3.65,0.69,,40.0,3.65,0.17,2階まで,,PLATEAU建物,団地ごとの目視確認済み,34.659373,135.487538
浪速区,新浪速第２住宅,新浪速第２住宅３号館,69.0,2006.0,20.0,A,継続活用,浪速区浪速西１丁目２番３号,bldg_2456a5b6-9df8-4fe7-96fc-8fbc160bdbf4,1,41.9,,14.0,不明,3.49,0.69,,33.0,3.49,0.02,2階まで,,PLATEAU建物,団地ごとの目視確認済み,34.65988,135.487433
浪速区,日本橋住宅,日本橋住宅１号館,66.0,1988.0,38.0,A,継続活用,浪速区日本橋５丁目２０番１号,bldg_bd5b12fa-f3d2-42a8-ba41-83e45f83f0ae bldg_b530d97b-e560-4de1-b6a1-468d124e38e0,2,49.1,12.0,17.0,RC造,2.83,,,,2.83,,1階まで,,PLATEAU建物,団地ごとの目視確認で修正（2つの建物で1棟）,34.656508,135.504556
浪速区,日本橋住宅,日本橋住宅２号館,130.0,1991.0,35.0,A,継続活用,浪速区日本橋５丁目１５番２号,bldg_61f0f3c1-2cce-4ba7-9e05-3793fc8533e1,1,55.2,14.0,19.0,RC造,2.93,,,,2.93,,2階まで,,PLATEAU建物,団地ごとの目視確認済み,34.656789,135.504999
浪速区,日本橋住宅,日本橋住宅３号館,64.0,1994.0,32.0,A,継続活用,浪速区日本橋５丁目２０番３号,bldg_959071f2-780d-4d9e-97c9-bb51240d7c0c,1,56.4,14.0,19.0,RC造,3.88,,,,3.88,,2階まで,,PLATEAU建物,団地ごとの目視確認済み,34.657115,135.504535
浪速区,日本橋住宅,日本橋住宅４号館,104.0,1997.0,29.0,A,継続活用,浪速区日本橋５丁目１６番４号,bldg_174435d9-fc6e-4494-8465-b7282bcc1e20,1,55.1,14.0,19.0,RC造,2.98,,,,2.98,,2階まで,,PLATEAU建物,団地ごとの目視確認済み,34.657844,135.504363
浪速区,日本橋住宅,日本橋住宅５号館,104.0,1997.0,29.0,A,継続活用,浪速区日本橋５丁目１６番５号,bldg_fef44eb7-cce3-450d-84f2-15d2b6ef3b28,1,54.1,14.0,19.0,RC造,2.48,,,,2.48,,1階まで,,PLATEAU建物,団地ごとの目視確認済み,34.658383,135.504525
浪速区,日本橋西住宅,日本橋西住宅１号館,104.0,1996.0,30.0,A,継続活用,浪速区日本橋西２丁目２番１号,bldg_f689d4b7-4343-4bad-b763-b1cccc7e035b,1,54.7,14.0,19.0,RC造,2.86,,,,2.86,,1階まで,,PLATEAU建物,団地ごとの目視確認済み,34.657315,135.502973
浪速区,日東住宅,日東住宅１号館,117.0,1998.0,28.0,A,継続活用,浪速区日本橋東３丁目３番１号,bldg_10c6973d-f6ec-4811-8b7c-2eb169e72c43,1,53.2,14.0,18.0,RC造,2.58,,,,2.58,,1階まで,,PLATEAU建物,団地ごとの目視確認済み,34.657421,135.507466
浪速区,日東住宅,日東住宅２号館,154.0,2002.0,24.0,A,継続活用,浪速区日本橋東３丁目６番２号,bldg_c6fe2267-82d8-4270-bd03-ad889b583466,1,45.4,14.0,16.0,RC造,3.05,,,,3.05,,2階まで,,PLATEAU建物,団地ごとの目視確認済み,34.656958,135.508153
浪速区,日東住宅,日東住宅３号館,91.0,2003.0,23.0,A,継続活用,浪速区日本橋５丁目２番１８号,bldg_1b523f15-9b9d-44e8-adc8-172cbf978e07 bldg_fa297807-8623-4fde-b4b9-590830f10173,2,43.9,14.0,15.0,RC造,2.84,,,,2.84,,1階まで,,PLATEAU建物,団地ごとの目視確認で修正（2つの建物で1棟）,34.657651,135.506738
浪速区,浪速東住宅,浪速東住宅1号館,64.0,2022.0,4.0,A,継続活用,浪速区浪速東3丁目10-12,,0,,,,,,,,,,,データなし,,位置のみ（建物なし）,団地ごとの目視確認済み,34.655311,135.489284
浪速区,浪速東第２住宅,浪速東第２住宅１号館,54.0,1992.0,34.0,A,継続活用,浪速区浪速東２丁目２番１号,bldg_3ce533a6-a95f-42e5-b062-698fe8e44a3d,1,39.3,9.0,14.0,RC造,4.29,0.99,,90.0,4.29,0.84,2階まで,,PLATEAU建物,団地ごとの目視確認済み,34.655928,135.491081
浪速区,浪速東第２住宅,浪速東第２住宅２号館,60.0,1994.0,32.0,A,継続活用,浪速区浪速東２丁目４番２号,bldg_30bfb042-3dbd-477e-9625-6e5d10c04a54,1,41.2,10.0,14.0,RC造,4.3,1.2,,137.0,4.3,0.84,2階まで,,PLATEAU建物,団地ごとの目視確認済み,34.656359,135.490552
浪速区,浪速第１０住宅,浪速第１０住宅１号館,30.0,1992.0,34.0,A,継続活用,浪速区浪速東２丁目１０番１１号,bldg_6f779b88-5c11-4877-9365-c996584a4c50,1,34.6,7.0,12.0,RC造,4.44,1.2,,117.0,4.44,0.99,2階まで,,PLATEAU建物,団地ごとの目視確認済み,34.656136,135.48923
浪速区,浪速第１０住宅,浪速第１０住宅２号館,44.0,2002.0,24.0,A,継続活用,浪速区浪速東２丁目９番２号,bldg_c51d84ad-a47e-4a26-bc0a-c004550fb755,1,37.2,11.0,13.0,RC造,4.05,0.59,,21.0,4.05,0.59,2階まで,,PLATEAU建物,団地ごとの目視確認済み,34.656545,135.489219
浪速区,浪速第１０住宅,浪速第１０住宅３号館,55.0,2003.0,23.0,A,継続活用,浪速区浪速東２丁目５番３号,bldg_238613b2-5152-4abf-9532-9fbcd5115a44,1,37.6,,13.0,不明,4.3,0.99,,98.0,4.3,0.85,2階まで,,PLATEAU建物,団地ごとの目視確認済み,34.656229,135.489999
浪速区,浪速第６住宅,浪速第６住宅１号館,142.0,1975.0,51.0,A,継続活用,浪速区浪速西２丁目２番１号,bldg_f6971577-3586-45c4-a5b0-c404f035e44d,1,47.7,12.0,16.0,RC造,4.28,0.59,,15.0,4.28,0.41,2階まで,,PLATEAU建物,団地ごとの目視確認済み,34.656832,135.487891
浪速区,浪速第６住宅,浪速第６住宅２号館,88.0,1997.0,29.0,A,継続活用,浪速区浪速西２丁目３番２号,bldg_864f39f4-5e98-473b-aa3c-40cc2b853480,1,45.4,11.0,16.0,RC造,3.88,0.69,,49.0,3.88,0.44,2階まで,,PLATEAU建物,団地ごとの目視確認済み,34.656248,135.487975
浪速区,浪速第７住宅,浪速第７住宅１号館,155.0,1975.0,51.0,A,建替(Ⅰ),浪速区浪速東３丁目２番１４号,bldg_67e7ac79-0e8c-4671-881b-0956529a4947,1,41.8,12.0,14.0,RC造,3.23,0.1,,0.0,3.23,,2階まで,,PLATEAU建物,団地ごとの目視確認済み,34.654048,135.491912
浪速区,浪速第７住宅,浪速第７住宅２号館,116.0,1980.0,46.0,B,建替(Ⅰ),浪速区浪速東３丁目６番２号,bldg_04ef7242-bc0c-4a50-8be7-af33c46906c1,1,33.9,9.0,12.0,RC造,4.32,0.89,,104.0,4.32,0.8,2階まで,,PLATEAU建物,団地ごとの目視確認済み,34.654696,135.490546
浪速区,浪速第７住宅,浪速第７住宅３号館,37.0,1983.0,43.0,A,継続活用,浪速区浪速東３丁目４番３号,bldg_3bde1d12-5341-473c-9b17-2dab1ac2e059,1,13.4,4.0,5.0,RC造,4.36,0.99,,84.0,4.36,0.87,2階まで,,PLATEAU建物,団地ごとの目視確認済み,34.655499,135.491339
浪速区,浪速第８住宅,浪速第８住宅１号館,60.0,1977.0,49.0,B,建替(Ⅰ),浪速区久保吉１丁目５番１号,bldg_a530a0e4-ed98-4744-ada8-99b1fad2c052,1,17.3,6.0,6.0,RC造,4.46,1.19,,133.0,4.46,0.78,2階まで,,PLATEAU建物,団地ごとの目視確認済み,34.661201,135.48544
浪速区,浪速第８住宅,浪速第８住宅２号館,63.0,1985.0,41.0,A,継続活用,浪速区久保吉１丁目６番２号,bldg_4d20010f-f1c3-4a11-be28-9f1c8c085e0a,1,20.4,7.0,7.0,RC造,4.39,1.59,,169.0,4.39,1.02,2階まで,,PLATEAU建物,団地ごとの目視確認済み,34.660779,135.485484
浪速区,浪速第９住宅,浪速第９住宅１号館,91.0,1978.0,48.0,A,継続活用,浪速区浪速西４丁目１番５０号,bldg_3a8780b2-01e1-453a-8f58-0233d8aca74f,1,20.4,7.0,7.0,RC造,4.23,1.2,,88.0,4.23,0.78,2階まで,,PLATEAU建物,団地ごとの目視確認済み,34.653938,135.487431
浪速区,浪速第９住宅,浪速第９住宅２号館,70.0,1989.0,37.0,A,継続活用,浪速区浪速西４丁目１番４０号,bldg_f0a9783b-59be-490c-b74f-f389ffd0c20d,1,30.6,7.0,11.0,RC造,3.85,0.99,,97.0,3.85,0.55,2階まで,,PLATEAU建物,団地ごとの目視確認済み,34.653798,135.486108
浪速区,浪速第９住宅,浪速第９住宅３号館,59.0,1988.0,38.0,A,継続活用,浪速区浪速西４丁目２番３号,bldg_57538ee8-a1b0-4ef7-a041-66ecf2aaae26,1,17.7,,6.0,不明,4.3,1.2,,109.0,4.3,0.85,2階まで,,PLATEAU建物,団地ごとの目視確認済み,34.652728,135.486496
浪速区,浪速西第３住宅,浪速西第３住宅１号館,41.0,1985.0,41.0,A,継続活用,浪速区浪速西１丁目１１番１６号,bldg_2466f6b6-df86-48e7-a762-6f98691e636b,1,17.5,6.0,6.0,RC造,4.14,0.59,,48.0,4.14,0.69,2階まで,,PLATEAU建物,団地ごとの目視確認済み,34.658296,135.485774
浪速区,浪速西第３住宅,浪速西第３住宅２号館,30.0,1992.0,34.0,A,継続活用,浪速区木津川２丁目４番６９号,bldg_802f9d25-9e6e-428b-b586-4b70436a1766,1,12.0,,4.0,不明,3.83,0.59,,63.0,3.83,0.38,2階まで,,PLATEAU建物,団地ごとの目視確認済み,34.657475,135.485221
浪速区,稲荷住宅,稲荷住宅１号館,70.0,1994.0,32.0,A,継続活用,浪速区稲荷１丁目５番２０号,bldg_3fe695c4-501f-4679-94cb-d89c2632d368,1,52.5,15.0,18.0,RC造,4.05,0.89,,59.0,4.05,0.37,2階まで,,PLATEAU建物,団地ごとの目視確認済み,34.664101,135.492233
浪速区,立葉住宅,立葉住宅１号館,17.0,2007.0,19.0,A,継続活用,浪速区立葉２丁目２番７号,bldg_660b6192-f2a1-47b8-8076-4fda33f48e1b,1,15.7,,5.0,不明,4.6,1.89,,169.0,4.6,0.92,2階まで,,PLATEAU建物,団地ごとの目視確認済み,34.664572,135.485312
浪速区,西栄住宅,西栄住宅１号館,80.0,1995.0,31.0,A,継続活用,浪速区浪速西３丁目８番１号,bldg_b7faaebc-f4c3-4853-991e-e82d035ad335,1,36.3,8.0,13.0,RC造,4.79,1.59,,176.0,4.79,1.34,2階まで,,PLATEAU建物,団地ごとの目視確認済み,34.655049,135.487112
浪速区,西栄住宅,西栄住宅２号館,40.0,1998.0,28.0,A,継続活用,浪速区浪速西３丁目１番２号,bldg_9f8821eb-c232-4753-8131-cadba810b846,1,40.4,10.0,14.0,RC造,4.61,1.4,,150.0,4.61,1.16,2階まで,,PLATEAU建物,団地ごとの目視確認済み,34.655661,135.487835
浪速区,西栄住宅,西栄住宅３号館,35.0,2001.0,25.0,A,継続活用,浪速区浪速西３丁目７番３号,bldg_e6769824-2731-43a3-9505-0b4052149661,1,31.8,7.0,11.0,RC造,5.15,1.9,,177.0,5.15,1.7,2階まで,,PLATEAU建物,団地ごとの目視確認済み,34.654873,135.486164
淀川区,三国南住宅,三国南住宅１号館,82.0,2019.0,7.0,A,継続活用,淀川区三国本町２丁目１１番１号,bldg_831deb15-36f7-4534-bb76-52ab574bfca9,1,14.3,5.0,5.0,RC造,4.34,1.54,0.36,18.0,4.34,0.23,2階まで,,PLATEAU建物,団地ごとの目視確認済み,34.73421,135.487176
淀川区,三津屋住宅,三津屋住宅１号館,24.0,1985.0,41.0,A,継続活用,淀川区三津屋南２丁目３番１号,bldg_06d0e0fe-4d4b-40ac-bb71-f5c7c705a977,1,12.1,4.0,4.0,RC造,5.26,2.29,1.13,121.0,5.26,1.14,2階まで,,PLATEAU建物,団地ごとの目視確認済み,34.725356,135.473455
淀川区,三津屋住宅,三津屋住宅２号館,16.0,1985.0,41.0,A,継続活用,淀川区三津屋南２丁目４番２号,bldg_275fabf8-0426-409c-9985-b94b4dcf8865,1,12.1,4.0,4.0,RC造,5.21,2.31,1.13,127.0,5.21,1.16,2階まで,,PLATEAU建物,団地ごとの目視確認済み,34.725618,135.472921
淀川区,三津屋住宅,三津屋住宅３号館,36.0,1985.0,41.0,A,継続活用,淀川区三津屋南１丁目１５番３号,bldg_61536d33-46c4-47fa-9d6c-b40cddf84439 bldg_dc878672-a628-4128-b884-002bf93d35d4,2,14.8,5.0,5.0,RC造,5.54,2.43,1.29,134.0,5.54,1.52,2階まで,,PLATEAU建物,団地ごとの目視確認で修正（2つの建物で1棟）,34.726634,135.473653
淀川区,三津屋住宅,三津屋住宅４号館,16.0,1985.0,41.0,A,継続活用,淀川区三津屋南１丁目１５番４号,bldg_157637c2-1b3c-412d-a5e1-0f308b187ff7,1,12.0,4.0,4.0,RC造,5.47,2.46,1.27,131.0,5.47,1.45,2階まで,,PLATEAU建物,団地ごとの目視確認済み,34.726411,135.473904
淀川区,加島中住宅,加島中住宅１号館,63.0,1976.0,50.0,B,建替(Ⅰ),淀川区加島１丁目５１番１号,bldg_f4c9e9c2-6e76-485d-b558-d6aba0be7cb2,1,32.8,9.0,11.0,RC造,5.38,2.56,1.05,117.0,5.38,1.41,2階まで,,PLATEAU建物,団地ごとの目視確認済み,34.725722,135.460984
淀川区,加島中住宅,加島中住宅２号館,63.0,1976.0,50.0,B,建替(Ⅰ),淀川区加島１丁目５１番２号,bldg_f0a951f6-4415-44b7-a35e-ede0a3a1ecae,1,33.1,9.0,11.0,RC造,5.57,2.71,1.15,128.0,5.57,1.57,2階まで,,PLATEAU建物,団地ごとの目視確認済み,34.72524,135.460937
淀川区,加島中住宅,加島中住宅３号館,99.0,1995.0,31.0,A,継続活用,淀川区加島１丁目３１番３号,bldg_17964823-e4a8-4c32-990a-ba20ee944502 bldg_3c02102f-d723-4bdd-a340-b261399400f1,2,49.9,13.0,17.0,RC造,5.8,2.96,1.45,146.0,5.8,1.8,2階まで,,PLATEAU建物,団地ごとの目視確認で修正（2つの建物で1棟）,34.725151,135.460134
淀川区,加島住宅,加島住宅１０号館,10.0,1983.0,43.0,A,継続活用,淀川区加島１丁目４３番１０号,bldg_b4668cae-91e1-4c90-933c-436a29ab8e38,1,16.0,5.0,6.0,RC造,5.62,2.82,1.25,134.0,5.62,1.62,2階まで,,PLATEAU建物,団地ごとの目視確認済み,34.726304,135.459539
淀川区,加島住宅,加島住宅１１号館,7.0,1986.0,40.0,A,継続活用,淀川区加島１丁目４７番１１号,bldg_ca0380c1-505b-469a-9537-fcf7ef802bbc,1,13.0,4.0,4.0,RC造,5.64,2.92,1.37,148.0,5.64,1.64,2階まで,,PLATEAU建物,団地ごとの目視確認済み,34.726288,135.460338
淀川区,加島住宅,加島住宅１２号館,8.0,2000.0,26.0,A,継続活用,淀川区加島１丁目４６番１２号,bldg_f249b151-d7de-4101-847b-cae8299ed84d,1,9.3,3.0,3.0,RC造,5.54,2.89,1.35,144.0,5.54,1.54,2階まで,,PLATEAU建物,団地ごとの目視確認済み,34.725852,135.460244
淀川区,加島住宅,加島住宅１３号館,16.0,2006.0,20.0,A,継続活用,淀川区加島１丁目４５番１３号,bldg_64bfa56f-682e-4f62-8cca-3165f0065bf2,1,13.1,4.0,5.0,RC造,5.83,2.96,1.25,148.0,5.83,1.83,3階まで,,PLATEAU建物,団地ごとの目視確認済み,34.725955,135.459607
淀川区,加島住宅,加島住宅１４号館,50.0,2010.0,16.0,A,継続活用,淀川区加島１丁目３８番１４号,bldg_de91cd10-71da-438b-bdd9-229eb55090a3 bldg_7afc38f3-ca0b-4147-943f-1fc7d5f10029,2,21.5,,7.0,不明,5.76,2.9,1.41,140.0,5.76,1.76,2階まで,,PLATEAU建物,団地ごとの目視確認で修正（2つの建物で1棟）,34.726517,135.458542
淀川区,加島住宅,加島住宅６号館,20.0,,,,,淀川区加島１丁目３８番６号,bldg_ddefea02-45f3-468f-acea-34efdbf95ff4,1,14.1,5.0,5.0,RC造,5.38,2.45,0.85,110.0,5.38,1.38,2階まで,,PLATEAU建物,団地ごとの目視確認済み,34.72663,135.458946
淀川区,加島住宅,加島住宅８号館,15.0,1971.0,55.0,A,建替(Ⅱ),淀川区加島１丁目４８番８号,bldg_07df3d5e-d313-4d2d-a2b9-bad8a298c45a,1,14.9,5.0,5.0,RC造,5.34,2.62,0.98,125.0,5.34,1.34,2階まで,,PLATEAU建物,団地ごとの目視確認済み,34.726624,135.45973
淀川区,加島住宅,加島住宅９号館,16.0,,,,,淀川区加島１丁目３８番９号,bldg_257655b2-aa0c-4439-bbe7-2083e08c5ed5,1,12.2,4.0,4.0,RC造,5.29,2.72,0.95,129.0,5.29,1.29,2階まで,,PLATEAU建物,団地ごとの目視確認済み,34.726898,135.458925
淀川区,加島北住宅,加島北住宅１号館,28.0,2019.0,7.0,A,継続活用,淀川区加島２丁目７番１号,bldg_1364d36a-38c8-4362-9329-735e8a913270,1,14.1,5.0,5.0,RC造,4.72,2.71,0.41,57.0,4.72,0.73,2階まで,,PLATEAU建物,団地ごとの目視確認済み,34.730412,135.459915
淀川区,加島南第２住宅,加島南第２住宅１号館,91.0,1989.0,37.0,A,継続活用,淀川区加島１丁目２番１号,bldg_d0d81ed1-d231-45da-97b2-8f5ec80971fe,1,47.4,13.0,16.0,RC造,5.77,3.17,1.74,157.0,5.77,1.81,2階まで,,PLATEAU建物,団地ごとの目視確認済み,34.723079,135.461385
淀川区,加島南第２住宅,加島南第２住宅２号館,125.0,1994.0,32.0,A,継続活用,淀川区加島１丁目２番２号,bldg_adeb9ce5-55fb-4ec9-89e1-bc701c0e2b1c bldg_c5f95d15-95d0-413e-bbba-62e2307ee47f,2,36.9,9.0,13.0,RC造,5.57,3.08,1.65,155.0,5.57,1.57,2階まで,,PLATEAU建物,団地ごとの目視確認で修正（2つの建物で1棟）,34.722934,135.462557
淀川区,加島南第２住宅,加島南第２住宅３号館,134.0,1992.0,34.0,A,継続活用,淀川区加島１丁目２番３号,bldg_d68a281f-e74f-4bdc-a1a7-9a93f66d820b,1,36.0,9.0,12.0,RC造,5.91,3.08,1.65,156.0,5.91,1.9,3階まで,,PLATEAU建物,団地ごとの目視確認済み,34.722447,135.462501
淀川区,加島南第３住宅,加島南第３住宅１号館,65.0,1995.0,31.0,A,継続活用,淀川区加島１丁目２０番１号,bldg_54b825cd-0029-425e-8fe9-4e78a58b6890,1,14.4,5.0,5.0,RC造,5.47,2.71,1.25,137.0,5.47,1.54,2階まで,,PLATEAU建物,団地ごとの目視確認済み,34.723399,135.460588
淀川区,加島南第３住宅,加島南第３住宅２号館,62.0,2000.0,26.0,A,継続活用,淀川区加島１丁目２０番２号,bldg_58fd3714-ca5d-4ef8-a17c-73d824c477d5,1,35.3,9.0,12.0,RC造,5.66,2.81,1.35,136.0,5.66,1.66,2階まで,,PLATEAU建物,団地ごとの目視確認済み,34.72379,135.459795
淀川区,加島南第４住宅,加島南第４住宅１号館,137.0,1994.0,32.0,A,継続活用,淀川区加島１丁目３０番１号,bldg_da351696-1480-4ecd-8ded-695b10a9ec93,1,50.6,14.0,17.0,RC造,5.48,2.75,1.25,130.0,5.48,1.28,2階まで,,PLATEAU建物,団地ごとの目視確認済み,34.724504,135.46055
淀川区,加島東住宅,加島東住宅１号館,126.0,2014.0,12.0,A,継続活用,淀川区加島１丁目５３番１号,bldg_0191571a-e8f3-4058-9fcb-ec0617665c1b,1,23.7,8.0,8.0,RC造,5.11,2.57,0.86,97.0,5.11,1.14,2階まで,,PLATEAU建物,団地ごとの目視確認済み,34.727843,135.463635
淀川区,加島第２住宅,加島第２住宅1号館,52.0,2022.0,4.0,A,継続活用,淀川区加島１丁目３８番６号,,0,,,,,,,,,,,データなし,,位置のみ（建物なし）,団地ごとの目視確認済み,34.726783,135.459765
淀川区,新三国住宅,新三国住宅１号館,213.0,2008.0,18.0,A,継続活用,淀川区西宮原３丁目３番１１号,bldg_eac42440-fac3-4c87-b093-16101b3004ef,1,45.5,14.0,16.0,RC造,4.04,1.57,0.91,25.0,4.04,,2階まで,,PLATEAU建物,団地ごとの目視確認済み,34.738421,135.492677
淀川区,新三国住宅,新三国住宅２号館,110.0,2009.0,17.0,A,継続活用,淀川区西宮原３丁目３番１２号,bldg_87426646-b941-48b2-86e9-5d42a03690bd,1,46.8,14.0,16.0,RC造,3.85,1.69,0.92,21.0,3.85,,2階まで,,PLATEAU建物,団地ごとの目視確認済み,34.738325,135.491811
淀川区,新高住宅,新高住宅１号館,30.0,1984.0,42.0,A,継続活用,淀川区新高４丁目９番１号,bldg_d4d668cc-2c33-4286-8ec9-76aec2393fe5,1,14.7,5.0,5.0,RC造,4.53,2.5,1.19,35.0,4.53,0.46,2階まで,,PLATEAU建物,団地ごとの目視確認済み,34.734546,135.481149
淀川区,新高住宅,新高住宅２号館,20.0,1984.0,42.0,A,継続活用,淀川区新高４丁目１１番２号,bldg_5a615229-50eb-4d82-a5be-978beae80900,1,14.6,5.0,5.0,RC造,4.47,2.66,1.35,41.0,4.47,0.41,2階まで,,PLATEAU建物,団地ごとの目視確認済み,34.734767,135.480835
淀川区,新高住宅,新高住宅３号館,20.0,1984.0,42.0,A,継続活用,淀川区新高４丁目１１番３号,bldg_f25f7262-698e-4d62-ba68-5f17a438e1c1,1,14.7,5.0,5.0,RC造,4.58,2.61,1.27,32.0,4.58,0.51,2階まで,,PLATEAU建物,団地ごとの目視確認済み,34.734904,135.481146
淀川区,新高南住宅,新高南住宅1号館,132.0,2020.0,6.0,A,継続活用,淀川区新高４丁目９番１号,bldg_8efc07a3-835e-4a0f-8fbe-4dc5cb2dbe6d,1,10.0,3.0,3.0,RC造,4.67,2.49,1.09,30.0,4.67,0.55,2階まで,,PLATEAU建物,団地ごとの目視確認済み,34.733087,135.479647
淀川区,木川東第１住宅,木川東第１住宅１号館,30.0,1983.0,43.0,A,継続活用,淀川区木川東３丁目８番１号,bldg_e79d0dae-d668-4140-a865-a76fb1213ee8,1,14.7,5.0,5.0,RC造,4.97,2.28,0.92,84.0,4.97,0.91,2階まで,,PLATEAU建物,団地ごとの目視確認済み,34.725993,135.490098
淀川区,木川東第２住宅,木川東第２住宅１号館,30.0,1983.0,43.0,A,継続活用,淀川区木川東４丁目３番１号,bldg_a6518054-8ade-4303-b1cf-0ab60b0e7acb,1,14.5,5.0,5.0,RC造,4.62,2.04,0.62,46.0,4.62,0.55,2階まで,,PLATEAU建物,団地ごとの目視確認済み,34.728154,135.492954
淀川区,木川第１住宅,木川第１住宅１号館,30.0,,,,,淀川区三国本町１丁目１３番１号,bldg_4595a4eb-be73-45f6-88e0-161d09abcb55,1,14.5,5.0,5.0,RC造,4.14,1.66,0.36,20.0,4.14,0.02,2階まで,,PLATEAU建物,団地ごとの目視確認済み,34.732459,135.489388
淀川区,木川第１住宅,木川第１住宅２号館,30.0,,,,,淀川区三国本町１丁目１３番２号,bldg_97715341-2918-4268-9b82-85e673df35e1,1,14.3,5.0,5.0,RC造,4.25,1.66,0.44,20.0,4.25,0.14,2階まで,,PLATEAU建物,団地ごとの目視確認済み,34.732395,135.488941
淀川区,木川第１住宅,木川第１住宅３号館,30.0,,,,,淀川区三国本町１丁目１３番３号,bldg_4a5ccc57-ced9-434e-8639-ac19c06867a2,1,14.2,5.0,5.0,RC造,4.24,1.59,0.33,18.0,4.24,0.12,2階まで,,PLATEAU建物,団地ごとの目視確認済み,34.732185,135.489424
淀川区,木川第１住宅,木川第１住宅４号館,30.0,,,,,淀川区三国本町１丁目１３番４号,bldg_dd44ace1-9937-4874-9f88-9978dd276a99,1,14.2,5.0,5.0,RC造,4.25,1.68,0.43,20.0,4.25,0.14,2階まで,,PLATEAU建物,団地ごとの目視確認済み,34.732123,135.488993
淀川区,木川第１住宅,木川第１住宅６号館,30.0,,,,,淀川区三国本町１丁目１３番６号,bldg_784ed0e8-5235-4887-84fa-1034fde5b280,1,14.3,5.0,5.0,RC造,4.34,1.66,0.4,20.0,4.34,0.22,2階まで,,PLATEAU建物,団地ごとの目視確認済み,34.731714,135.488958
淀川区,木川第１住宅,木川第１住宅７号館,176.0,1970.0,56.0,B,建替(Ⅰ),淀川区三国本町１丁目１３番７号,bldg_fee6fd69-d054-40ff-9f6b-b15f08d6451b,1,38.3,11.0,13.0,RC造,3.85,1.31,0.33,14.0,3.85,0.09,2階まで,,PLATEAU建物,団地ごとの目視確認済み,34.732171,135.48836
淀川区,木川第１住宅,木川第１住宅８号館,154.0,1971.0,55.0,B,建替(Ⅰ),淀川区三国本町１丁目１３番８号,bldg_752f5f5c-e803-4ac2-b075-c5014bb56e88,1,38.5,11.0,13.0,RC造,4.25,1.39,0.12,16.0,4.25,0.15,2階まで,,PLATEAU建物,団地ごとの目視確認済み,34.731688,135.488457
淀川区,木川第１住宅,木川第１住宅９号館,88.0,,,,,淀川区三国本町１丁目１３番９号,bldg_559f0a87-978b-428a-b83f-1f20ba7b96cd,1,37.1,11.0,13.0,RC造,4.35,1.66,0.4,21.0,4.35,0.25,2階まで,,PLATEAU建物,団地ごとの目視確認済み,34.731412,135.487878
淀川区,木川第２住宅,木川第２住宅1号館,110.0,2019.0,7.0,A,継続活用,淀川区西宮原１丁目７番１号,,0,,,,,,,,,,,データなし,,位置のみ（建物なし）,団地ごとの目視確認済み,34.731964,135.491428
淀川区,木川第３住宅,木川第３住宅１号館,162.0,2011.0,15.0,A,継続活用,淀川区西宮原１丁目６番７号,bldg_07ca0595-2ae9-4e8f-8750-1a1583e86005,1,43.7,,15.0,不明,4.18,1.95,0.8,39.0,4.18,0.04,2階まで,,PLATEAU建物,団地ごとの目視確認済み,34.732515,135.491676
淀川区,木川第４住宅,木川第４住宅１号館,264.0,1971.0,55.0,B,建替(Ⅰ),淀川区木川西４丁目４番１号,bldg_38bf96c3-0b70-4da2-a845-9dab524ca159,1,38.9,11.0,13.0,RC造,4.43,1.9,0.29,21.0,4.43,0.2,2階まで,,PLATEAU建物,団地ごとの目視確認済み,34.728054,135.488746
淀川区,木川第４住宅,木川第４住宅２号館,264.0,1971.0,55.0,B,建替(Ⅰ),淀川区木川西４丁目４番２号,bldg_60ed1f23-ebdf-40c6-9222-151957ec5d93,1,38.8,11.0,13.0,RC造,4.21,1.74,0.37,27.0,4.21,0.7,2階まで,,PLATEAU建物,団地ごとの目視確認済み,34.72786,135.488162
淀川区,木川第４住宅,木川第４住宅３号館,80.0,1971.0,55.0,B,建替(Ⅱ),淀川区木川西４丁目４番３号,bldg_d616003e-b17b-482e-85d3-ab705298b38d,1,40.0,11.0,14.0,RC造,5.02,2.0,0.83,60.0,5.02,0.97,2階まで,,PLATEAU建物,団地ごとの目視確認済み,34.727797,135.487609
淀川区,木川第５住宅,木川第５住宅１号館,96.0,1985.0,41.0,A,継続活用,淀川区三国本町１丁目８番１号,bldg_670a7d41-53ef-442a-8031-05515b135bd8,1,33.8,8.0,12.0,RC造,4.48,1.81,0.47,34.0,4.48,0.46,2階まで,,PLATEAU建物,団地ごとの目視確認済み,34.73114,135.488846
淀川区,木川西第１住宅,木川西第１住宅１号館,40.0,1983.0,43.0,A,継続活用,淀川区木川西３丁目３番１号,bldg_1b618093-dce9-4094-95e2-f0ffe7bfeda7,1,14.5,5.0,5.0,RC造,5.08,2.19,0.9,91.0,5.08,1.11,2階まで,,PLATEAU建物,団地ごとの目視確認済み,34.725314,135.487119
淀川区,木川西第２住宅,木川西第２住宅１号館,20.0,1983.0,43.0,A,継続活用,淀川区木川西３丁目６番１号,bldg_6c5cebab-cf69-44e2-b069-a16fd06ec66e,1,14.6,5.0,5.0,RC造,5.14,2.25,0.93,93.0,5.14,1.09,2階まで,,PLATEAU建物,団地ごとの目視確認済み,34.726577,135.488274
淀川区,東三国住宅,東三国住宅１号館,168.0,1982.0,44.0,A,継続活用,淀川区東三国３丁目１番１号,bldg_ca8ec3a9-8ecf-49d6-8e73-10150b006996 bldg_dd1b4fdf-0100-48f3-806e-d725f6cd3a41,2,50.9,14.0,18.0,RC造,2.38,2.18,1.82,19.0,2.38,,1階まで,,PLATEAU建物,団地ごとの目視確認で修正（2つの建物で1棟）,34.744885,135.503546
淀川区,東三国住宅,東三国住宅２号館,147.0,1982.0,44.0,A,継続活用,淀川区東三国３丁目７番２号,bldg_7136b152-5717-481c-bdd9-ae5b4a20656e bldg_3f2d1432-e13d-479a-86d5-4ca9800ccf25,2,51.3,14.0,18.0,RC造,2.16,1.66,1.36,19.0,2.16,,1階まで,,PLATEAU建物,団地ごとの目視確認で修正（2つの建物で1棟）,34.745897,135.501488
淀川区,東三国住宅,東三国住宅３号館,223.0,1979.0,47.0,A,継続活用,淀川区東三国３丁目９番３号,bldg_395a984c-88f8-437f-88c2-ea569aa776f0 bldg_987e8509-c436-41b1-9a96-d24ab7e791a1,2,50.1,14.0,17.0,RC造,2.21,1.67,1.41,20.0,2.21,,1階まで,,PLATEAU建物,団地ごとの目視確認で修正（2つの建物で1棟）,34.745396,135.501028
淀川区,田川北住宅,田川北住宅１号館,35.0,1987.0,39.0,A,継続活用,淀川区田川北１丁目５番２６号,bldg_7d854535-72a0-4511-90c3-7e4d3baf97e1,1,14.7,5.0,5.0,RC造,5.21,2.11,0.94,96.0,5.21,1.15,2階まで,,PLATEAU建物,団地ごとの目視確認済み,34.724857,135.474178
淀川区,神崎橋住宅,神崎橋住宅１号館,131.0,2014.0,12.0,A,継続活用,淀川区加島４丁目１９番１号,bldg_bb3c7c80-611c-41da-958d-c651774f328d,1,37.7,11.0,13.0,RC造,4.73,2.44,0.55,58.0,4.73,0.76,2階まで,,PLATEAU建物,団地ごとの目視確認済み,34.731981,135.450753
淀川区,西三国住宅,西三国住宅１号館,146.0,2011.0,15.0,A,継続活用,淀川区西三国１丁目７番１３号,bldg_906e7a39-9f3f-4429-b62b-259cf85eb8d1,1,44.9,14.0,15.0,RC造,4.23,1.83,0.92,19.0,4.23,,2階まで,,PLATEAU建物,団地ごとの目視確認済み,34.741048,135.491924
淀川区,西三国第２住宅,西三国第２住宅１号館,40.0,,,,,淀川区西三国１丁目６番１号,bldg_b2e0efa9-f974-4dc6-a75c-35c33cf04c98,1,14.2,5.0,5.0,RC造,3.98,1.76,0.95,20.0,3.98,,2階まで,,PLATEAU建物,団地ごとの目視確認済み,34.740241,135.49161
淀川区,西三国第２住宅,西三国第２住宅２号館,30.0,,,,,淀川区西三国１丁目６番２号,bldg_e1fa8c34-483d-4460-90ec-e79d635bf33c,1,14.2,5.0,5.0,RC造,4.08,1.85,1.04,25.0,4.08,,2階まで,,PLATEAU建物,団地ごとの目視確認済み,34.740641,135.491456
淀川区,西三国第２住宅,西三国第２住宅３号館,40.0,,,,,淀川区西三国１丁目６番３号,bldg_8a5dc382-4f38-4301-909c-a72fa5a75d7f,1,14.3,5.0,5.0,RC造,4.05,1.86,1.04,25.0,4.05,,2階まで,,PLATEAU建物,団地ごとの目視確認済み,34.740675,135.491995
淀川区,西三国第２住宅,西三国第２住宅４号館,30.0,,,,,淀川区西三国１丁目６番４号,bldg_79e9fdb5-1517-4ffa-8793-3b0d3f615c32,1,14.4,5.0,5.0,RC造,4.15,1.84,1.03,20.0,4.15,,2階まで,,PLATEAU建物,団地ごとの目視確認済み,34.740296,135.492162
淀川区,西中島住宅,西中島住宅１号館,72.0,1979.0,47.0,A,継続活用,淀川区西中島３丁目１１番１号,bldg_e462f32c-ed23-4e6e-b07f-6f527c0813fd,1,44.3,12.0,15.0,RC造,4.45,2.52,0.42,20.0,4.45,0.38,2階まで,,PLATEAU建物,団地ごとの目視確認済み,34.727203,135.500407
淀川区,西中島第２住宅,西中島第２住宅１号館,10.0,2022.0,4.0,A,継続活用,淀川区西中島２丁目１３番１号,bldg_293a1f01-bf60-4af7-93d2-b1963d087874,1,14.2,5.0,5.0,RC造,5.12,2.4,0.62,61.0,5.12,1.05,2階まで,,PLATEAU建物,団地ごとの目視確認済み,34.725332,135.494718
淀川区,西中島第２住宅,西中島第２住宅２号館,30.0,,,,,淀川区西中島２丁目１３番２号,bldg_b21030ec-35bf-4a29-9eb6-67e6f782d445,1,14.2,5.0,5.0,RC造,4.78,2.3,0.62,59.0,4.78,0.71,2階まで,,PLATEAU建物,団地ごとの目視確認済み,34.725506,135.494904
淀川区,西中島第２住宅,西中島第２住宅３号館,20.0,,,,,淀川区西中島２丁目１３番３号,bldg_3ce63c52-bc7a-45ab-8214-9357f11f602e,1,14.3,5.0,5.0,RC造,4.98,2.41,0.62,72.0,4.98,0.91,2階まで,,PLATEAU建物,団地ごとの目視確認済み,34.725496,135.495345
淀川区,西中島第２住宅,西中島第２住宅４号館,6.0,1979.0,47.0,A,継続活用,淀川区木川東３丁目２番１号,bldg_dedf84ce-0a19-414b-a130-00e569b2a39a,1,9.3,3.0,3.0,RC造,5.29,2.46,0.92,90.0,5.29,1.22,2階まで,,PLATEAU建物,団地ごとの目視確認済み,34.726302,135.494105
淀川区,西宮原住宅,西宮原住宅１号館,137.0,2015.0,11.0,A,継続活用,淀川区西宮原１丁目７番１号,bldg_680b054b-e21d-484c-8b43-33d99054500b,1,43.5,,15.0,不明,4.15,1.55,0.39,17.0,4.15,0.01,2階まで,,PLATEAU建物,団地ごとの目視確認済み,34.733313,135.491081
淀川区,野中北住宅,野中北住宅１号館,60.0,1980.0,46.0,A,継続活用,淀川区野中北２丁目４番１号,bldg_c7eeebee-1cd4-4793-a67b-623bb1b95c07,1,41.4,11.0,14.0,RC造,4.85,1.92,0.9,62.0,4.85,0.8,2階まで,,PLATEAU建物,団地ごとの目視確認済み,34.728722,135.480152
淀川区,野中北住宅,野中北住宅２号館,50.0,1982.0,44.0,A,継続活用,淀川区野中北１丁目１４番２号,bldg_310b0703-8591-4219-98d4-e15af529f35b,1,14.6,5.0,5.0,RC造,5.13,2.21,1.18,100.0,5.13,1.07,2階まで,,PLATEAU建物,団地ごとの目視確認済み,34.728896,135.48106
淀川区,野中北住宅,野中北住宅３号館,30.0,1982.0,44.0,A,継続活用,淀川区野中北１丁目１４番３号,bldg_0a3a37c8-330f-496e-9afe-2df5ec0d8e05,1,14.6,5.0,5.0,RC造,5.13,2.3,1.29,107.0,5.13,1.08,2階まで,,PLATEAU建物,団地ごとの目視確認済み,34.729215,135.481076
淀川区,野中北住宅,野中北住宅４号館,25.0,1984.0,42.0,A,継続活用,淀川区野中北１丁目１５番４号,bldg_9347ff98-4ed6-415e-8cf7-4f45a8f0acb2,1,14.6,5.0,5.0,RC造,5.08,2.23,1.22,106.0,5.08,1.02,2階まで,,PLATEAU建物,団地ごとの目視確認済み,34.729614,135.481021
淀川区,野中北住宅,野中北住宅５号館,25.0,1984.0,42.0,A,継続活用,淀川区野中北１丁目１５番５号,bldg_2139416b-32d4-41f2-9a10-9fe1a05af141,1,14.5,5.0,5.0,RC造,5.1,2.25,1.21,99.0,5.1,1.08,2階まで,,PLATEAU建物,団地ごとの目視確認済み,34.729508,135.480708
淀川区,野中北住宅,野中北住宅６号館,30.0,1984.0,42.0,A,継続活用,淀川区野中北１丁目１７番６号,bldg_89804c53-200a-4b1d-aaae-6c363ef52cf1,1,14.5,5.0,5.0,RC造,4.77,2.0,1.04,61.0,4.77,0.72,2階まで,,PLATEAU建物,団地ごとの目視確認済み,34.729885,135.480116
港区,一条通住宅,一条通住宅１号館,104.0,2008.0,18.0,A,継続活用,港区築港４丁目５番１号,bldg_b1dbd667-8beb-4e45-aa2f-84b3500c63ec,1,46.2,,16.0,不明,5.48,,,,5.48,2.69,2階まで,,PLATEAU建物,団地ごとの目視確認済み,34.654934,135.431024
港区,三先住宅,三先住宅１号館,20.0,1971.0,55.0,B,建替(Ⅰ),港区三先２丁目７番１号,bldg_859a3eec-9e89-4b91-a61b-c0c02af303e9,1,14.4,5.0,5.0,RC造,4.83,,,,4.83,1.4,2階まで,,PLATEAU建物,団地ごとの目視確認済み,34.659557,135.451883
港区,三先住宅,三先住宅１０号館,398.0,1972.0,54.0,A,建替(Ⅱ),港区三先２丁目１７番１０号,bldg_b38af826-571b-49a9-a0f2-5ae7824961fb,1,47.8,14.0,16.0,RC造,4.2,,,,4.2,0.88,2階まで,,PLATEAU建物,団地ごとの目視確認済み,34.658374,135.451411
港区,三先住宅,三先住宅２号館,20.0,1971.0,55.0,B,建替(Ⅰ),港区三先２丁目７番２号,bldg_caf89b24-d0c6-4aef-abe6-8ecf72880200,1,14.6,5.0,5.0,RC造,4.92,,,,4.92,1.49,2階まで,,PLATEAU建物,団地ごとの目視確認済み,34.659322,135.451696
港区,三先住宅,三先住宅３号館,20.0,1971.0,55.0,A,建替(Ⅰ),港区三先２丁目７番３号,bldg_deb61b27-2150-4bc7-9ce8-efb5b7681747,1,14.7,5.0,5.0,RC造,5.06,,,,5.06,1.6,2階まで,,PLATEAU建物,団地ごとの目視確認済み,34.659069,135.451508
港区,三先住宅,三先住宅４号館,20.0,1971.0,55.0,B,建替(Ⅰ),港区三先２丁目７番４号,bldg_532faedd-7d47-4555-b6ea-bf68cbca0a0f,1,14.8,5.0,5.0,RC造,4.95,,,,4.95,1.54,2階まで,,PLATEAU建物,団地ごとの目視確認済み,34.658919,135.451828
港区,三先住宅,三先住宅５号館,20.0,1971.0,55.0,B,建替(Ⅰ),港区三先２丁目７番５号,bldg_319bf825-39a6-4dff-952a-2bd8e299bc5e,1,14.7,5.0,5.0,RC造,5.01,,,,5.01,1.61,2階まで,,PLATEAU建物,団地ごとの目視確認済み,34.658862,135.452129
港区,三先住宅,三先住宅６号館,20.0,1971.0,55.0,B,建替(Ⅰ),港区三先２丁目１９番６号,bldg_f88bc81f-be64-43e6-bc50-541f41f9d499,1,14.6,5.0,5.0,非木造,4.91,,,,4.91,1.51,2階まで,,PLATEAU建物,団地ごとの目視確認済み,34.658414,135.452205
港区,三先住宅,三先住宅７号館,20.0,1971.0,55.0,B,建替(Ⅰ),港区三先２丁目１９番７号,bldg_13e826d5-4f65-4823-8c10-c247d947fcd3,1,14.6,5.0,5.0,非木造,5.0,,,,5.0,1.62,2階まで,,PLATEAU建物,団地ごとの目視確認済み,34.658211,135.452044
港区,三先住宅,三先住宅８号館,20.0,1971.0,55.0,B,建替(Ⅰ),港区三先２丁目１９番８号,bldg_34d4d9db-e7c1-48a6-98a8-2174edf44f56,1,14.5,5.0,5.0,非木造,4.96,,,,4.96,1.6,2階まで,,PLATEAU建物,団地ごとの目視確認済み,34.65794,135.451825
港区,三先住宅,三先住宅９号館,20.0,1971.0,55.0,B,建替(Ⅰ),港区三先２丁目１９番９号,bldg_c2b99322-3a50-443e-a026-0e3975ebc2fe,1,14.7,5.0,5.0,非木造,5.09,,,,5.09,1.75,2階まで,,PLATEAU建物,団地ごとの目視確認済み,34.657734,135.451664
港区,八幡屋住宅,八幡屋住宅１号館,30.0,,,,,港区八幡屋２丁目５番１号,bldg_12c7dfc6-a627-4f19-afa8-6f09747ca305,1,14.8,5.0,5.0,RC造,4.9,,,,4.9,1.62,2階まで,,PLATEAU建物,団地ごとの目視確認済み,34.65621,135.447279
港区,八幡屋住宅,八幡屋住宅１０号館,30.0,,,,,港区八幡屋２丁目３番１０号,bldg_b8c4cc36-9265-40cc-8e04-e37ec3ddf2d4,1,14.7,5.0,5.0,RC造,5.06,,,,5.06,1.83,2階まで,,PLATEAU建物,団地ごとの目視確認済み,34.656265,135.446109
港区,八幡屋住宅,八幡屋住宅１１号館,30.0,,,,,港区八幡屋２丁目１４番１１号,bldg_a2949ec5-b004-4c23-810f-6e9d7fc7b7ab,1,14.9,5.0,5.0,RC造,4.92,,,,4.92,1.68,2階まで,,PLATEAU建物,団地ごとの目視確認済み,34.655865,135.446114
港区,八幡屋住宅,八幡屋住宅１２号館,20.0,,,,,港区八幡屋２丁目１４番１２号,bldg_3a6d5a0f-bf7c-4a82-a65a-40de88f8efb2,1,14.8,5.0,5.0,RC造,4.94,,,,4.94,1.67,2階まで,,PLATEAU建物,団地ごとの目視確認済み,34.656095,135.445918
港区,八幡屋住宅,八幡屋住宅１３号館,20.0,,,,,港区八幡屋２丁目１４番１３号,bldg_4d8184f1-66c8-42c1-82c5-083cab816d6e,1,14.6,5.0,5.0,RC造,4.92,,,,4.92,1.67,2階まで,,PLATEAU建物,団地ごとの目視確認済み,34.655876,135.445837
港区,八幡屋住宅,八幡屋住宅１４号館,20.0,,,,,港区八幡屋２丁目１５番１４号,bldg_8531b79c-cd42-4832-85de-6cfc55efa518,1,14.6,5.0,5.0,RC造,4.92,,,,4.92,1.66,2階まで,,PLATEAU建物,団地ごとの目視確認済み,34.655963,135.445507
港区,八幡屋住宅,八幡屋住宅２号館,20.0,,,,,港区八幡屋２丁目５番２号,bldg_288845c6-b4fc-45ef-8a6a-3015916175b4,1,14.7,5.0,5.0,RC造,4.96,,,,4.96,1.68,2階まで,,PLATEAU建物,団地ごとの目視確認済み,34.656349,135.446932
港区,八幡屋住宅,八幡屋住宅３号館,20.0,,,,,港区八幡屋２丁目５番３号,bldg_4d5e3fea-20f7-48ae-a056-46edd6dc525c,1,14.7,5.0,5.0,RC造,4.92,,,,4.92,1.63,2階まで,,PLATEAU建物,団地ごとの目視確認済み,34.656436,135.446664
港区,八幡屋住宅,八幡屋住宅４号館,20.0,,,,,港区八幡屋２丁目５番４号,bldg_a8ce9620-4907-4b86-a47f-06f14b131fd4,1,14.6,5.0,5.0,RC造,4.94,,,,4.94,1.67,2階まで,,PLATEAU建物,団地ごとの目視確認済み,34.656119,135.446638
港区,八幡屋住宅,八幡屋住宅５号館,30.0,,,,,港区八幡屋２丁目５番５号,bldg_23ed9839-f0e5-4d43-8bc5-427e0b1074df,1,14.8,5.0,5.0,非木造,4.98,,,,4.98,1.71,2階まで,,PLATEAU建物,団地ごとの目視確認済み,34.655993,135.447014
港区,八幡屋宝町住宅,八幡屋宝町住宅１号館,107.0,2006.0,20.0,A,継続活用,港区港晴２丁目５番１号,bldg_6edaa10f-64c0-4772-bc51-363f7bdf8bb9,1,32.1,10.0,11.0,RC造,5.39,,,,5.39,2.08,2階まで,,PLATEAU建物,団地ごとの目視確認で修正,34.65492,135.443527
港区,八幡屋宝町第２住宅,八幡屋宝町第２住宅１号館,69.0,2009.0,17.0,A,継続活用,港区港晴２丁目３番１号,bldg_b9a7b2e9-1fd2-4bdc-88bc-acc608fc42ba,1,23.7,8.0,8.0,RC造,5.48,,,,5.48,2.22,2階まで,,PLATEAU建物,団地ごとの目視確認済み,34.655612,135.442275
港区,八幡屋宝町第３住宅,八幡屋宝町第３住宅１号館,87.0,2009.0,17.0,A,継続活用,港区港晴１丁目６番１号,bldg_729fc7fd-46ed-4f5d-a121-6c69c0d36756,1,26.6,9.0,9.0,RC造,5.05,,,,5.05,1.7,2階まで,,PLATEAU建物,団地ごとの目視確認済み,34.655747,135.443882
港区,八幡屋第１住宅,八幡屋第１住宅1号館,136.0,2022.0,4.0,,,港区八幡屋２丁目１２番９号,,0,,,,,,,,,,,データなし,,位置のみ（建物なし）,団地ごとの目視確認済み,34.655703,135.446651
港区,八幡屋第２住宅,八幡屋第２住宅１号館,30.0,1972.0,54.0,A,建替(Ⅰ),港区八幡屋３丁目１４番１号,bldg_e2988d94-3f26-4511-8bb3-79a35f441226,1,14.6,5.0,5.0,RC造,4.77,,,,4.77,1.53,2階まで,,PLATEAU建物,団地ごとの目視確認済み,34.653048,135.445492
港区,八幡屋第２住宅,八幡屋第２住宅２号館,30.0,1972.0,54.0,A,建替(Ⅰ),港区八幡屋３丁目１４番２号,bldg_0facf267-f151-4b56-804a-0ba8dba0f294,1,14.4,5.0,5.0,RC造,4.91,,,,4.91,1.66,2階まで,,PLATEAU建物,団地ごとの目視確認済み,34.653227,135.445187
港区,八幡屋第２住宅,八幡屋第２住宅３号館,30.0,1972.0,54.0,A,建替(Ⅰ),港区八幡屋３丁目１４番３号,bldg_44244b46-642c-4fbb-abf9-9b8b355f8f72,1,14.7,5.0,5.0,RC造,4.89,,,,4.89,1.64,2階まで,,PLATEAU建物,団地ごとの目視確認済み,34.653378,135.444922
港区,八幡屋第２住宅,八幡屋第２住宅４号館,398.0,1972.0,54.0,A,建替(Ⅱ),港区八幡屋３丁目１０番４号,bldg_bece6c91-5712-45c6-baa9-93166b9a2620,1,47.3,14.0,16.0,RC造,4.68,,,,4.68,1.43,2階まで,,PLATEAU建物,団地ごとの目視確認済み,34.653806,135.445601
港区,八幡屋第２住宅,八幡屋第２住宅５号館,30.0,1974.0,52.0,A,建替(Ⅰ),港区八幡屋３丁目１１番５号,bldg_dabd4119-cfc5-4879-8dc9-6bbca05e68a3,1,14.4,5.0,5.0,RC造,4.96,,,,4.96,1.71,2階まで,,PLATEAU建物,団地ごとの目視確認済み,34.654385,135.445091
港区,八幡屋第２住宅,八幡屋第２住宅６号館,24.0,1974.0,52.0,A,建替(Ⅰ),港区八幡屋３丁目１１番６号,bldg_f3978dad-69a1-4c18-99d2-5688bc922315,1,14.6,5.0,5.0,RC造,4.84,,,,4.84,1.58,2階まで,,PLATEAU建物,団地ごとの目視確認済み,34.654004,135.444822
港区,八幡屋第２住宅,八幡屋第２住宅７号館,30.0,1974.0,52.0,A,建替(Ⅱ),港区八幡屋３丁目１３番７号,bldg_f3ffa0ad-cd76-4c89-b066-45696974d5d4,1,14.7,5.0,5.0,RC造,4.87,,,,4.87,1.62,2階まで,,PLATEAU建物,団地ごとの目視確認済み,34.65352,135.444674
港区,八幡屋第２住宅,八幡屋第２住宅８号館,20.0,1974.0,52.0,A,建替(Ⅱ),港区八幡屋３丁目１３番８号,bldg_401cc34b-e3c2-4091-94f2-e1aa8ed2968a,1,14.6,5.0,5.0,RC造,4.83,,,,4.83,1.68,2階まで,,PLATEAU建物,団地ごとの目視確認済み,34.653561,135.444398
港区,八幡屋第２住宅,八幡屋第２住宅９号館,20.0,1974.0,52.0,A,建替(Ⅱ),港区八幡屋３丁目４番９号,bldg_90d4439f-a16e-477c-b0fe-b23c442a0f51,1,14.4,5.0,5.0,RC造,5.33,,,,5.33,2.1,2階まで,,PLATEAU建物,団地ごとの目視確認済み,34.654632,135.446881
港区,八幡屋第３住宅,八幡屋第３住宅１号館,30.0,1972.0,54.0,A,建替(Ⅱ),港区八幡屋４丁目４番１号,bldg_6c3272ea-a01e-46bf-8668-bd5aac3a7aee,1,14.5,5.0,5.0,RC造,4.76,,,,4.76,1.68,2階まで,,PLATEAU建物,団地ごとの目視確認済み,34.65206,135.448051
港区,八幡屋第３住宅,八幡屋第３住宅２号館,20.0,1972.0,54.0,A,建替(Ⅱ),港区八幡屋４丁目４番２号,bldg_fac293dc-23ae-46e6-b419-ab73f29902cf,1,14.6,5.0,5.0,RC造,5.04,,,,5.04,1.91,2階まで,,PLATEAU建物,団地ごとの目視確認済み,34.652157,135.447766
港区,八幡屋第４住宅,八幡屋第４住宅１号館,20.0,1973.0,53.0,A,建替(Ⅰ),港区八幡屋４丁目７番１号,bldg_60987ac2-fc97-4b6e-9ed7-0e301c413fdd,1,14.2,5.0,5.0,RC造,5.13,,,,5.13,1.96,2階まで,,PLATEAU建物,団地ごとの目視確認済み,34.652223,135.446874
港区,八幡屋第４住宅,八幡屋第４住宅２号館,40.0,1973.0,53.0,A,建替(Ⅰ),港区八幡屋４丁目７番２号,bldg_0ecd7ddc-d618-43c8-b310-ad3f1d70b7d2,1,14.3,5.0,5.0,RC造,5.17,,,,5.17,1.97,2階まで,,PLATEAU建物,団地ごとの目視確認済み,34.652384,135.446433
港区,池島住宅,池島住宅１号館,233.0,2012.0,14.0,A,継続活用,港区池島３丁目３番１号,bldg_2a55a5e4-b43f-46c6-9a49-c486f72a4c49,1,42.5,15.0,15.0,RC造,5.36,,,,5.36,2.05,2階まで,,PLATEAU建物,団地ごとの目視確認済み,34.655106,135.450285
港区,池島住宅,池島住宅２号館,247.0,2015.0,11.0,A,継続活用,港区池島３丁目１番２号,bldg_658b0d6e-1b00-477a-afd8-721170ba461c,1,47.6,15.0,16.0,RC造,5.34,,,,5.34,2.06,2階まで,,PLATEAU建物,団地ごとの目視確認済み,34.655462,135.449324
港区,池島住宅,池島住宅３号館,147.0,2018.0,8.0,A,継続活用,港区池島2丁目7番3号,,0,,,,,,,,,,,データなし,,位置のみ（建物なし）,団地ごとの目視確認で修正,34.656166,135.449657
港区,池島住宅,池島住宅４号館,28.0,2019.0,7.0,A,継続活用,港区池島2丁目7番4号,,0,,,,,,,,,,,データなし,,位置のみ（建物なし）,団地ごとの目視確認で修正,34.656527,135.450219
港区,池島住宅,池島住宅５号館,71.0,2018.0,8.0,A,継続活用,港区池島2丁目6番5号,,0,,,,,,,,,,,データなし,,位置のみ（建物なし）,団地ごとの目視確認で修正,34.655833,135.450526
港区,池島住宅,池島住宅６号館,152.0,2018.0,8.0,A,継続活用,港区池島2丁目6番6号,,0,,,,,,,,,,,データなし,,位置のみ（建物なし）,団地ごとの目視確認で修正,34.65596,135.450974
港区,池島南住宅,池島南住宅１号館,233.0,2002.0,24.0,A,継続活用,港区池島３丁目８番１号,bldg_cc841407-328b-486d-80d6-6c32e2699a29 bldg_14ef7156-f576-4d33-81c9-bc45b51c7c01,2,41.7,11.0,14.0,RC造,5.82,,,,5.82,2.65,3階まで,,PLATEAU建物,団地ごとの目視確認で修正（2つの建物で1棟）,34.653893,135.448575
港区,波除住宅,波除住宅１号館,198.0,1973.0,53.0,A,継続活用,港区波除２丁目２番１９号,bldg_0ab31b9e-8d44-44db-87b0-253e3f38c39c,1,37.4,11.0,13.0,RC造,4.3,,,,4.3,0.65,2階まで,,PLATEAU建物,団地ごとの目視確認済み,34.672355,135.464695
港区,波除第２住宅,波除第２住宅１号館,58.0,1974.0,52.0,A,継続活用,港区波除４丁目５番１号,bldg_ba7fe1a3-4016-44da-8b2a-23e32094bcd4,1,20.8,7.0,7.0,RC造,3.71,,,,3.71,0.15,2階まで,,PLATEAU建物,団地ごとの目視確認済み,34.673712,135.463035
港区,波除第２住宅,波除第２住宅２号館,112.0,1974.0,52.0,A,継続活用,港区波除４丁目７番２号,bldg_32ca0d53-a4cd-45e5-9abf-2fcb6411d419 bldg_292ac332-ef4a-4dae-b2ab-1fd5dcb3c227,2,40.8,11.0,14.0,RC造,4.23,,,,4.23,0.59,2階まで,,PLATEAU建物,団地ごとの目視確認で修正（2つの建物で1棟）,34.674225,135.462725
港区,波除第２住宅,波除第２住宅３号館,44.0,1975.0,51.0,A,継続活用,港区波除１丁目５番３号,bldg_e53bad37-4f39-4518-8fa7-74d989c72eb6,1,20.7,7.0,7.0,RC造,4.42,,,,4.42,0.77,2階まで,,PLATEAU建物,団地ごとの目視確認済み,34.674924,135.463
港区,波除第２住宅,波除第２住宅４号館,68.0,1974.0,52.0,A,継続活用,港区波除１丁目６番４号,bldg_9507a665-9128-4037-99f0-be3dbfcbea8e,1,39.1,11.0,13.0,RC造,4.05,,,,4.05,0.39,2階まで,,PLATEAU建物,団地ごとの目視確認済み,34.675448,135.462464
港区,波除第２住宅,波除第２住宅５号館,251.0,1975.0,51.0,A,継続活用,港区波除１丁目２番５号,bldg_2a8a086c-920e-4d81-81b6-447fc15692d0,1,47.6,14.0,16.0,RC造,4.18,,,,4.18,0.54,2階まで,,PLATEAU建物,団地ごとの目視確認済み,34.675683,135.46306
港区,波除第２住宅,波除第２住宅６号館,78.0,1976.0,50.0,A,継続活用,港区波除１丁目６番６号,bldg_374e592b-2a38-4d7a-b520-05def25d0da2,1,48.2,14.0,17.0,RC造,4.11,,,,4.11,0.63,2階まで,,PLATEAU建物,団地ごとの目視確認済み,34.675786,135.462045
港区,波除第２住宅,波除第２住宅７号館,77.0,1976.0,50.0,A,継続活用,港区波除４丁目８番７号,bldg_e607b990-bcf0-42a9-9ffe-f264af099c66,1,38.8,11.0,13.0,RC造,4.0,,,,4.0,0.43,2階まで,,PLATEAU建物,団地ごとの目視確認済み,34.674732,135.462297
港区,波除第２住宅,波除第２住宅８号館,99.0,1976.0,50.0,A,継続活用,港区波除４丁目８番８号,bldg_a185f116-a19d-4d5e-b30e-dc7ea826a4f0,1,40.6,11.0,14.0,RC造,4.11,,,,4.11,0.68,2階まで,,PLATEAU建物,団地ごとの目視確認済み,34.674574,135.461771
港区,田中住宅,田中住宅１号館,24.0,1972.0,54.0,A,建替(Ⅱ),港区田中１丁目１１番１号,bldg_0c4fcd69-7708-443f-8757-227c72dde4ca,1,14.5,5.0,5.0,RC造,5.11,,,,5.11,1.38,2階まで,,PLATEAU建物,団地ごとの目視確認済み,34.665462,135.449179
港区,田中住宅,田中住宅２号館,30.0,1972.0,54.0,A,建替(Ⅰ),港区田中１丁目１１番２号,bldg_f77f704b-8f27-4af1-b20b-3eb959b1c3aa,1,14.4,5.0,5.0,RC造,5.16,,,,5.16,1.57,2階まで,,PLATEAU建物,団地ごとの目視確認済み,34.665137,135.448962
港区,田中住宅,田中住宅３号館,30.0,1972.0,54.0,A,建替(Ⅰ),港区田中１丁目１１番３号,bldg_10f29fe4-a763-4d99-8395-35c6d644d7f7,1,14.3,5.0,5.0,RC造,5.0,,,,5.0,1.57,2階まで,,PLATEAU建物,団地ごとの目視確認済み,34.665011,135.44923
港区,築港住宅,築港住宅１号館,20.0,1971.0,55.0,B,建替(Ⅰ),港区築港１丁目１１番１号,bldg_ee4db3ee-ee22-4379-b6a5-b12a1890a497,1,14.6,5.0,5.0,RC造,5.4,,,,5.4,2.61,2階まで,,PLATEAU建物,団地ごとの目視確認済み,34.65195,135.434816
港区,築港住宅,築港住宅２号館,30.0,1971.0,55.0,B,建替(Ⅰ),港区築港１丁目１１番２号,bldg_eab4cabd-c859-4a9e-a7da-80511a8b29ad,1,14.8,5.0,5.0,RC造,5.39,,,,5.39,2.6,2階まで,,PLATEAU建物,団地ごとの目視確認済み,34.651803,135.434571
港区,築港住宅,築港住宅３号館,30.0,1971.0,55.0,B,建替(Ⅰ),港区築港１丁目１１番３号,bldg_bff847bd-3642-41de-a151-797329f6ce9a,1,14.8,5.0,5.0,RC造,5.4,,,,5.4,2.62,2階まで,,PLATEAU建物,団地ごとの目視確認済み,34.651588,135.434891
港区,築港住宅,築港住宅４号館,20.0,1972.0,54.0,A,建替(Ⅱ),港区築港１丁目１１番４号,bldg_05881884-38ce-40c9-9ee6-b572e2f110cc,1,14.5,5.0,5.0,RC造,5.44,,,,5.44,2.66,2階まで,,PLATEAU建物,団地ごとの目視確認済み,34.651747,135.435297
港区,築港住宅,築港住宅５号館,30.0,1972.0,54.0,A,建替(Ⅱ),港区築港１丁目１１番５号,bldg_c768646d-4bc0-40b3-894d-89d5a26d9594,1,14.6,5.0,5.0,RC造,5.47,,,,5.47,2.69,2階まで,,PLATEAU建物,団地ごとの目視確認済み,34.65189,135.435682
港区,築港住宅,築港住宅６号館,40.0,1972.0,54.0,A,建替(Ⅱ),港区築港１丁目１１番６号,bldg_5e059eac-c0fd-4005-aa93-4667cfdeec88,1,14.3,5.0,5.0,RC造,5.43,,,,5.43,2.65,2階まで,,PLATEAU建物,団地ごとの目視確認済み,34.652112,135.435264
港区,築港住宅,築港住宅７号館,30.0,1972.0,54.0,A,建替(Ⅱ),港区築港１丁目１１番７号,bldg_3cec6725-335b-4e96-b0fc-e9991840822e,1,14.5,5.0,5.0,RC造,5.46,,,,5.46,2.68,2階まで,,PLATEAU建物,団地ごとの目視確認済み,34.652209,135.435655
港区,築港住宅,築港住宅８号館,24.0,1972.0,54.0,A,建替(Ⅱ),港区築港１丁目１２番８号,bldg_36d1477d-f96d-42d2-b6b8-50836c67c578,1,14.8,5.0,5.0,RC造,5.18,,,,5.18,2.4,2階まで,,PLATEAU建物,団地ごとの目視確認済み,34.652595,135.435264
生野区,勝山南住宅,勝山南住宅１号館,50.0,1999.0,27.0,A,継続活用,生野区勝山南３丁目１１番１号,bldg_bd397d8a-c898-4531-a52f-4ecc28b2c31f bldg_95aa6b16-7323-477d-ac44-93d6ab6c94ea,2,20.0,6.0,7.0,RC造,0.43,0.43,,0.0,,,1階まで,,PLATEAU建物,団地ごとの目視確認で修正（2つの建物で1棟）,34.652617,135.533763
生野区,巽伊賀住宅,巽伊賀住宅１号館,24.0,1978.0,48.0,A,継続活用,生野区巽東２丁目１７番１号,bldg_de067e0f-a4ad-44f0-97fa-5c39c66d8b84,1,11.5,4.0,4.0,RC造,2.17,2.17,0.03,42.0,,,1階まで,,PLATEAU建物,団地ごとの目視確認済み,34.645171,135.554738
生野区,巽伊賀住宅,巽伊賀住宅２号館,24.0,1978.0,48.0,A,継続活用,生野区巽東２丁目１７番２号,bldg_67166831-b9bf-4e03-aa8f-6bebf422514c,1,11.4,4.0,4.0,RC造,2.08,2.08,0.04,42.0,,,1階まで,,PLATEAU建物,団地ごとの目視確認済み,34.644895,135.554752
生野区,巽伊賀住宅,巽伊賀住宅３号館,24.0,1978.0,48.0,A,継続活用,生野区巽東２丁目１７番３号,bldg_54cc5082-2685-4471-9642-475db8d78e63,1,11.5,4.0,4.0,RC造,2.09,2.09,0.04,41.0,,,1階まで,,PLATEAU建物,団地ごとの目視確認済み,34.644516,135.554959
生野区,巽伊賀住宅,巽伊賀住宅４号館,16.0,1978.0,48.0,A,継続活用,生野区巽東２丁目１８番４号,bldg_a133be74-1732-4151-be4e-43c0a7cdc954,1,11.4,4.0,4.0,RC造,2.08,2.08,,42.0,,,1階まで,,PLATEAU建物,団地ごとの目視確認済み,34.644639,135.55423
生野区,巽住宅,巽住宅１号館,169.0,1972.0,54.0,A,建替(Ⅱ),生野区巽中１丁目１８番１２号,bldg_ff156350-7c84-4c15-ab9e-245c7860de9b,1,36.8,11.0,13.0,RC造,1.66,1.66,,40.0,,,1階まで,,PLATEAU建物,団地ごとの目視確認済み,34.653,135.553493
生野区,巽北住宅,巽北住宅１号館,24.0,1997.0,29.0,A,継続活用,生野区巽北２丁目１６番１５号,bldg_6a988dd2-46c9-4407-a801-32fe8ec02a2c,1,19.9,7.0,7.0,RC造,2.55,2.55,0.12,55.0,,,1階まで,,PLATEAU建物,団地ごとの目視確認済み,34.653564,135.552046
生野区,生野東住宅,生野東住宅3号館,35.0,2022.0,4.0,A,継続活用,生野区生野東４丁目１番１１号,,0,,,,,,,,,,,データなし,,位置のみ（建物なし）,団地ごとの目視確認済み,34.648555,135.533531
生野区,生野東住宅,生野東住宅１号館,40.0,2003.0,23.0,A,継続活用,生野区生野東１丁目１番３０号,bldg_e545e907-b61b-40eb-9386-c2631738966e,1,34.0,11.0,12.0,RC造,0.63,0.63,,12.0,,,1階まで,,PLATEAU建物,団地ごとの目視確認済み,34.650392,135.531125
生野区,生野東住宅,生野東住宅１１号館,49.0,1995.0,31.0,A,継続活用,生野区生野東４丁目１番１１号,bldg_b02cbcad-14e5-414b-b553-b77c99185750,1,25.6,6.0,9.0,RC造,0.0,,,,,,なし,,PLATEAU建物,団地ごとの目視確認済み,34.646948,135.534282
生野区,生野東住宅,生野東住宅１２号館,76.0,1995.0,31.0,A,継続活用,生野区生野東４丁目１番１２号,bldg_516d3098-f2fc-4b8a-bc00-9c8c1d56e582 bldg_e7819989-568c-4074-b106-65d4f554e5c6,2,35.6,10.0,12.0,RC造,0.0,,,,,,なし,,PLATEAU建物,団地ごとの目視確認で修正（2つの建物で1棟）,34.647131,135.533901
生野区,生野東住宅,生野東住宅１３号館,113.0,2004.0,22.0,A,継続活用,生野区生野東４丁目1番13号,bldg_a2dcc809-3f00-4cf3-960f-185cc13498a5,1,6.7,,2.0,不明,0.0,,,,,,なし,,PLATEAU建物,団地ごとの目視確認済み,34.647002,135.533535
生野区,生野東住宅,生野東住宅２号館,47.0,2010.0,16.0,A,継続活用,生野区生野東１丁目５番２号,bldg_91db8189-d040-4719-8bd8-363ba2905397 bldg_0953a5a7-6f6b-4219-a9e2-64fceedb18a8,2,16.6,5.0,6.0,不明,0.13,0.13,,0.0,,,1階まで,,PLATEAU建物,団地ごとの目視確認で修正（2つの建物で1棟）,34.650737,135.532278
生野区,生野東住宅,生野東住宅８号館,113.0,2004.0,22.0,A,継続活用,生野区生野東４丁目1番13号,bldg_59afac4c-a8e0-465c-86e8-fcf3f8f547c4 bldg_0ac19ca5-0e36-4222-b014-e5e80282be6a,2,20.4,7.0,7.0,RC造,0.02,0.02,,0.0,,,1階まで,,PLATEAU建物,団地ごとの目視確認済み（2つの建物で1棟）,34.64825,135.534646
生野区,生野東住宅,生野東住宅９号館,34.0,2003.0,23.0,A,継続活用,生野区生野東４丁目１番９号,bldg_d11b4432-e0ff-4309-857a-f9312e90bf26,1,27.7,9.0,10.0,RC造,0.0,,,,,,なし,,PLATEAU建物,団地ごとの目視確認済み,34.648187,135.534116
生野区,田島住宅,田島住宅１号館,131.0,1976.0,50.0,A,継続活用,生野区舎利寺２丁目１２番２０号,,0,,,,,,,,,,,データなし,,位置のみ（建物なし）,団地ごとの目視確認で修正,34.648576,135.53859
西成区,ひらき住宅,ひらき住宅１号館,,1993.0,33.0,A,継続活用,西成区中開３丁目３番１号,bldg_c82c48a8-e0bc-439f-981a-9cf0bc01efae bldg_b5f4cc4d-8366-4207-81b7-a2a645fefbe4,2,32.1,7.0,11.0,RC造,4.58,1.5,,173.0,4.58,1.13,2階まで,,PLATEAU建物,団地ごとの目視確認で修正,34.651837,135.488866
西成区,ひらき住宅,ひらき住宅２号館,,1993.0,33.0,A,継続活用,西成区中開３丁目３番１号,bldg_c82c48a8-e0bc-439f-981a-9cf0bc01efae,1,32.1,7.0,11.0,RC造,4.58,1.5,,173.0,4.58,1.13,2階まで,,PLATEAU建物,団地ごとの目視確認で修正,34.651837,135.488866
西成区,ひらき住宅,ひらき住宅３号館,30.0,1994.0,32.0,A,継続活用,西成区中開３丁目３番３号,bldg_f0bb4f6c-98b4-4afd-a09b-4f1f017f4f28,1,17.0,6.0,6.0,RC造,4.73,1.5,,162.0,4.73,1.13,2階まで,,PLATEAU建物,団地ごとの目視確認済み,34.651915,135.488476
西成区,ひらき住宅,ひらき住宅４号館,30.0,1995.0,31.0,A,継続活用,西成区南開２丁目３番４号,bldg_e4843772-7180-46e1-86a8-63f1b2c09056,1,17.1,6.0,6.0,RC造,4.21,1.29,,142.0,4.21,0.76,2階まで,,PLATEAU建物,団地ごとの目視確認済み,34.6515,135.488421
西成区,ひらき西住宅,ひらき西住宅２号館,56.0,1997.0,29.0,A,継続活用,西成区中開３丁目５番２号,bldg_8252e383-659d-4b0e-bc86-e4b005874d41,1,31.0,7.0,11.0,RC造,4.8,1.79,,177.0,4.8,1.35,2階まで,,PLATEAU建物,団地ごとの目視確認済み,34.651552,135.487612
西成区,中津守住宅,中津守住宅１号館,100.0,1981.0,45.0,A,継続活用,西成区津守３丁目１番１号,bldg_2e8d7ef5-b9ee-445a-b698-6db1a433a239,1,42.4,11.0,15.0,RC造,4.23,1.19,0.24,104.0,4.23,1.28,2階まで,,PLATEAU建物,団地ごとの目視確認済み,34.63947,135.484107
西成区,中津守住宅,中津守住宅２号館,77.0,1981.0,45.0,A,継続活用,西成区津守３丁目１番２号,bldg_27f0a409-0be8-42af-b2b0-4cd25283387f,1,42.4,11.0,15.0,RC造,4.13,1.21,0.28,105.0,4.13,1.5,2階まで,,PLATEAU建物,団地ごとの目視確認済み,34.639487,135.483503
西成区,中開住宅,中開住宅１号館,28.0,1978.0,48.0,A,建替(Ⅱ),西成区中開３丁目４番２号,bldg_65c294c8-833a-43f9-89bb-c445005ce8a8,1,11.8,4.0,4.0,RC造,4.42,1.4,,153.0,4.42,0.97,2階まで,,PLATEAU建物,団地ごとの目視確認済み,34.652367,135.487538
西成区,中開東住宅,中開東住宅１号館,28.0,1980.0,46.0,A,建替(Ⅱ),西成区中開２丁目１番１６号,bldg_ce708a26-1252-4373-a56f-70af38f0b4e9,1,11.8,4.0,4.0,RC造,3.87,0.59,,51.0,3.87,0.42,2階まで,,PLATEAU建物,団地ごとの目視確認済み,34.652713,135.49298
西成区,中開東住宅,中開東住宅２号館,12.0,1988.0,38.0,A,EV設置,西成区中開２丁目１番１３号,bldg_31eea3fb-dcc7-4501-b9d4-a0645f09c432,1,9.9,3.0,3.0,RC造,3.87,0.79,,53.0,3.87,0.42,2階まで,,PLATEAU建物,団地ごとの目視確認済み,34.652397,135.492863
西成区,出城東住宅,出城東住宅１号館,36.0,1975.0,51.0,A,継続活用,西成区出城２丁目３番１号,bldg_43057e58-55be-4f0d-8f00-cb1770be5ba0,1,12.1,4.0,4.0,RC造,3.87,0.69,,35.0,3.87,0.41,2階まで,,PLATEAU建物,団地ごとの目視確認済み,34.650619,135.49199
西成区,出城東住宅,出城東住宅２号館,41.0,1975.0,51.0,A,継続活用,西成区出城２丁目３番２号,bldg_ef6f8471-02ec-4a6a-b851-ffb35c337bdd,1,12.0,4.0,4.0,RC造,3.93,0.69,,43.0,3.93,0.48,2階まで,,PLATEAU建物,団地ごとの目視確認済み,34.650332,135.492024
西成区,出城東第２住宅,出城東第２住宅１号館,32.0,2005.0,21.0,A,継続活用,西成区出城１丁目８番３号,bldg_8106f97e-8b4a-4e07-82b4-f7df8e0e8160,1,21.5,7.0,7.0,RC造,3.55,0.29,,0.0,3.55,0.1,2階まで,,PLATEAU建物,団地ごとの目視確認済み,34.650272,135.493815
西成区,出城第１住宅,出城第１住宅１号館,32.0,1996.0,30.0,A,継続活用,西成区出城３丁目３番１号,bldg_a01a3837-9621-49c4-b86b-75c2b9149adc,1,11.6,4.0,4.0,RC造,4.49,1.29,,136.0,4.49,1.03,2階まで,,PLATEAU建物,団地ごとの目視確認済み,34.650567,135.48864
西成区,出城第２住宅,出城第２住宅１号館,63.0,1997.0,29.0,A,継続活用,西成区出城３丁目１番１号,bldg_4a893776-67e3-4a7a-beb9-2a52f340cca9,1,30.7,7.0,11.0,RC造,4.74,1.4,,176.0,4.74,1.28,2階まで,,PLATEAU建物,団地ごとの目視確認済み,34.650456,135.489892
西成区,出城第３住宅,出城第３住宅１号館,14.0,2009.0,17.0,A,継続活用,西成区南開２丁目４番１号,bldg_dfcaa6b2-954f-401a-b5c4-6b00ca827fe5,1,12.3,4.0,4.0,RC造,4.38,1.4,,157.0,4.38,0.95,2階まで,,PLATEAU建物,団地ごとの目視確認済み,34.650992,135.488461
西成区,出城西住宅,出城西住宅１号館,54.0,1998.0,28.0,A,継続活用,西成区南開２丁目５番１号,bldg_46c324fb-c3db-4c20-a805-752910e81d57,1,37.1,9.0,13.0,RC造,4.9,1.79,,177.0,4.9,1.44,2階まで,,PLATEAU建物,団地ごとの目視確認済み,34.650489,135.487216
西成区,出城西住宅,出城西住宅２号館,62.0,1998.0,28.0,A,継続活用,西成区出城３丁目５番２号,bldg_304a656b-85ae-4d4b-a1eb-891694ef49a1,1,37.6,9.0,13.0,RC造,4.63,1.59,,177.0,4.63,1.17,2階まで,,PLATEAU建物,団地ごとの目視確認済み,34.649871,135.487251
西成区,出城通第４住宅,出城通第４住宅１号館,15.0,1968.0,58.0,B,建替(Ⅰ),西成区出城３丁目４番１号,bldg_cf9d92f4-59e7-4f85-ad6a-35e34c9ceff8,1,14.3,5.0,5.0,RC造,4.2,0.9,,91.0,4.2,0.74,2階まで,,PLATEAU建物,団地ごとの目視確認済み,34.650159,135.488871
西成区,出城通第４住宅,出城通第４住宅２号館,15.0,1968.0,58.0,B,建替(Ⅰ),西成区出城３丁目４番２号,bldg_105a7cd6-cea3-49c6-942d-76998127beb7,1,13.9,5.0,5.0,RC造,4.05,0.99,,87.0,4.05,0.6,2階まで,,PLATEAU建物,団地ごとの目視確認済み,34.649961,135.488692
西成区,出城通第４住宅,出城通第４住宅３号館,15.0,1968.0,58.0,B,建替(Ⅰ),西成区出城３丁目４番３号,bldg_5b62b6a5-2392-46de-bc6f-881962223f6c,1,13.9,5.0,5.0,RC造,4.14,0.99,,89.0,4.14,0.69,2階まで,,PLATEAU建物,団地ごとの目視確認済み,34.649727,135.488663
西成区,出城通第５住宅,出城通第５住宅１号館,56.0,1971.0,55.0,A,継続活用,西成区出城３丁目２番１号,bldg_0ea713c1-244d-4c24-8f6e-73a89f013004,1,19.6,7.0,7.0,RC造,4.19,0.99,,91.0,4.19,0.63,2階まで,,PLATEAU建物,団地ごとの目視確認済み,34.649731,135.489452
西成区,出城通第５住宅,出城通第５住宅２号館,32.0,1974.0,52.0,A,継続活用,西成区出城３丁目２番２号,bldg_0a981d8b-a73d-4b0a-82b5-a6c15fbb10a9,1,12.3,4.0,4.0,RC造,4.64,1.29,,142.0,4.64,1.18,2階まで,,PLATEAU建物,団地ごとの目視確認済み,34.650107,135.48946
西成区,北津守住宅,北津守住宅１号館,20.0,1996.0,30.0,A,継続活用,西成区北津守１丁目６番１号,bldg_e073b7a8-1372-44cd-a1ba-9579d63ed77f,1,11.5,4.0,4.0,RC造,5.35,2.19,0.54,179.0,5.35,1.89,2階まで,,PLATEAU建物,団地ごとの目視確認済み,34.65424,135.483922
西成区,北津守住宅,北津守住宅２号館,19.0,2010.0,16.0,A,継続活用,西成区北津守１丁目６番２号,bldg_d69e7421-b323-4166-a192-d86a6cc8b981,1,15.7,,5.0,不明,5.08,2.19,0.43,179.0,5.08,1.63,2階まで,,PLATEAU建物,団地ごとの目視確認済み,34.654645,135.484369
西成区,北津守第３住宅,北津守第３住宅２号館,62.0,1988.0,38.0,A,継続活用,西成区北津守３丁目９番２号,bldg_01cb549a-d4a4-4c79-80b5-53adc268ee3b,1,31.6,7.0,11.0,RC造,3.89,1.09,,95.0,3.89,0.81,2階まで,,PLATEAU建物,団地ごとの目視確認済み,34.650965,135.480434
西成区,北津守第３住宅,北津守第３住宅３号館,32.0,1987.0,39.0,A,継続活用,西成区北津守３丁目９番３号,bldg_ce1afb47-0f59-4310-829e-e8abfb4f063c,1,13.3,4.0,5.0,RC造,3.93,0.9,,65.0,3.93,1.35,2階まで,,PLATEAU建物,団地ごとの目視確認済み,34.651433,135.480539
西成区,北開住宅,北開住宅１号館,35.0,1997.0,29.0,A,継続活用,西成区北開１丁目１番１号,bldg_ab0738d1-7bd4-4927-a621-ef7cd950cf61,1,9.3,3.0,3.0,RC造,4.11,0.99,,101.0,4.11,0.66,2階まで,,PLATEAU建物,団地ごとの目視確認済み,34.652971,135.491962
西成区,千本中住宅,千本中住宅１号館,16.0,1975.0,51.0,A,継続活用,西成区千本中２丁目１０番１号,bldg_13e2d6ee-f112-415e-8842-f43359971b58,1,11.5,4.0,4.0,RC造,3.54,0.91,0.06,34.0,3.54,0.8,2階まで,,PLATEAU建物,団地ごとの目視確認済み,34.631725,135.487125
西成区,千本中住宅,千本中住宅２号館,30.0,1975.0,51.0,A,継続活用,西成区千本中２丁目１０番２号,bldg_75ef6119-730e-4187-aeb3-ded405ffb320,1,14.1,5.0,5.0,RC造,3.59,0.91,0.05,33.0,3.59,0.82,2階まで,,PLATEAU建物,団地ごとの目視確認済み,34.631926,135.486938
西成区,千本中住宅,千本中住宅３号館,30.0,1976.0,50.0,A,継続活用,西成区千本中２丁目９番３号,bldg_5c4bedd7-4e92-45de-99bc-716268d93f5a,1,14.2,5.0,5.0,RC造,3.73,0.99,0.15,48.0,3.73,0.85,2階まで,,PLATEAU建物,団地ごとの目視確認済み,34.63198,135.487428
西成区,千本中住宅,千本中住宅４号館,20.0,1976.0,50.0,A,継続活用,西成区千本中２丁目９番４号,bldg_e04818f4-e6ce-4947-85a2-5b0303cf4efd,1,13.9,5.0,5.0,RC造,3.45,0.75,0.04,28.0,3.45,0.69,2階まで,,PLATEAU建物,団地ごとの目視確認済み,34.632519,135.487739
西成区,千本中住宅,千本中住宅５号館,20.0,1976.0,50.0,A,継続活用,西成区千本中２丁目９番５号,bldg_7fc67e08-2d58-45de-a0ca-a110415bba44,1,13.9,5.0,5.0,RC造,3.47,0.71,,24.0,3.47,0.68,2階まで,,PLATEAU建物,団地ごとの目視確認済み,34.632774,135.487661
西成区,千本住宅,千本住宅１号館,24.0,1988.0,38.0,A,EV設置,西成区千本中１丁目１１番１号,bldg_4df38ac8-812f-4b59-af75-083f9db2bf5f,1,9.3,3.0,3.0,RC造,3.26,0.32,,0.0,3.26,0.42,2階まで,,PLATEAU建物,団地ごとの目視確認済み,34.633142,135.491141
西成区,千本住宅,千本住宅２号館,24.0,1988.0,38.0,A,継続活用,西成区千本中１丁目１１番２号,bldg_e230546b-5e7d-4db9-8d7c-d2fed239b7c1,1,9.4,3.0,3.0,RC造,3.29,0.34,,0.0,3.29,0.39,2階まで,,PLATEAU建物,団地ごとの目視確認済み,34.632913,135.491167
西成区,南津守住宅,南津守住宅１号館,16.0,1987.0,39.0,A,EV設置,西成区南津守６丁目２番１号,bldg_ba5d06d3-e440-44fd-b045-3fe0c91bf4de,1,12.1,4.0,4.0,RC造,4.14,1.44,0.67,61.0,4.14,1.25,2階まで,,PLATEAU建物,団地ごとの目視確認済み,34.628017,135.486044
西成区,南津守住宅,南津守住宅２号館,24.0,1986.0,40.0,A,EV設置,西成区南津守６丁目２番２号,bldg_0f753e55-b265-4212-b1a0-5b3a7909f2b3,1,12.5,4.0,4.0,RC造,4.27,1.45,0.77,76.0,4.27,1.37,2階まで,,PLATEAU建物,団地ごとの目視確認済み,34.6277,135.485959
西成区,南津守第１住宅,南津守第１住宅１号館,106.0,1974.0,52.0,A,継続活用,西成区南津守２丁目２番１号,bldg_9bcf5d1e-7fed-495d-8d00-80f6320e6d40,1,38.0,11.0,13.0,RC造,4.14,1.21,0.48,75.0,4.14,1.68,2階まで,,PLATEAU建物,団地ごとの目視確認済み,34.632636,135.481131
西成区,南津守第１住宅,南津守第１住宅２号館,88.0,1975.0,51.0,A,継続活用,西成区南津守２丁目２番２号,bldg_af2acc00-362d-4075-8b72-b00a08058b56,1,37.7,11.0,13.0,RC造,4.05,1.11,0.49,71.0,4.05,1.55,2階まで,,PLATEAU建物,団地ごとの目視確認済み,34.632578,135.481611
西成区,南津守第２住宅,南津守第２住宅１号館,149.0,1994.0,32.0,A,継続活用,西成区南津守６丁目３番１号,bldg_30fce9a7-105b-4ab4-aa0a-400ec2d4ff61,1,53.7,15.0,19.0,RC造,4.71,1.79,0.9,75.0,4.71,1.76,2階まで,,PLATEAU建物,団地ごとの目視確認済み,34.626985,135.483608
西成区,南津守第２住宅,南津守第２住宅２号館,58.0,1994.0,32.0,A,継続活用,西成区南津守６丁目３番２号,bldg_5eb3ffad-a290-492b-ac28-54a8851c233e,1,44.8,12.0,15.0,RC造,4.7,1.79,1.01,86.0,4.7,1.85,2階まで,,PLATEAU建物,団地ごとの目視確認済み,34.627012,135.482632
西成区,南津守第３住宅,南津守第３住宅１号館,70.0,1999.0,27.0,A,継続活用,西成区南津守１丁目１番１号,bldg_8d12685a-a059-4b98-8c39-8b728581ca02,1,38.2,10.0,13.0,RC造,4.28,1.28,0.32,120.0,4.28,1.42,2階まで,,PLATEAU建物,団地ごとの目視確認済み,34.637798,135.485021
西成区,南津守第３住宅,南津守第３住宅２号館,29.0,1998.0,28.0,A,継続活用,西成区南津守１丁目１番２号,bldg_9b7d7f0a-71f0-4577-86ea-3eb133f543bb,1,17.2,6.0,6.0,RC造,4.36,1.49,0.55,134.0,4.36,1.6,2階まで,,PLATEAU建物,団地ごとの目視確認済み,34.637288,135.485042
西成区,南津守第４住宅,南津守第４住宅１号館,125.0,1998.0,28.0,A,継続活用,西成区南津守２丁目４番１号,bldg_50156fdb-8ecb-40ac-9b80-2755b0a2563a,1,50.4,14.0,17.0,RC造,4.16,1.31,0.59,83.0,4.16,1.8,2階まで,,PLATEAU建物,団地ごとの目視確認済み,34.632783,135.480484
西成区,南津守第４住宅,南津守第４住宅２号館,30.0,1999.0,27.0,A,継続活用,西成区南津守２丁目４番２号,bldg_eaff90bc-3bc0-44b3-accf-b6b7607afaec,1,14.4,5.0,5.0,RC造,4.38,1.31,0.6,85.0,4.38,1.72,2階まで,,PLATEAU建物,団地ごとの目視確認済み,34.63232,135.48079
西成区,南津守第４住宅,南津守第４住宅３号館,97.0,1998.0,28.0,A,継続活用,西成区南津守２丁目４番３号,bldg_67ed31bf-f589-4e55-b60d-cd8f6ccfec9b,1,50.0,14.0,17.0,RC造,4.18,1.31,0.5,83.0,4.18,1.81,2階まで,,PLATEAU建物,団地ごとの目視確認済み,34.632299,135.480008
西成区,南開第１住宅,南開第１住宅１号館,16.0,1986.0,40.0,A,継続活用,西成区南開２丁目６番１号,bldg_051f9c77-47dc-4414-ae04-03487c81254f,1,12.7,4.0,4.0,RC造,4.88,1.79,,176.0,4.88,1.43,2階まで,,PLATEAU建物,団地ごとの目視確認済み,34.651086,135.486564
西成区,天津橋住宅,天津橋住宅１号館,58.0,2017.0,9.0,A,継続活用,西成区南津守２丁目4番11号,,0,,,,,,,,,,,データなし,,位置のみ（建物なし）,団地ごとの目視確認済み,34.632228,135.479565
西成区,岸之里住宅,岸之里住宅１号館,30.0,1980.0,46.0,A,EV設置,西成区岸里東１丁目３０番１号,bldg_a965b6d4-4009-4622-91e8-6e7130e198ae,1,13.9,5.0,5.0,RC造,2.79,,,0.0,2.79,,1階まで,,PLATEAU建物,団地ごとの目視確認済み,34.631395,135.495884
西成区,岸之里住宅,岸之里住宅２号館,8.0,1980.0,46.0,A,継続活用,西成区岸里東２丁目１２番２号,bldg_c9fc17fd-c66a-4dca-86b6-16689894e12b,1,11.4,4.0,4.0,RC造,2.84,0.03,,0.0,2.84,,1階まで,,PLATEAU建物,団地ごとの目視確認済み,34.63066,135.496575
西成区,岸之里住宅,岸之里住宅３号館,10.0,1984.0,42.0,A,継続活用,西成区岸里東２丁目１３番３号,bldg_1f06ad5d-16ae-4cd5-ac85-d6aed02699fb bldg_29d3388d-3565-451d-8c7d-d68cb1ce8852,2,14.6,5.0,5.0,RC造,2.88,0.13,,0.0,2.88,,1階まで,,PLATEAU建物,団地ごとの目視確認で修正（2つの建物で1棟）,34.6307,135.496224
西成区,松之宮住宅,松之宮住宅１号館,,1980.0,46.0,A,建替(Ⅱ),西成区旭２丁目７番１号,bldg_d9e4f28d-d7e6-49a1-ae34-dba5073f1e97,1,12.0,4.0,4.0,RC造,3.86,0.6,,17.0,3.86,0.39,2階まで,,PLATEAU建物,団地ごとの目視確認済み,34.64493,135.490762
西成区,松之宮住宅,松之宮住宅２号館,,1980.0,46.0,A,建替(Ⅱ),西成区旭２丁目７番１号,bldg_d9e4f28d-d7e6-49a1-ae34-dba5073f1e97,1,12.0,4.0,4.0,RC造,3.86,0.6,,17.0,3.86,0.39,2階まで,,PLATEAU建物,団地ごとの目視確認済み,34.64493,135.490762
西成区,松之宮住宅,松之宮住宅３号館,31.0,2002.0,24.0,A,継続活用,西成区旭２丁目７番３号,bldg_83ac8f1a-88f2-4410-a127-fedd414a0628 bldg_65521cbd-57b0-4b82-9b9f-84d9b1f738f4,2,23.2,8.0,8.0,RC造,4.08,0.8,,67.0,4.08,0.61,2階まで,,PLATEAU建物,団地ごとの目視確認で修正（2つの建物で1棟）,34.644361,135.490477
西成区,松之宮住宅,松之宮住宅４号館,14.0,2009.0,17.0,A,継続活用,西成区旭３丁目２番４号,bldg_e7949a7a-7df5-4b67-b899-8e739645ace5,1,15.5,,5.0,不明,4.4,1.4,,145.0,4.4,0.95,2階まで,,PLATEAU建物,団地ごとの目視確認済み,34.64502,135.489146
西成区,松住宅,松住宅１号館,64.0,2008.0,18.0,A,継続活用,西成区松１丁目３番１号,bldg_52887475-decd-43f8-b482-fd03f82d3a0c,1,30.6,10.0,11.0,RC造,3.52,0.1,,0.0,3.52,0.09,2階まで,,PLATEAU建物,団地ごとの目視確認済み,34.640606,135.494676
西成区,津守住宅,津守住宅１号館,40.0,1970.0,56.0,B,建替(Ⅰ),西成区北津守２丁目５番１号,bldg_a7e3e454-034e-4fd9-96dc-75f0de4c3515,1,14.0,5.0,5.0,RC造,5.27,2.1,0.44,180.0,5.27,1.89,2階まで,,PLATEAU建物,団地ごとの目視確認済み,34.652591,135.482726
西成区,津守住宅,津守住宅２号館,35.0,1970.0,56.0,B,建替(Ⅰ),西成区北津守２丁目５番２号,bldg_978151c6-4814-470d-b1b2-2f6c7cb6eeab,1,14.0,5.0,5.0,RC造,5.34,2.1,0.44,179.0,5.34,1.89,2階まで,,PLATEAU建物,団地ごとの目視確認で修正,34.652616,135.482166
西成区,津守住宅,津守住宅３号館,20.0,1970.0,56.0,B,建替(Ⅱ),西成区北津守２丁目５番３号,bldg_34870e98-b3aa-4c81-90f4-551c57f17676 bldg_9b4b2d7d-e8ce-4005-a1af-4d1b465f89ca,2,14.0,5.0,5.0,RC造,5.47,2.29,0.63,180.0,5.47,2.01,2階まで,,PLATEAU建物,団地ごとの目視確認で修正（2つの建物で1棟）,34.652841,135.482833
西成区,津守住宅,津守住宅４号館,20.0,1970.0,56.0,B,建替(Ⅱ),西成区北津守２丁目５番４号,bldg_917c54eb-6465-4591-8368-4d774e639a35,1,13.9,5.0,5.0,RC造,5.37,2.1,0.43,179.0,5.37,1.92,2階まで,,PLATEAU建物,団地ごとの目視確認済み,34.652869,135.482267
西成区,津守住宅,津守住宅５号館,20.0,1970.0,56.0,B,建替(Ⅰ),西成区北津守２丁目５番５号,bldg_0b17a3b1-e1a0-43e7-949d-2e93d792f3c9,1,14.0,5.0,5.0,RC造,5.34,2.1,0.44,180.0,5.34,1.89,2階まで,,PLATEAU建物,団地ごとの目視確認済み,34.653121,135.482391
西成区,津守住宅,津守住宅６号館,15.0,1970.0,56.0,B,建替(Ⅰ),西成区北津守２丁目５番６号,bldg_8a7753fd-a32d-40e5-8077-90a92173a0ae,1,13.9,5.0,5.0,RC造,5.39,2.1,0.44,179.0,5.39,1.94,2階まで,,PLATEAU建物,団地ごとの目視確認済み,34.65337,135.482445
西成区,津守第３住宅,津守第３住宅１号館,40.0,1990.0,36.0,A,EV設置,西成区津守１丁目１２番１号,bldg_80d66427-59b7-466e-83d1-5da68ae0bb85,1,14.7,5.0,5.0,RC造,4.89,1.79,0.14,180.0,4.89,1.38,2階まで,,PLATEAU建物,団地ごとの目視確認済み,34.64771,135.483575
西成区,萩之茶屋住宅,萩之茶屋住宅１号館,,2018.0,8.0,A,継続活用,西成区萩之茶屋1丁目11番2号,bldg_2a6f1e23-4e46-48d7-83ce-ab15db939fbd,1,46.9,13.0,16.0,RC造,3.11,,,,3.11,,2階まで,,PLATEAU建物,団地ごとの目視確認済み,34.648826,135.500334
西成区,萩之茶屋住宅,萩之茶屋北住宅２号館,,2018.0,8.0,A,継続活用,西成区萩之茶屋1丁目11番2号,bldg_2a6f1e23-4e46-48d7-83ce-ab15db939fbd,1,46.9,13.0,16.0,RC造,3.11,,,,3.11,,2階まで,,PLATEAU建物,団地ごとの目視確認済み,34.648826,135.500334
西成区,萩之茶屋北住宅,萩之茶屋北住宅１号館,104.0,2016.0,10.0,A,継続活用,西成区萩之茶屋１丁目１１番２２号,bldg_13e9f74a-9245-4f81-b45c-66f9ea55d671,1,44.0,,15.0,不明,2.98,,,,2.98,,2階まで,,PLATEAU建物,団地ごとの目視確認済み,34.64752,135.499881
西成区,萩之茶屋第２住宅,萩之茶屋第２住宅１号館,108.0,,,,,西成区萩之茶屋１丁目１０番２０号,bldg_73804606-63a6-460d-ae22-9a09bd6dfd96,1,17.5,7.0,7.0,RC造,2.96,,,,2.96,,2階まで,,PLATEAU建物,団地ごとの目視確認済み,34.648432,135.500575
西成区,長橋第１住宅,長橋第１住宅１号館,103.0,2002.0,24.0,A,継続活用,西成区長橋２丁目１番１号,bldg_567e29f9-a03a-4e4c-9482-a14a350ce577 bldg_0af3e15c-c6c8-4af2-8ad3-a578c55421ef bldg_b412c5f5-7aec-49c1-9c68-09a04bb5b0f5,3,30.7,10.0,11.0,RC造,3.92,0.4,,6.0,3.92,0.46,2階まで,,PLATEAU建物,団地ごとの目視確認済み（3つの建物で1棟）,34.648698,135.492748
西成区,長橋第３住宅,長橋第３住宅１号館,76.0,1977.0,49.0,B,建替(Ⅰ),西成区長橋３丁目１番１号,bldg_5bafcb7e-d854-45fc-b1b0-2c752a1f7771,1,20.0,7.0,7.0,RC造,3.95,0.9,,72.0,3.95,0.64,2階まで,,PLATEAU建物,団地ごとの目視確認済み,34.649206,135.48966
西成区,長橋第３住宅,長橋第３住宅２号館,20.0,1986.0,40.0,A,継続活用,西成区長橋３丁目１番２号,bldg_2b396984-a737-4010-87de-fe4399fe9045,1,12.7,4.0,4.0,RC造,4.21,1.2,,103.0,4.21,0.65,2階まで,,PLATEAU建物,団地ごとの目視確認済み,34.648831,135.489894
西成区,長橋第３住宅,長橋第３住宅３号館,24.0,1986.0,40.0,A,継続活用,西成区長橋３丁目１番３号,bldg_e070b8c5-5503-403c-bc7b-e7918ea19939,1,12.8,4.0,4.0,RC造,4.22,1.29,,144.0,4.22,0.76,2階まで,,PLATEAU建物,団地ごとの目視確認済み,34.648837,135.489353
西成区,長橋第４住宅,長橋第４住宅１号館,36.0,1985.0,41.0,A,継続活用,西成区長橋１丁目８番１号,bldg_a7781e6a-5a4d-411f-bae0-fd3d007cc87f,1,13.1,4.0,5.0,RC造,3.52,0.29,,0.0,3.52,0.06,2階まで,,PLATEAU建物,団地ごとの目視確認済み,34.648364,135.494395
西成区,長橋第４住宅,長橋第４住宅２号館,27.0,1985.0,41.0,A,EV設置,西成区長橋１丁目８番２号,bldg_d191684c-e56a-4ba8-9e6f-db2efda73778,1,10.0,3.0,3.0,RC造,3.56,0.4,,0.0,3.56,0.11,2階まで,,PLATEAU建物,団地ごとの目視確認済み,34.648073,135.494379
西成区,長橋第５住宅,長橋第５住宅１号館,89.0,1995.0,31.0,A,継続活用,西成区長橋１丁目９番１号,bldg_2af5faef-277d-4a9a-92d4-a1339201e085,1,37.2,9.0,13.0,RC造,3.41,0.2,,0.0,3.41,0.12,2階まで,,PLATEAU建物,団地ごとの目視確認済み,34.649264,135.494534
西成区,長橋第５住宅,長橋第５住宅２号館,89.0,1993.0,33.0,A,継続活用,西成区長橋１丁目９番２号,bldg_d1c561bd-eaa3-4e89-b5bb-1caf52b0bb40,1,37.1,9.0,13.0,RC造,3.61,0.2,,0.0,3.61,0.15,2階まで,,PLATEAU建物,団地ごとの目視確認で修正,34.648727,135.494517
西成区,長橋第６住宅,長橋第６住宅１号館,31.0,2004.0,22.0,A,継続活用,西成区長橋２丁目５番１号,bldg_ac8d847a-863e-4f59-9e16-d44f781cee32,1,23.5,8.0,8.0,RC造,3.81,0.9,,75.0,3.81,0.35,2階まで,,PLATEAU建物,団地ごとの目視確認済み,34.648575,135.490705
西成区,長橋通住宅,長橋通住宅１号館,33.0,1999.0,27.0,A,継続活用,西成区長橋３丁目６番７号,bldg_9bcec1bf-ebb6-4369-8e03-24d7100e8660 bldg_6d247e30-563b-496a-8066-5e2dfa66493f,2,9.1,3.0,3.0,RC造,5.18,1.9,,178.0,5.18,1.72,2階まで,,PLATEAU建物,団地ごとの目視確認で修正（2つの建物で1棟）,34.648894,135.488737
西淀川区,中島住宅,中島住宅１号館,7.0,,,,,西淀川区中島１丁目１０番１号,bldg_71be9748-489a-4dc0-921f-0229f45567af,1,14.3,5.0,5.0,RC造,6.68,,,,6.68,1.55,3階まで,,PLATEAU建物,団地ごとの目視確認済み,34.703938,135.430369
西淀川区,中島住宅,中島住宅２号館,5.0,,,,,西淀川区中島１丁目１０番２号,bldg_cf9c22e3-8bf0-4c65-81ab-1162d2467c72,1,14.2,5.0,5.0,RC造,6.56,,,,6.56,1.43,3階まで,,PLATEAU建物,団地ごとの目視確認済み,34.704049,135.430696
西淀川区,中島第２住宅,中島第２住宅１号館,16.0,1979.0,47.0,A,継続活用,西淀川区中島１丁目４番１２号,bldg_1dfe1d31-e1e8-4b5f-93e1-1a6bec31e161,1,11.6,4.0,4.0,RC造,6.7,,,,6.7,1.57,3階まで,,PLATEAU建物,団地ごとの目視確認済み,34.705803,135.431645
西淀川区,中島第３住宅,中島第３住宅１号館,20.0,1981.0,45.0,A,継続活用,西淀川区中島１丁目１２番１５号,bldg_a6eb919a-4270-4b5b-b4d2-295ea5da0b0d,1,14.6,5.0,5.0,RC造,7.0,,,,7.0,1.87,3階まで,,PLATEAU建物,団地ごとの目視確認済み,34.704563,135.429199
西淀川区,佃住宅,佃住宅１号館,30.0,1967.0,59.0,A,建替(Ⅱ),西淀川区佃２丁目２番１号,bldg_eabf1733-9470-41f3-8a6f-3a5620b0e8f1,1,14.1,5.0,5.0,RC造,6.18,,,,6.18,1.85,3階まで,,PLATEAU建物,団地ごとの目視確認済み,34.712847,135.445697
西淀川区,佃住宅,佃住宅１０号館,40.0,1969.0,57.0,A,建替(Ⅰ),西淀川区佃２丁目２番１０号,bldg_68240cac-29ab-4ca9-b590-431f4fed46df,1,14.1,5.0,5.0,RC造,6.17,,,,6.17,1.77,3階まで,,PLATEAU建物,団地ごとの目視確認済み,34.712514,135.4468
西淀川区,佃住宅,佃住宅１１号館,40.0,1969.0,57.0,A,建替(Ⅰ),西淀川区佃２丁目２番１１号,bldg_2d530dd9-1989-42e2-a53b-82d37159def5,1,14.2,5.0,5.0,RC造,6.11,,,,6.11,1.69,3階まで,,PLATEAU建物,団地ごとの目視確認済み,34.712332,135.447016
西淀川区,佃住宅,佃住宅２号館,30.0,1967.0,59.0,A,建替(Ⅱ),西淀川区佃２丁目２番２号,bldg_760b8991-5a5a-4730-a406-1a7bd6d319ad,1,13.9,5.0,5.0,RC造,6.15,,,,6.15,1.81,3階まで,,PLATEAU建物,団地ごとの目視確認済み,34.712635,135.445875
西淀川区,佃住宅,佃住宅３号館,30.0,1967.0,59.0,A,建替(Ⅱ),西淀川区佃２丁目２番３号,bldg_681d6927-8bef-4758-ba51-c4e6b911a630,1,14.0,5.0,5.0,RC造,6.27,,,,6.27,1.9,3階まで,,PLATEAU建物,団地ごとの目視確認済み,34.712448,135.446093
西淀川区,佃住宅,佃住宅４号館,30.0,1969.0,57.0,A,建替(Ⅱ),西淀川区佃２丁目２番４号,bldg_2b7d8160-bc5e-4925-ba3c-30d79e99e518,1,14.2,5.0,5.0,RC造,6.14,,,,6.14,1.75,3階まで,,PLATEAU建物,団地ごとの目視確認済み,34.712252,135.446296
西淀川区,佃住宅,佃住宅５号館,30.0,1969.0,57.0,A,建替(Ⅱ),西淀川区佃２丁目２番５号,bldg_a12bdeb5-c95d-4e51-b993-fd7b1aabb1d4,1,14.1,5.0,5.0,RC造,6.24,,,,6.24,1.81,3階まで,,PLATEAU建物,団地ごとの目視確認済み,34.712078,135.446541
西淀川区,佃住宅,佃住宅６号館,60.0,1969.0,57.0,A,建替(Ⅱ),西淀川区佃２丁目２番６号,bldg_87c76a41-4d7d-4f8c-884d-ab6731ea8d35,1,14.2,5.0,5.0,RC造,6.12,,,,6.12,1.67,3階まで,,PLATEAU建物,団地ごとの目視確認済み,34.711788,135.446772
西淀川区,佃住宅,佃住宅７号館,30.0,1969.0,57.0,A,建替(Ⅰ),西淀川区佃２丁目２番７号,bldg_e4c5afbd-5d27-4cb8-8e3f-8793e7071ae5,1,14.0,5.0,5.0,RC造,6.19,,,,6.19,1.85,3階まで,,PLATEAU建物,団地ごとの目視確認済み,34.713066,135.446129
西淀川区,佃住宅,佃住宅８号館,30.0,1969.0,57.0,A,建替(Ⅰ),西淀川区佃２丁目２番８号,bldg_60749809-ed8c-4866-85a6-2bb2a1606fe5,1,14.1,5.0,5.0,RC造,6.1,,,,6.1,1.73,3階まで,,PLATEAU建物,団地ごとの目視確認済み,34.712886,135.44637
西淀川区,佃住宅,佃住宅９号館,30.0,1969.0,57.0,A,建替(Ⅰ),西淀川区佃２丁目２番９号,bldg_bc77312f-0364-4799-a4ad-923066324444,1,14.0,5.0,5.0,RC造,6.1,,,,6.1,1.72,3階まで,,PLATEAU建物,団地ごとの目視確認済み,34.712709,135.446601
西淀川区,佃第２住宅,佃第２住宅１号館,115.0,1999.0,27.0,A,継続活用,西淀川区佃４丁目４番１号,bldg_f94c4588-32de-42e8-84b7-2ab332cf9250,1,41.0,8.0,14.0,RC造,7.34,,,,7.34,3.18,3階まで,,PLATEAU建物,団地ごとの目視確認済み,34.711917,135.440307
西淀川区,出来島住宅,出来島住宅１号館,60.0,1978.0,48.0,A,継続活用,西淀川区出来島３丁目３番１号,bldg_f2562f28-4b64-452d-b58d-6d649d8e0137 bldg_4a3a0043-26b9-4a2d-9feb-eed960c1f135,2,17.4,6.0,6.0,RC造,4.41,0.51,,1.0,4.41,1.19,2階まで,,PLATEAU建物,団地ごとの目視確認で修正（2つの建物で1棟）,34.70404,135.432959
西淀川区,出来島住宅,出来島住宅２号館,112.0,1978.0,48.0,A,継続活用,西淀川区出来島３丁目３番２号,bldg_5aa213d4-8f28-4633-ac28-781710bca296,1,47.5,14.0,16.0,RC造,4.26,0.35,,0.0,4.26,1.02,2階まで,,PLATEAU建物,団地ごとの目視確認済み,34.704458,135.432696
西淀川区,出来島第２住宅,出来島第２住宅１号館,89.0,2005.0,21.0,A,継続活用,西淀川区出来島１丁目３番１号,bldg_43746c8d-f10d-474f-acc8-faa232eed353,1,33.6,,12.0,不明,6.29,1.91,0.42,134.0,6.29,2.25,3階まで,,PLATEAU建物,団地ごとの目視確認済み,34.705779,135.438822
西淀川区,出来島第２住宅,出来島第２住宅２号館,99.0,2005.0,21.0,A,継続活用,西淀川区出来島１丁目３番２号,bldg_00e9a274-8a0e-44d9-a252-496e50936c70,1,32.8,,11.0,不明,6.31,2.07,0.62,145.0,6.31,2.31,3階まで,,PLATEAU建物,団地ごとの目視確認済み,34.706409,135.439308
西淀川区,大和田第１住宅,大和田第１住宅１号館,112.0,2005.0,21.0,A,継続活用,西淀川区大和田５丁目３番１０号,bldg_c97bb0d7-9384-49b6-a611-162450a7aa26,1,25.5,,9.0,不明,7.32,3.38,2.02,178.0,7.32,3.34,3階まで,,PLATEAU建物,団地ごとの目視確認済み,34.706395,135.4421
西淀川区,大和田第１住宅,大和田第１住宅２号館,110.0,2004.0,22.0,A,継続活用,西淀川区大和田５丁目２番２０号,bldg_50d13f2b-6b14-4f18-a638-2036356d9ab9 bldg_c6e9fb81-a6b6-4437-b896-634d83dc5240,2,30.7,,11.0,不明,7.37,3.51,2.11,181.0,7.37,3.41,3階まで,,PLATEAU建物,団地ごとの目視確認で修正（2つの建物で1棟）,34.706189,135.442541
西淀川区,大和田第３住宅,大和田第３住宅１号館,208.0,2012.0,14.0,A,継続活用,西淀川区大和田２丁目４番１号,bldg_f70ee178-c856-46a5-a729-ff4a476ed660 bldg_baa33196-44af-45bd-a507-4867a9cff06a bldg_a6bc9436-4468-46cc-a139-0ddd1dedfcf3,3,42.4,5.0,15.0,不明,5.64,1.61,0.19,106.0,5.64,1.64,2階まで,,PLATEAU建物,団地ごとの目視確認で修正（3つの建物で1棟）,34.70379,135.44331
西淀川区,大和田第３住宅,大和田第３住宅６号館,19.0,1995.0,31.0,A,継続活用,西淀川区大和田２丁目４番６号,bldg_c6235371-3ae1-4a2b-9c9c-6c8372499e8c bldg_34e2329c-766e-4288-a125-12cb29cbb4e8,2,14.7,5.0,5.0,RC造,5.95,2.27,0.36,154.0,5.95,1.94,3階まで,,PLATEAU建物,団地ごとの目視確認で修正（2つの建物で1棟）,34.704178,135.442827
西淀川区,大野住宅,大野住宅１号館,40.0,1995.0,31.0,A,継続活用,西淀川区大野３丁目７番１１号,bldg_783189c2-8a73-439c-bf9c-a4d2305cd3bb,1,14.4,5.0,5.0,RC造,6.8,2.77,,162.0,6.8,2.82,3階まで,,PLATEAU建物,団地ごとの目視確認済み,34.698082,135.439222
西淀川区,姫島住宅,姫島住宅１号館,122.0,1974.0,52.0,A,継続活用,西淀川区姫島６丁目５番２０号,bldg_77f97dbb-ebc7-4e83-acc8-12eb5a4f1ad7,1,38.8,11.0,13.0,RC造,6.53,2.75,1.32,166.0,6.53,2.66,3階まで,,PLATEAU建物,団地ごとの目視確認済み,34.701626,135.447648
西淀川区,姫島第１住宅,姫島第１住宅１号館,38.0,2002.0,24.0,A,継続活用,西淀川区姫島６丁目１０番１号,bldg_c5bac95a-708e-4868-9951-57c80fbb4ca1,1,22.5,8.0,8.0,RC造,7.06,3.01,1.62,172.0,7.06,3.07,3階まで,,PLATEAU建物,団地ごとの目視確認済み,34.7024,135.445647
西淀川区,姫島第３住宅,姫島第３住宅１号館,112.0,2005.0,21.0,A,継続活用,西淀川区姫島６丁目９番３８号,bldg_da623bd4-892d-4398-8908-815dd2d9dd4a,1,34.6,,12.0,不明,6.26,2.4,0.73,158.0,6.26,2.3,3階まで,,PLATEAU建物,団地ごとの目視確認済み,34.704118,135.44731
西淀川区,姫里住宅,姫里住宅１号館,28.0,2009.0,17.0,A,継続活用,西淀川区姫里１丁目３番４１号,bldg_e2f3b3cd-f209-4699-b9a7-f3b1e2fce254,1,15.0,5.0,5.0,RC造,5.86,2.29,0.82,158.0,5.86,2.01,3階まで,,PLATEAU建物,団地ごとの目視確認済み,34.70356,135.46103
西淀川区,御幣島住宅,御幣島住宅１号館,111.0,1977.0,49.0,A,継続活用,西淀川区御幣島６丁目１０番１号,bldg_63f5c25c-6108-4b2f-92cf-ec38cf142dc9,1,35.9,10.0,12.0,RC造,6.03,2.32,0.92,158.0,6.03,2.36,3階まで,,PLATEAU建物,団地ごとの目視確認済み,34.721498,135.454298
西淀川区,御幣島住宅,御幣島住宅２号館,63.0,1977.0,49.0,A,継続活用,西淀川区御幣島６丁目１０番２号,bldg_7afc6a7b-d4f2-499c-b2c3-8790b87816e2 bldg_462eac41-4989-4937-88e7-ff69a8016119,2,20.0,7.0,7.0,RC造,5.98,2.56,0.97,164.0,5.98,2.26,3階まで,,PLATEAU建物,団地ごとの目視確認で修正（2つの建物で1棟）,34.721108,135.454338
西淀川区,御幣島住宅,御幣島住宅３号館,10.0,1981.0,45.0,A,継続活用,西淀川区御幣島６丁目９番３号,bldg_48b5415c-d550-4144-a3d4-f97e42e27f7a,1,13.9,5.0,5.0,RC造,6.17,2.68,1.22,167.0,6.17,2.5,3階まで,,PLATEAU建物,団地ごとの目視確認済み,34.721713,135.455395
西淀川区,御幣島住宅,御幣島住宅４号館,10.0,1981.0,45.0,A,継続活用,西淀川区御幣島６丁目９番４号,bldg_bf36a46c-84ee-470a-87d6-3bfe4e03cdc2,1,14.0,5.0,5.0,RC造,6.24,2.65,1.22,166.0,6.24,2.57,3階まで,,PLATEAU建物,団地ごとの目視確認済み,34.721657,135.455079
西淀川区,御幣島住宅,御幣島住宅５号館,89.0,1980.0,46.0,A,継続活用,西淀川区御幣島６丁目８番５号,bldg_096b5a52-53e2-42f0-b8b7-e2f5c3c1c08e,1,38.6,11.0,13.0,RC造,6.09,2.63,1.12,166.0,6.09,2.42,3階まで,,PLATEAU建物,団地ごとの目視確認済み,34.720384,135.455336
西淀川区,御幣島住宅,御幣島住宅６号館,63.0,1980.0,46.0,A,継続活用,西淀川区御幣島６丁目７番６号,bldg_06cd1943-6b06-4ed2-95ca-a3d6ca1e0c0e,1,20.2,7.0,7.0,RC造,5.93,2.41,1.02,160.0,5.93,2.26,3階まで,,PLATEAU建物,団地ごとの目視確認済み,34.720543,135.45455
西淀川区,御幣島東住宅,御幣島東住宅１号館,132.0,1981.0,45.0,A,継続活用,西淀川区御幣島３丁目９番１号,bldg_f0f87515-b65b-4ea6-8d21-6bc1ed5aaa42,1,41.6,11.0,14.0,RC造,6.17,2.34,0.92,160.0,6.17,2.48,3階まで,,PLATEAU建物,団地ごとの目視確認済み,34.716909,135.460104
西淀川区,御幣島東住宅,御幣島東住宅２号館,91.0,1983.0,43.0,A,継続活用,西淀川区御幣島３丁目１０番２号,bldg_8421d2ab-4e0c-4872-a346-5c625c7c5795,1,36.5,9.0,13.0,RC造,6.2,2.35,1.02,160.0,6.2,2.46,3階まで,,PLATEAU建物,団地ごとの目視確認済み,34.717463,135.460347
西淀川区,御幣島西住宅,御幣島西住宅１号館,10.0,1983.0,43.0,A,継続活用,西淀川区御幣島４丁目１８番１８号,bldg_2352c588-1b8d-4bc6-81fe-12d280cec396,1,14.5,5.0,5.0,RC造,5.87,2.47,0.99,162.0,5.87,2.2,3階まで,,PLATEAU建物,団地ごとの目視確認済み,34.718352,135.453534
西淀川区,御幣島西住宅,御幣島西住宅２号館,30.0,1983.0,43.0,A,継続活用,西淀川区御幣島４丁目１８番１４号,bldg_d49cd80e-32ba-4e4d-8768-0ac8a9330881,1,14.6,5.0,5.0,RC造,5.96,2.44,0.92,161.0,5.96,2.29,3階まで,,PLATEAU建物,団地ごとの目視確認済み,34.718629,135.45338
西淀川区,柏里住宅,柏里住宅１号館,40.0,1965.0,61.0,A,建替(Ⅰ),西淀川区柏里３丁目１７番１号,bldg_4cdcf33b-5dfc-4d16-88f8-9c3c88d61ad1 bldg_f66aada8-74d7-4be4-947a-45fe3c36574d,2,14.7,5.0,5.0,RC造,5.46,2.1,0.29,124.0,5.46,1.62,2階まで,,PLATEAU建物,団地ごとの目視確認で修正（2つの建物で1棟）,34.712824,135.465065
西淀川区,柏里住宅,柏里住宅２号館,30.0,,,,,西淀川区柏里３丁目１７番２号,bldg_08d97132-fbc2-44bf-888a-afbb28a18d62,1,14.3,5.0,5.0,RC造,5.34,1.93,0.1,107.0,5.34,1.65,2階まで,,PLATEAU建物,団地ごとの目視確認済み,34.713081,135.465419
西淀川区,柏里住宅,柏里住宅３号館,30.0,,,,,西淀川区柏里３丁目１７番３号,bldg_01a201a3-7174-4e6b-b009-0d10c55ba0b3 bldg_504edd20-81de-4b42-8f84-1aa2bcc066f5,2,14.3,5.0,5.0,RC造,5.37,2.09,0.22,122.0,5.37,1.68,2階まで,,PLATEAU建物,団地ごとの目視確認で修正（2つの建物で1棟）,34.712836,135.46552
西淀川区,柏里住宅,柏里住宅４号館,30.0,,,,,西淀川区柏里３丁目１７番４号,bldg_59a1538b-0ef2-444e-8889-099a9aaae3b9,1,14.2,5.0,5.0,RC造,5.46,2.1,0.21,120.0,5.46,1.81,2階まで,,PLATEAU建物,団地ごとの目視確認済み,34.712595,135.465642
西淀川区,柏里第２住宅,柏里第２住宅１号館,54.0,1975.0,51.0,A,継続活用,西淀川区柏里３丁目１６番１号,bldg_bff522da-5395-430f-a128-2ea83ba338c2,1,35.8,9.0,12.0,RC造,5.3,1.92,0.02,102.0,5.3,1.6,2階まで,,PLATEAU建物,団地ごとの目視確認済み,34.713257,135.46602
西淀川区,柏里第２住宅,柏里第２住宅２号館,20.0,1977.0,49.0,A,継続活用,西淀川区柏里３丁目８番２号,bldg_8725d6e6-6365-4f51-8fd8-5fd6c8a9d7fc,1,14.2,5.0,5.0,RC造,5.64,2.38,0.42,142.0,5.64,2.0,2階まで,,PLATEAU建物,団地ごとの目視確認済み,34.712215,135.465327
西淀川区,柏里第２住宅,柏里第２住宅３号館,30.0,1978.0,48.0,A,継続活用,西淀川区柏里３丁目８番３号,bldg_39481569-9dc2-46e3-9277-06f88a1c6e04,1,14.0,5.0,5.0,RC造,5.52,2.27,0.42,133.0,5.52,1.82,2階まで,,PLATEAU建物,団地ごとの目視確認済み,34.71232,135.465717
西淀川区,柏里第２住宅,柏里第２住宅４号館,56.0,1979.0,47.0,A,継続活用,西淀川区柏里３丁目１５番４号,bldg_68f4d70d-e852-46bd-9885-16755b761064,1,20.0,7.0,7.0,RC造,5.31,2.06,0.22,112.0,5.31,1.61,2階まで,,PLATEAU建物,団地ごとの目視確認済み,34.712926,135.46631
西淀川区,柏里第２住宅,柏里第２住宅５号館,49.0,1981.0,45.0,A,継続活用,西淀川区柏里３丁目９番５号,bldg_6098e968-9bd5-4410-96d6-e20609eef146,1,20.0,7.0,7.0,RC造,5.39,2.13,0.25,118.0,5.39,1.71,2階まで,,PLATEAU建物,団地ごとの目視確認済み,34.712568,135.466461
西淀川区,柏里第２住宅,柏里第２住宅６号館,45.0,1981.0,45.0,A,継続活用,西淀川区柏里３丁目１４番６号,bldg_4105923f-29c3-426b-a9ad-b873dd5cf665,1,35.4,9.0,12.0,RC造,5.64,2.29,0.32,136.0,5.64,1.94,2階まで,,PLATEAU建物,団地ごとの目視確認済み,34.713502,135.466819
西淀川区,柏里第２住宅,柏里第２住宅７号館,49.0,1984.0,42.0,A,継続活用,西淀川区柏里３丁目２番７号,bldg_9e5e332b-3a1f-452b-9654-d41582499e2e,1,14.2,5.0,5.0,RC造,5.42,2.01,0.12,103.0,5.42,1.67,2階まで,,PLATEAU建物,団地ごとの目視確認済み,34.712248,135.466574
西淀川区,柏里第２住宅,柏里第２住宅８号館,20.0,1987.0,39.0,A,継続活用,西淀川区柏里３丁目１番８号,bldg_0ccf5b38-3b7c-481c-96ca-ac3690ffaadc,1,40.0,,14.0,不明,5.63,2.97,0.83,156.0,5.63,1.93,2階まで,,PLATEAU建物,団地ごとの目視確認済み,34.712135,135.467691
西淀川区,歌島住宅,歌島住宅１号館,20.0,1986.0,40.0,A,継続活用,西淀川区歌島４丁目４番１号,bldg_16d4a77d-44e0-4855-9e77-523eaa4a2c83,1,12.1,4.0,4.0,RC造,6.02,2.35,0.92,160.0,6.02,2.34,3階まで,,PLATEAU建物,団地ごとの目視確認済み,34.717186,135.461716
西淀川区,歌島住宅,歌島住宅２号館,30.0,1986.0,40.0,A,継続活用,西淀川区歌島４丁目３番２号,bldg_93331580-4542-4b7e-916b-963480820ac3,1,14.7,5.0,5.0,RC造,5.88,2.25,0.72,157.0,5.88,2.2,3階まで,,PLATEAU建物,団地ごとの目視確認済み,34.7176,135.46217
西淀川区,歌島住宅,歌島住宅３号館,30.0,1986.0,40.0,A,継続活用,西淀川区歌島４丁目３番３号,bldg_63962b6d-3fea-4981-8edb-85580e114086,1,12.0,5.0,5.0,RC造,5.77,2.18,0.75,155.0,5.77,2.09,2階まで,,PLATEAU建物,団地ごとの目視確認済み,34.717362,135.462325
西淀川区,歌島住宅,歌島住宅４号館,30.0,1986.0,40.0,A,継続活用,西淀川区歌島４丁目２番４号,bldg_1ea89a08-25fe-4226-8b4f-e8c59c8bd83b,1,14.8,5.0,5.0,RC造,5.77,2.07,0.62,148.0,5.77,2.08,2階まで,,PLATEAU建物,団地ごとの目視確認済み,34.717846,135.462849
西淀川区,歌島住宅,歌島住宅５号館,30.0,1986.0,40.0,A,継続活用,西淀川区歌島４丁目２番５号,bldg_003459b8-d4bc-40f0-ae8b-7ba0b2ac2587,1,14.8,5.0,5.0,RC造,5.58,2.01,0.62,144.0,5.58,1.9,2階まで,,PLATEAU建物,団地ごとの目視確認済み,34.71756,135.463001
西淀川区,歌島北住宅,歌島北住宅１号館,40.0,1987.0,39.0,A,継続活用,西淀川区歌島４丁目８番１号,bldg_f7468bf5-3b3c-49e4-a5aa-41cbd1961cea,1,14.7,5.0,5.0,RC造,6.14,2.54,1.12,165.0,6.14,2.47,3階まで,,PLATEAU建物,団地ごとの目視確認済み,34.719168,135.461322
西淀川区,歌島北住宅,歌島北住宅２号館,38.0,1987.0,39.0,A,継続活用,西淀川区歌島４丁目８番２号,bldg_5343a90b-e0ca-42ed-8352-3fb082cc5f4e,1,14.6,5.0,5.0,RC造,6.3,2.55,1.12,165.0,6.3,2.63,3階まで,,PLATEAU建物,団地ごとの目視確認済み,34.719486,135.461141
西淀川区,歌島第２住宅,歌島第２住宅１号館,57.0,1974.0,52.0,A,継続活用,西淀川区歌島３丁目６番１号,bldg_957282d7-36c9-4129-860a-b46f76f0e354,1,23.2,8.0,8.0,RC造,5.64,1.97,0.62,141.0,5.64,1.96,2階まで,,PLATEAU建物,団地ごとの目視確認済み,34.713431,135.459259
西淀川区,歌島第２住宅,歌島第２住宅２号館,64.0,1980.0,46.0,A,継続活用,西淀川区歌島３丁目６番２号,bldg_02c057ef-d5d4-4a64-8c67-29e6296d8248,1,23.5,8.0,8.0,RC造,5.6,2.08,0.62,149.0,5.6,1.91,2階まで,,PLATEAU建物,団地ごとの目視確認済み,34.71315,135.459859
西淀川区,歌島第２住宅,歌島第２住宅３号館,48.0,1986.0,40.0,A,継続活用,西淀川区歌島３丁目６番３号,bldg_01187782-77d7-48c0-8d21-9bfff9527d39,1,23.9,8.0,8.0,RC造,5.73,2.15,0.69,154.0,5.73,2.04,2階まで,,PLATEAU建物,団地ごとの目視確認済み,34.712794,135.46028
西淀川区,歌島第２住宅,歌島第２住宅４号館,48.0,1986.0,40.0,A,継続活用,西淀川区歌島３丁目２番４号,bldg_84a4d6ad-8561-4c21-9cd0-a29af6a2f4c9,1,23.9,8.0,8.0,RC造,5.94,2.4,0.92,161.0,5.94,2.25,3階まで,,PLATEAU建物,団地ごとの目視確認済み,34.712276,135.460218
西淀川区,歌島第２住宅,歌島第２住宅５号館,48.0,1983.0,43.0,A,継続活用,西淀川区歌島３丁目５番５号,bldg_937dee3b-2ca5-4af9-ae04-eda73c8c3c93,1,23.5,8.0,8.0,RC造,5.53,2.09,0.52,150.0,5.53,1.84,2階まで,,PLATEAU建物,団地ごとの目視確認済み,34.71276,135.459463
西淀川区,歌島第２住宅,歌島第２住宅６号館,32.0,1983.0,43.0,A,継続活用,西淀川区歌島３丁目５番６号,bldg_c49faeba-2417-4d04-ade2-6f67e9876f36 bldg_e1a1eaf0-b20a-458d-95b7-f76abed1a94d,2,23.6,8.0,8.0,RC造,5.61,2.09,0.65,150.0,5.61,1.99,2階まで,,PLATEAU建物,団地ごとの目視確認で修正（2つの建物で1棟）,34.713053,135.458966
西淀川区,神崎川住宅,神崎川住宅１号館,34.0,2002.0,24.0,A,継続活用,西淀川区千舟３丁目４番１号,bldg_417d7df2-6b90-42ec-8392-cf30f8075425,1,14.4,5.0,5.0,RC造,6.41,2.63,1.22,165.0,6.41,2.64,3階まで,,PLATEAU建物,団地ごとの目視確認済み,34.709361,135.450361
西淀川区,神崎川住宅,神崎川住宅２号館,30.0,2002.0,24.0,A,継続活用,西淀川区千舟３丁目４番２号,bldg_e8511c69-239a-4fb3-a58f-665313274e3b,1,14.4,5.0,5.0,RC造,6.4,2.57,1.22,164.0,6.4,2.62,3階まで,,PLATEAU建物,団地ごとの目視確認済み,34.709157,135.450847
西淀川区,福第２住宅,福第２住宅1号館,28.0,2020.0,6.0,A,継続活用,西淀川区福町２丁目１２番４号,,0,,,,,,,,,,,データなし,,位置のみ（建物なし）,団地ごとの目視確認済み,34.696527,135.441627
西淀川区,福第２住宅,福第２住宅４号館,18.0,1975.0,51.0,A,継続活用,西淀川区福町２丁目１２番４号,bldg_f8b8c7d3-2846-4ad8-b772-b4391b304eac,1,11.7,4.0,4.0,RC造,7.15,3.26,,172.0,7.15,3.07,3階まで,,PLATEAU建物,団地ごとの目視確認済み,34.696149,135.441323
都島区,内代住宅,内代住宅１号館,16.0,1977.0,49.0,A,継続活用,都島区内代町４丁目１番２９号,bldg_0d7256ac-6092-4685-ad33-d05330267380,1,11.4,4.0,4.0,RC造,2.58,2.58,,85.0,1.11,,1階まで,,PLATEAU建物,団地ごとの目視確認済み,34.714812,135.536466
都島区,内代第２住宅,内代第２住宅１号館,54.0,1998.0,28.0,A,継続活用,都島区内代町２丁目１５番３０号,bldg_b0fc04a6-a7ba-46f1-bfae-2f7bbcac96d9,1,20.5,7.0,7.0,RC造,2.47,2.47,,83.0,1.09,,1階まで,,PLATEAU建物,団地ごとの目視確認済み,34.711906,135.536203
都島区,友渕住宅,友渕住宅１号館,197.0,1978.0,48.0,A,継続活用,都島区友渕町１丁目３番１号,bldg_756101be-f91a-4fef-b359-37c92e09e6c7,1,50.9,14.0,18.0,RC造,2.85,2.85,,74.0,0.7,,1階まで,,PLATEAU建物,団地ごとの目視確認済み,34.720736,135.526563
都島区,友渕住宅,友渕住宅２号館,140.0,1978.0,48.0,A,継続活用,都島区友渕町１丁目３番２号,bldg_5056b326-ac66-49b2-9b68-9b6f4c8038d2,1,50.7,14.0,17.0,RC造,2.64,2.64,,68.0,0.49,,1階まで,,PLATEAU建物,団地ごとの目視確認済み,34.720548,135.527247
都島区,御幸住宅,御幸住宅１号館,84.0,1976.0,50.0,A,継続活用,都島区御幸町１丁目７番１号,bldg_c722aa48-4fe9-480a-bc1b-7ba9d7b002cd,1,20.2,7.0,7.0,RC造,2.46,2.46,,82.0,0.99,,1階まで,,PLATEAU建物,団地ごとの目視確認済み,34.713892,135.534505
都島区,御幸住宅,御幸住宅１０号館,20.0,1977.0,49.0,A,継続活用,都島区御幸町２丁目１２番１０号,bldg_ba26d695-c179-425f-bc4a-0dee0b169430,1,13.9,5.0,5.0,RC造,2.68,2.68,,85.0,1.24,0.06,1階まで,,PLATEAU建物,団地ごとの目視確認済み,34.717361,135.533112
都島区,御幸住宅,御幸住宅１１号館,20.0,1977.0,49.0,A,継続活用,都島区御幸町２丁目１２番１１号,bldg_35620d09-61d6-4fae-a9f9-a4de3589dc22,1,14.0,5.0,5.0,RC造,2.61,2.61,,84.0,1.11,0.01,1階まで,,PLATEAU建物,団地ごとの目視確認済み,34.717327,135.533624
都島区,御幸住宅,御幸住宅１２号館,10.0,1984.0,42.0,A,継続活用,都島区御幸町２丁目８番１２号,bldg_7f130044-7d7b-4655-a6e9-00f9605b69a6,1,14.0,5.0,5.0,RC造,2.6,2.6,,84.0,1.11,,1階まで,,PLATEAU建物,団地ごとの目視確認済み,34.71643,135.533801
都島区,御幸住宅,御幸住宅２号館,98.0,1976.0,50.0,A,継続活用,都島区御幸町１丁目１０番２号,bldg_6f51130f-be27-4a89-b34b-c4992478ea99,1,20.0,7.0,7.0,RC造,2.43,2.43,,81.0,1.08,,1階まで,,PLATEAU建物,団地ごとの目視確認済み,34.714297,135.534472
都島区,御幸住宅,御幸住宅３号館,49.0,1976.0,50.0,A,継続活用,都島区御幸町２丁目５番３号,bldg_b5edff69-c381-4c97-8c35-67708b7f70d3,1,19.9,7.0,7.0,RC造,2.75,2.75,,88.0,1.22,0.08,1階まで,,PLATEAU建物,団地ごとの目視確認済み,34.715825,135.533578
都島区,御幸住宅,御幸住宅４号館,20.0,1977.0,49.0,A,継続活用,都島区御幸町２丁目４番４号,bldg_153d5632-0370-41f1-8cd2-0cbabf83f615,1,13.9,5.0,5.0,RC造,2.67,2.67,,86.0,1.27,0.02,1階まで,,PLATEAU建物,団地ごとの目視確認済み,34.715503,135.53366
都島区,御幸住宅,御幸住宅５号館,30.0,1977.0,49.0,A,継続活用,都島区御幸町２丁目６番５号,bldg_b012e44c-720e-4570-8b46-ed0def7c4f41,1,13.9,5.0,5.0,RC造,2.75,2.75,,88.0,1.27,0.02,1階まで,,PLATEAU建物,団地ごとの目視確認済み,34.715848,135.534282
都島区,御幸住宅,御幸住宅６号館,30.0,1977.0,49.0,A,継続活用,都島区御幸町２丁目７番６号,bldg_f4a780f4-e7d2-424f-a427-8840fed5f0da,1,13.9,5.0,5.0,RC造,2.69,2.69,,86.0,1.07,,1階まで,,PLATEAU建物,団地ごとの目視確認済み,34.71627,135.534321
都島区,御幸住宅,御幸住宅７号館,19.0,1984.0,42.0,A,継続活用,都島区御幸町２丁目８番７号,bldg_eb7d15a7-4bd1-4c44-b51b-e0bb677eedab,1,14.1,5.0,5.0,RC造,2.63,2.63,,85.0,1.17,,1階まで,,PLATEAU建物,団地ごとの目視確認済み,34.716269,135.533689
都島区,御幸住宅,御幸住宅８号館,30.0,1977.0,49.0,A,継続活用,都島区御幸町２丁目１０番８号,bldg_6aae64ec-2230-4c1a-9a1f-dcd42c49841f,1,14.0,5.0,5.0,RC造,2.56,2.56,,83.0,1.07,,1階まで,,PLATEAU建物,団地ごとの目視確認済み,34.716771,135.534374
都島区,御幸住宅,御幸住宅９号館,30.0,1977.0,49.0,A,継続活用,都島区御幸町２丁目９番９号,bldg_6da5795d-3490-4423-bfdb-93198852ce89,1,13.9,5.0,5.0,RC造,2.72,2.72,,87.0,1.37,0.05,1階まで,,PLATEAU建物,団地ごとの目視確認済み,34.716838,135.533189
都島区,桜宮住宅,桜宮住宅１号館,103.0,1974.0,52.0,A,継続活用,都島区中野町４丁目２番２４号,bldg_68d8ad3d-34b0-4fd3-a0ee-a9d1b132b547,1,39.1,11.0,13.0,RC造,2.25,2.25,,76.0,0.89,,1階まで,,PLATEAU建物,団地ごとの目視確認済み,34.70185,135.523861
都島区,毛馬住宅,毛馬住宅１号館,127.0,1974.0,52.0,A,継続活用,都島区毛馬町２丁目１１番１１号,bldg_6c79b278-f3ba-42c5-b465-e818ee5f632a,1,35.1,9.0,12.0,RC造,3.28,3.28,,58.0,0.56,,2階まで,,PLATEAU建物,団地ごとの目視確認済み,34.724186,135.524366
都島区,毛馬住宅,毛馬住宅２号館,127.0,1975.0,51.0,A,継続活用,都島区毛馬町２丁目１１番１２号,bldg_205b2171-66bf-40c7-8793-9c9fc89c347f,1,35.2,9.0,12.0,RC造,3.08,3.08,,39.0,0.49,,2階まで,,PLATEAU建物,団地ごとの目視確認済み,34.724326,135.523185
都島区,毛馬住宅,毛馬住宅３号館,196.0,1977.0,49.0,A,継続活用,都島区毛馬町２丁目１１番１３号,bldg_d87aaac8-2aa5-4de0-b2ad-5c06fa4e0678,1,39.1,11.0,13.0,RC造,2.78,2.78,,42.0,0.26,,1階まで,,PLATEAU建物,団地ごとの目視確認済み,34.723214,135.524388
都島区,毛馬住宅,毛馬住宅６号館,90.0,1998.0,28.0,A,継続活用,都島区毛馬町４丁目６番６号,bldg_a9b91698-37d7-4cba-8f39-f674ef365ffb bldg_2e8782ed-e3e9-4544-a130-ccc7b8782a27,2,38.2,10.0,13.0,RC造,3.38,3.38,,76.0,0.66,,2階まで,,PLATEAU建物,団地ごとの目視確認で修正（2つの建物で1棟）,34.724657,135.522072
都島区,毛馬住宅,毛馬住宅７号館,24.0,1989.0,37.0,A,継続活用,都島区毛馬町４丁目５番７号,bldg_df5e6397-d29d-48be-b720-fce6f98f32cf,1,15.0,5.0,5.0,RC造,3.28,3.28,,67.0,0.81,,2階まで,,PLATEAU建物,団地ごとの目視確認済み,34.72421,135.522329
都島区,毛馬住宅,毛馬住宅８号館,15.0,1991.0,35.0,A,継続活用,都島区毛馬町４丁目４番８号,bldg_2f2aeada-3023-4dbe-a2b7-dbd81bdcc6cc,1,12.1,4.0,4.0,RC造,3.27,3.27,,74.0,1.03,,2階まで,,PLATEAU建物,団地ごとの目視確認済み,34.723632,135.521744
都島区,毛馬南住宅,毛馬南住宅１号館,29.0,1993.0,33.0,A,継続活用,都島区毛馬町１丁目２１番３号,bldg_b4ef28f1-3a0e-4df5-83f1-ffe3788b25cc bldg_6cafa481-91ac-4a5c-94d9-ce13a1bff5d2,2,27.8,6.0,10.0,RC造,0.68,0.68,,8.0,0.42,,1階まで,,PLATEAU建物,団地ごとの目視確認で修正（2つの建物で1棟）,34.719769,135.519821
都島区,毛馬東住宅,毛馬東住宅１号館,16.0,1977.0,49.0,A,継続活用,都島区毛馬町５丁目１番１６号,bldg_910dfe72-2e22-410c-8b89-00513527fd4f,1,11.8,4.0,4.0,RC造,4.04,4.04,,71.0,0.54,,2階まで,,PLATEAU建物,団地ごとの目視確認済み,34.725327,135.526348
都島区,毛馬東住宅,毛馬東住宅２号館,16.0,1977.0,49.0,A,継続活用,都島区毛馬町５丁目３番１４号,bldg_03eb5f4a-52ee-403c-84ee-0134818ad7ec,1,11.7,4.0,4.0,RC造,4.18,4.18,,77.0,0.53,,2階まで,,PLATEAU建物,団地ごとの目視確認済み,34.725585,135.526001
都島区,毛馬東住宅,毛馬東住宅３号館,20.0,1980.0,46.0,A,継続活用,都島区毛馬町５丁目９番２２号,bldg_e2e66af4-ae05-49cb-bde9-5c6c25dc4cd3,1,14.2,5.0,5.0,RC造,4.86,4.86,,82.0,0.59,,2階まで,,PLATEAU建物,団地ごとの目視確認済み,34.726428,135.525593
都島区,毛馬東住宅,毛馬東住宅４号館,10.0,1980.0,46.0,A,継続活用,都島区毛馬町５丁目９番１４号,bldg_196323bc-51a6-4cf5-9a91-89bf2c58cc84,1,14.2,5.0,5.0,RC造,5.04,5.04,,79.0,0.7,,2階まで,,PLATEAU建物,団地ごとの目視確認済み,34.726873,135.524925
都島区,毛馬東住宅,毛馬東住宅５号館,40.0,1980.0,46.0,A,継続活用,都島区毛馬町５丁目１０番９号,bldg_35a1396b-2b69-450d-bb8b-f3dd77b1ebd0,1,14.2,5.0,5.0,RC造,4.55,4.55,,72.0,0.51,,2階まで,,PLATEAU建物,団地ごとの目視確認済み,34.726036,135.524711
都島区,毛馬東住宅,毛馬東住宅６号館,40.0,1979.0,47.0,A,継続活用,都島区毛馬町５丁目１２番１７号,bldg_3faf9000-e83f-4424-bb82-b2fb7503c18f,1,14.3,5.0,5.0,RC造,4.36,4.36,,68.0,0.44,,2階まで,,PLATEAU建物,団地ごとの目視確認済み,34.726348,135.524325
都島区,毛馬東住宅,毛馬東住宅７号館,40.0,1979.0,47.0,A,継続活用,都島区毛馬町５丁目１３番１５号,bldg_430fb967-f3e2-4b3b-b6aa-91f6cbc466ac,1,14.4,6.0,6.0,RC造,4.09,4.09,,75.0,0.7,,2階まで,,PLATEAU建物,団地ごとの目視確認済み,34.725802,135.523735
都島区,毛馬第２住宅,毛馬第２住宅１号館,20.0,1976.0,50.0,A,継続活用,都島区毛馬町５丁目１６番１号,bldg_9dc6338f-721d-40ba-94ae-6980bca41838,1,14.1,5.0,5.0,RC造,3.62,3.62,,71.0,0.78,,2階まで,,PLATEAU建物,団地ごとの目視確認済み,34.725135,135.522531
都島区,毛馬第２住宅,毛馬第２住宅２号館,30.0,1976.0,50.0,A,継続活用,都島区毛馬町５丁目１６番２号,bldg_7c45fffa-c071-4b96-93a3-abb65dde0027,1,14.1,5.0,5.0,RC造,3.93,3.93,,74.0,0.83,,2階まで,,PLATEAU建物,団地ごとの目視確認済み,34.725329,135.522322
都島区,毛馬第２住宅,毛馬第２住宅３号館,20.0,1977.0,49.0,A,継続活用,都島区毛馬町５丁目１７番３号,bldg_2fe14df2-fc0a-4b1f-a185-c1de19d7d9cd,1,13.9,5.0,5.0,RC造,4.19,4.19,,70.0,0.83,,2階まで,,PLATEAU建物,団地ごとの目視確認済み,34.725475,135.521931
都島区,毛馬西住宅,毛馬西住宅１号館,20.0,1983.0,43.0,A,継続活用,都島区毛馬町４丁目２番１号,bldg_398742e3-7e6f-4409-ac2d-be375bbaea43,1,14.5,5.0,5.0,RC造,3.28,3.28,,72.0,0.81,,2階まで,,PLATEAU建物,団地ごとの目視確認済み,34.723824,135.522349
都島区,毛馬西住宅,毛馬西住宅２号館,30.0,1982.0,44.0,A,継続活用,都島区毛馬町４丁目２番２号,bldg_10d437fa-b201-44e6-bf48-abb409036a56,1,14.5,5.0,5.0,RC造,3.14,3.14,,70.0,0.84,,2階まで,,PLATEAU建物,団地ごとの目視確認済み,34.723526,135.522103
都島区,毛馬西住宅,毛馬西住宅３号館,20.0,1982.0,44.0,A,継続活用,都島区毛馬町４丁目２番３号,bldg_2d232a4e-afc2-4fde-880e-778cec16857a,1,14.4,5.0,5.0,RC造,3.18,3.18,,74.0,0.91,,2階まで,,PLATEAU建物,団地ごとの目視確認済み,34.723142,135.522201
都島区,毛馬西住宅,毛馬西住宅４号館,20.0,1982.0,44.0,A,継続活用,都島区毛馬町４丁目８番４号,bldg_dcf66a9f-0835-4313-b4f9-5ab8250ec68f,1,14.4,5.0,5.0,RC造,3.08,3.08,,70.0,0.83,,2階まで,,PLATEAU建物,団地ごとの目視確認済み,34.723281,135.52098
都島区,毛馬西住宅,毛馬西住宅５号館,30.0,1983.0,43.0,A,継続活用,都島区毛馬町４丁目８番５号,bldg_a4f66634-61af-47ec-9b24-e34858add670,1,14.4,5.0,5.0,RC造,2.93,2.93,,62.0,0.79,,2階まで,,PLATEAU建物,団地ごとの目視確認済み,34.722942,135.520671
都島区,都島中通住宅,都島中通住宅１号館,59.0,2005.0,21.0,A,継続活用,都島区都島中通２丁目１番２５号,bldg_9388132b-34e9-414e-97b7-19fb9c4d4ff0,1,30.7,,11.0,不明,2.95,2.95,,92.0,1.77,0.52,2階まで,,PLATEAU建物,団地ごとの目視確認済み,34.703038,135.53165
都島区,都島中通住宅,都島中通住宅２号館,57.0,2002.0,24.0,A,継続活用,都島区都島中通２丁目９番３１号,bldg_7e624c7e-5011-46be-97c6-499cb2ba1fce,1,28.1,10.0,10.0,RC造,3.06,3.06,,94.0,2.0,0.74,2階まで,,PLATEAU建物,団地ごとの目視確認済み,34.703447,135.531672
都島区,都島南住宅,都島南住宅１号館,20.0,1971.0,55.0,A,建替(Ⅱ),都島区都島南通２丁目５番１号,bldg_41d3dbaa-7385-40f6-a9a3-b25a210fbc02,1,14.0,5.0,5.0,RC造,2.86,2.86,0.01,90.0,1.5,0.37,1階まで,,PLATEAU建物,団地ごとの目視確認済み,34.701245,135.533783
都島区,都島南住宅,都島南住宅２号館,20.0,1971.0,55.0,A,建替(Ⅱ),都島区都島南通２丁目５番２号,bldg_7d42ed60-6af6-4999-af96-2007117fd41d,1,13.9,5.0,5.0,RC造,2.81,2.81,0.02,89.0,1.67,0.43,1階まで,,PLATEAU建物,団地ごとの目視確認済み,34.701163,135.534028
都島区,都島西住宅,都島西住宅１号館,30.0,1976.0,50.0,A,継続活用,都島区都島南通１丁目１５番１号,bldg_93f90d38-9a43-419a-a1b5-0665fa77ba9a,1,14.3,5.0,5.0,RC造,2.83,2.83,,90.0,1.4,,1階まで,,PLATEAU建物,団地ごとの目視確認済み,34.703444,135.527012
都島区,都島西住宅,都島西住宅２号館,20.0,1976.0,50.0,A,継続活用,都島区都島南通１丁目１６番２号,bldg_fe548178-9905-4c52-8476-8e925294a5ab,1,14.2,5.0,5.0,RC造,2.86,2.86,,90.0,1.56,,1階まで,,PLATEAU建物,団地ごとの目視確認済み,34.703702,135.527064
阿倍野区,三明住宅,三明住宅１号館,43.0,1994.0,32.0,A,継続活用,阿倍野区三明町１丁目２番２６号,bldg_48222ba0-5dca-4709-bac3-80d0afd1a737,1,50.1,13.0,17.0,RC造,0.0,,,,,,なし,,PLATEAU建物,団地ごとの目視確認済み,34.64316,135.519482
阿倍野区,北畠住宅,北畠住宅１号館,65.0,2006.0,20.0,A,継続活用,阿倍野区北畠３丁目６番１９号,bldg_9085ca3c-6b8f-42b0-b3d0-943a5b4a180b,1,16.6,5.0,6.0,RC造,0.0,,,,,,なし,,PLATEAU建物,団地ごとの目視確認済み,34.628862,135.499013
阿倍野区,北畠第１住宅,北畠第１住宅１号館,20.0,1995.0,31.0,A,継続活用,阿倍野区北畠３丁目５番１号,bldg_fd1e9e50-76f8-49df-a75e-b81e3bc1d14d,1,10.2,3.0,4.0,RC造,0.0,,,,,,なし,,PLATEAU建物,団地ごとの目視確認済み,34.62895,135.499965
阿倍野区,北畠第１住宅,北畠第１住宅２号館,18.0,1995.0,31.0,A,継続活用,阿倍野区北畠３丁目５番２号,bldg_a5cd3978-dea2-45d3-b519-17991beb64d6,1,9.0,3.0,3.0,RC造,0.0,,,,,,なし,,PLATEAU建物,団地ごとの目視確認済み,34.628676,135.499872
阿倍野区,北畠第２住宅,北畠第２住宅１号館,12.0,1995.0,31.0,A,継続活用,阿倍野区北畠３丁目１２番１１号,bldg_d9ba8e64-c39d-4370-bcff-1cc234519591,1,9.3,3.0,3.0,RC造,0.0,,,,,,なし,,PLATEAU建物,団地ごとの目視確認済み,34.626787,135.501481
阿倍野区,北畠第２住宅,北畠第２住宅２号館,12.0,1995.0,31.0,A,継続活用,阿倍野区北畠３丁目１２番１２号,bldg_e1ffb67a-b8d6-44d3-9f78-9fe6345139dd,1,9.2,3.0,3.0,RC造,0.0,,,,,,なし,,PLATEAU建物,団地ごとの目視確認済み,34.62668,135.501148
阿倍野区,帝塚山住宅,帝塚山住宅１号館,55.0,2005.0,21.0,A,継続活用,阿倍野区帝塚山１丁目１６番３号,bldg_36b27f25-a6a2-4303-acfa-2e9ba60eea5e,1,14.7,5.0,5.0,RC造,0.0,,,,,,なし,,PLATEAU建物,団地ごとの目視確認済み,34.625396,135.498785
阿倍野区,松崎第１住宅,松崎第１住宅１号館,179.0,1996.0,30.0,A,継続活用,阿倍野区松崎町２丁目５番１号,bldg_6b1e8766-5ed5-4887-9311-a7cc11657911,1,48.2,13.0,17.0,RC造,0.0,,,,,,なし,,PLATEAU建物,団地ごとの目視確認済み,34.643137,135.517402
阿倍野区,松崎第２住宅,松崎第２住宅１号館,129.0,1991.0,35.0,A,継続活用,阿倍野区松崎町３丁目４番１号,bldg_846c5f3e-4ac8-41e5-8536-212a44baf5dd,1,53.9,15.0,19.0,RC造,0.0,,,,,,なし,,PLATEAU建物,団地ごとの目視確認済み,34.641811,135.516519
阿倍野区,松崎第２住宅,松崎第２住宅２号館,100.0,1991.0,35.0,A,継続活用,阿倍野区松崎町３丁目４番２号,bldg_672eccbc-8b60-42d8-9704-571f1ca158ed,1,53.8,15.0,19.0,RC造,0.0,,,,,,なし,,PLATEAU建物,団地ごとの目視確認済み,34.641848,135.51608
阿倍野区,阿倍野第１住宅,阿倍野第１住宅１号館,157.0,1978.0,48.0,A,継続活用,阿倍野区旭町１丁目６番１号,bldg_bba3b6fa-2fae-4f11-83ec-ffbc841bec4e,1,55.8,14.0,19.0,RC造,0.0,,,,,,なし,,PLATEAU建物,団地ごとの目視確認済み,34.645465,135.508145
阿倍野区,阿倍野第２住宅,阿倍野第２住宅０号館,96.0,1985.0,41.0,A,継続活用,阿倍野区旭町３丁目４番５号,bldg_2ffddeb2-a0a6-430e-b4b8-9378d71c5e8f,1,55.6,14.0,19.0,RC造,0.0,,,,,,なし,,PLATEAU建物,団地ごとの目視確認済み,34.642168,135.506903
阿倍野区,阿倍野第２住宅,阿倍野第２住宅２号館,78.0,1988.0,38.0,A,継続活用,阿倍野区旭町３丁目４番６号,bldg_d8a46b83-130b-448d-b50c-e8d99efd0f6f,1,52.5,14.0,18.0,RC造,0.0,,,,,,なし,,PLATEAU建物,団地ごとの目視確認済み,34.642664,135.506817
阿倍野区,阿倍野第３住宅,阿倍野第３住宅１号館,96.0,1991.0,35.0,A,継続活用,阿倍野区旭町２丁目２番３号,bldg_f0fb34bf-3d5f-4c58-8fc2-970e561d7b6a,1,53.0,14.0,18.0,RC造,0.0,,,,,,なし,,PLATEAU建物,団地ごとの目視確認済み,34.644492,135.509635
阿倍野区,阿倍野第４住宅,阿倍野第４住宅１号館,130.0,1993.0,33.0,A,継続活用,阿倍野区旭町３丁目１番２号,bldg_bd7c1696-a819-4590-882c-f49a1726d1e8,1,63.3,14.0,22.0,RC造,0.0,,,,,,なし,,PLATEAU建物,団地ごとの目視確認済み,34.643094,135.508914
阿倍野区,高松住宅,高松住宅1号館,78.0,2020.0,6.0,A,継続活用,阿倍野区天王寺町北３丁目６番２号,bldg_c548a5d8-3f86-4166-b74f-fc225603678b,1,39.3,11.0,14.0,RC造,0.19,0.19,,0.0,,,1階まで,,PLATEAU建物,団地ごとの目視確認で修正,34.645571,135.527044
阿倍野区,高松住宅,高松住宅２号館,79.0,1973.0,53.0,A,継続活用,阿倍野区天王寺町北３丁目６番２号,bldg_341da3ae-ae1e-4737-a8da-7077222d03c3 bldg_2ba4027c-86f8-4c9a-86f4-c99f70fed3d7,2,38.7,11.0,13.0,RC造,0.23,0.23,,0.0,,,1階まで,,PLATEAU建物,団地ごとの目視確認で修正（2つの建物で1棟）,34.645022,135.526856
阿倍野区,高松住宅,高松住宅３号館,180.0,1973.0,53.0,A,継続活用,阿倍野区天王寺町北３丁目６番３号,bldg_2a1ef8b0-3569-489d-bf62-7498b9a3431a,1,39.2,11.0,14.0,RC造,0.02,0.02,,0.0,,,1階まで,,PLATEAU建物,団地ごとの目視確認済み,34.644605,135.52642
鶴見区,中茶屋住宅,中茶屋住宅１号館,40.0,1983.0,43.0,A,継続活用,鶴見区中茶屋１丁目４番１号,bldg_3cb96f5d-eb7b-45a4-82dc-68c433e01b8b,1,14.6,5.0,5.0,RC造,1.71,1.71,,120.0,,,1階まで,,PLATEAU建物,団地ごとの目視確認済み,34.69974,135.587094
鶴見区,中茶屋住宅,中茶屋住宅２号館,40.0,1983.0,43.0,A,継続活用,鶴見区中茶屋１丁目６番２号,bldg_4d5e7dd3-11fc-45a2-a33b-dbe930caa202,1,14.5,5.0,5.0,RC造,1.71,1.71,,120.0,,,1階まで,,PLATEAU建物,団地ごとの目視確認済み,34.700322,135.586573
鶴見区,中茶屋住宅,中茶屋住宅３号館,30.0,1983.0,43.0,A,継続活用,鶴見区中茶屋１丁目７番３号,bldg_4a1363a7-0930-4974-8806-47ba501a4531,1,14.5,5.0,5.0,RC造,1.67,1.67,,115.0,,,1階まで,,PLATEAU建物,団地ごとの目視確認済み,34.70078,135.586341
鶴見区,今津中住宅,今津中住宅１号館,127.0,1983.0,43.0,A,継続活用,鶴見区今津中３丁目５番１号,bldg_e09d538f-edbf-4452-b920-a8b143696efc,1,33.8,8.0,12.0,RC造,0.6,0.6,0.25,12.0,,,1階まで,,PLATEAU建物,団地ごとの目視確認で修正,34.692192,135.573942
鶴見区,今津中住宅,今津中住宅２号館,104.0,1983.0,43.0,A,継続活用,鶴見区今津中３丁目３番２号,bldg_c8df3507-b50d-405d-a431-4fc00b276c53 bldg_1c45febe-38d9-46cb-aa8a-85908d8fce7b,2,30.9,7.0,11.0,RC造,0.49,0.49,0.16,3.0,,,1階まで,,PLATEAU建物,団地ごとの目視確認で修正（2つの建物で1棟）,34.692634,135.573886
鶴見区,今津中住宅,今津中住宅３号館,118.0,1983.0,43.0,A,継続活用,鶴見区今津中３丁目１番３号,bldg_9eba2fc6-3b51-4223-affd-55a6caa1f431,1,31.0,7.0,11.0,RC造,0.41,0.41,0.04,0.0,,,1階まで,,PLATEAU建物,団地ごとの目視確認済み,34.69304,135.573954
鶴見区,今津北住宅,今津北住宅１号館,119.0,1984.0,42.0,A,継続活用,鶴見区今津北２丁目２番１号,bldg_a68bfaac-b9b7-42d4-86de-7c5554879551,1,33.6,8.0,12.0,RC造,0.34,0.34,0.56,0.0,,,1階まで,,PLATEAU建物,団地ごとの目視確認済み,34.695352,135.57013
鶴見区,今津北住宅,今津北住宅２号館,30.0,1985.0,41.0,A,継続活用,鶴見区今津北２丁目２番２号,bldg_a945cee0-f7fe-45b4-8137-06929e96ae82,1,14.9,5.0,5.0,RC造,0.67,0.67,0.17,3.0,,,1階まで,,PLATEAU建物,団地ごとの目視確認済み,34.695656,135.569846
鶴見区,徳庵住宅,徳庵住宅１号館,63.0,1985.0,41.0,A,継続活用,鶴見区徳庵２丁目５番１号,bldg_0894280c-f0e1-4b56-b745-8d624fbba340,1,14.7,5.0,5.0,RC造,1.61,1.61,,111.0,,,1階まで,,PLATEAU建物,団地ごとの目視確認済み,34.698952,135.583472
鶴見区,徳庵住宅,徳庵住宅２号館,43.0,1985.0,41.0,A,継続活用,鶴見区徳庵２丁目５番２号,bldg_1cab9a89-d765-44d9-85d8-0b5cdef5e26f,1,14.6,5.0,5.0,RC造,1.52,1.52,,105.0,,,1階まで,,PLATEAU建物,団地ごとの目視確認済み,34.699291,135.583457
鶴見区,徳庵住宅,徳庵住宅３号館,26.0,1985.0,41.0,A,継続活用,鶴見区徳庵２丁目５番３号,bldg_fe1e980d-6655-45e8-9116-dd9475dabf22,1,14.7,5.0,5.0,RC造,1.36,1.36,,93.0,,,1階まで,,PLATEAU建物,団地ごとの目視確認済み,34.699617,135.583419
鶴見区,放出東住宅,放出東住宅１号館,110.0,1980.0,46.0,A,継続活用,鶴見区放出東３丁目２番１号,bldg_39e5a364-954e-4ae9-a263-1137077fc4e1,1,41.5,11.0,14.0,RC造,0.83,0.83,0.38,5.0,,,1階まで,,PLATEAU建物,団地ごとの目視確認済み,34.689605,135.559702
鶴見区,放出東住宅,放出東住宅２号館,88.0,1980.0,46.0,A,継続活用,鶴見区放出東３丁目２番２号,bldg_fe968961-da2b-4361-90c4-92f9ddb494e9,1,42.3,11.0,15.0,RC造,0.9,0.9,0.37,6.0,,,1階まで,,PLATEAU建物,団地ごとの目視確認済み,34.690283,135.560111
鶴見区,放出東住宅,放出東住宅３号館,98.0,1980.0,46.0,A,継続活用,鶴見区放出東２丁目５番３号,bldg_8132d86a-4290-4874-ac18-a9165401676e,1,36.5,9.0,13.0,RC造,1.01,1.01,0.51,7.0,,,1階まで,,PLATEAU建物,団地ごとの目視確認済み,34.690943,135.56009
鶴見区,放出東住宅,放出東住宅４号館,30.0,1979.0,47.0,A,継続活用,鶴見区放出東２丁目５番４号,bldg_3b4562d1-ad40-4761-812c-0cf34e2ebe50,1,14.1,5.0,5.0,RC造,0.78,0.78,0.32,6.0,,,1階まで,,PLATEAU建物,団地ごとの目視確認済み,34.69101,135.560674
鶴見区,放出東住宅,放出東住宅５号館,30.0,1979.0,47.0,A,継続活用,鶴見区放出東３丁目２番５号,bldg_cad4f609-8c1a-4968-b665-fe6f4e7901b7,1,14.2,5.0,5.0,RC造,0.81,0.81,0.38,7.0,,,1階まで,,PLATEAU建物,団地ごとの目視確認済み,34.690396,135.560654
鶴見区,放出東住宅,放出東住宅６号館,30.0,1979.0,47.0,A,継続活用,鶴見区放出東３丁目２番６号,bldg_cdb0c7d5-7ecd-42bb-a289-d5b645448fe6,1,14.2,5.0,5.0,RC造,0.74,0.74,0.36,6.0,,,1階まで,,PLATEAU建物,団地ごとの目視確認済み,34.690095,135.560527
鶴見区,放出東住宅,放出東住宅７号館,40.0,1979.0,47.0,A,継続活用,鶴見区放出東３丁目２番７号,bldg_43e2ff19-65a8-4d35-b8ce-007042d88429,1,14.3,5.0,5.0,RC造,0.63,0.63,0.26,5.0,,,1階まで,,PLATEAU建物,団地ごとの目視確認済み,34.689608,135.560305
鶴見区,放出東住宅,放出東住宅８号館,40.0,1979.0,47.0,A,継続活用,鶴見区放出東３丁目２番８号,bldg_a3d489f7-d3de-4405-b8c9-e61c9cedfa17,1,14.2,5.0,5.0,RC造,0.51,0.51,0.04,2.0,,,1階まで,,PLATEAU建物,団地ごとの目視確認済み,34.689286,135.560307
鶴見区,横堤住宅,横堤住宅１号館,32.0,1971.0,55.0,A,建替(Ⅱ),鶴見区横堤２丁目２１番１号,bldg_120bad6f-d40a-4363-b3d0-7d0f93511b6d,1,11.9,4.0,4.0,RC造,1.94,1.94,0.06,129.0,,,1階まで,,PLATEAU建物,団地ごとの目視確認済み,34.70238,135.571815
鶴見区,横堤住宅,横堤住宅２号館,16.0,1971.0,55.0,A,建替(Ⅱ),鶴見区横堤２丁目２１番２号,bldg_687dfb83-2a58-4389-8e48-08ba5e912e7e,1,12.0,4.0,4.0,RC造,1.98,1.98,0.02,131.0,,,1階まで,,PLATEAU建物,団地ごとの目視確認済み,34.70214,135.571636
鶴見区,横堤住宅,横堤住宅３号館,16.0,1971.0,55.0,A,建替(Ⅱ),鶴見区横堤２丁目２１番３号,bldg_c9fa63b0-f847-4040-9301-268c18015fb5,1,12.0,4.0,4.0,RC造,2.0,2.0,,132.0,,,1階まで,,PLATEAU建物,団地ごとの目視確認済み,34.702141,135.571952
鶴見区,横堤住宅,横堤住宅４号館,20.0,1972.0,54.0,A,建替(Ⅱ),鶴見区横堤３丁目８番４号,bldg_399cfb4d-4e53-4639-a73c-3fafa4f40bdc,1,14.6,5.0,5.0,RC造,1.99,1.99,0.06,131.0,,,1階まで,,PLATEAU建物,団地ごとの目視確認済み,34.701723,135.572547
鶴見区,横堤住宅,横堤住宅５号館,40.0,1972.0,54.0,A,建替(Ⅱ),鶴見区横堤３丁目８番５号,bldg_6a9ad56c-25d3-4518-918c-4b43127a72ba,1,14.5,5.0,5.0,RC造,1.85,1.85,,124.0,,,1階まで,,PLATEAU建物,団地ごとの目視確認済み,34.702183,135.57257
鶴見区,横堤北住宅,横堤北住宅１号館,175.0,2007.0,19.0,A,継続活用,鶴見区横堤４丁目１２番１号,bldg_52e64e98-cdc0-4fd0-955b-cee039d55f5e,1,45.3,14.0,16.0,RC造,2.06,2.06,,135.0,,,1階まで,,PLATEAU建物,団地ごとの目視確認済み,34.705192,135.569993
鶴見区,横堤北住宅,横堤北住宅２号館,69.0,2011.0,15.0,A,継続活用,鶴見区横堤４丁目１２番４号,bldg_5534b08d-42e9-4578-85be-4d1b85e3e5e5,1,45.0,1.0,16.0,RC造,2.01,2.01,,133.0,,,1階まで,,PLATEAU建物,団地ごとの目視確認済み,34.705663,135.569789
鶴見区,横堤第１住宅,横堤第１住宅１号館,179.0,1981.0,45.0,A,継続活用,鶴見区横堤３丁目１０番１号,bldg_4e1cf298-19c2-426b-8021-3e4ce315db6d bldg_e2357423-2c20-4a6a-be48-eed8c805ff5d,2,39.7,10.0,14.0,RC造,1.73,1.73,,117.0,,,1階まで,,PLATEAU建物,団地ごとの目視確認で修正（2つの建物で1棟）,34.702446,135.574003
鶴見区,横堤第２住宅,横堤第２住宅１号館,112.0,1982.0,44.0,A,継続活用,鶴見区横堤１丁目１１番１号,bldg_b8ebe8f5-dc87-4988-b5cf-252ba2687e6c,1,42.2,11.0,15.0,RC造,1.82,1.82,,122.0,,,1階まで,,PLATEAU建物,団地ごとの目視確認済み,34.70206,135.568485
鶴見区,横堤第２住宅,横堤第２住宅２号館,20.0,1982.0,44.0,A,継続活用,鶴見区横堤１丁目１１番２号,bldg_889df7b8-4107-4ade-8070-9ec399cdddc4,1,14.4,5.0,5.0,RC造,1.75,1.75,,118.0,,,1階まで,,PLATEAU建物,団地ごとの目視確認済み,34.701774,135.568797
鶴見区,横堤第２住宅,横堤第２住宅３号館,30.0,1982.0,44.0,A,継続活用,鶴見区横堤１丁目１１番３号,bldg_184233f6-3a74-4bd5-8b9e-f71afe01e4eb,1,14.5,5.0,5.0,RC造,1.77,1.77,,121.0,,,1階まで,,PLATEAU建物,団地ごとの目視確認済み,34.70146,135.568727
鶴見区,横堤第２住宅,横堤第２住宅４号館,40.0,1982.0,44.0,A,継続活用,鶴見区横堤１丁目１１番４号,bldg_174dade2-61ec-42b9-bee2-c209918a4818,1,14.4,5.0,5.0,RC造,1.75,1.75,,118.0,,,1階まで,,PLATEAU建物,団地ごとの目視確認済み,34.701447,135.568217
鶴見区,焼野住宅,焼野住宅１号館,148.0,1998.0,28.0,A,継続活用,鶴見区焼野１丁目１番１号,bldg_faf54f92-c501-4939-90e8-2c5ae3dcae9f,1,43.2,13.0,15.0,RC造,1.47,1.47,,100.0,,,1階まで,,PLATEAU建物,団地ごとの目視確認済み,34.716653,135.583365
鶴見区,焼野住宅,焼野住宅２号館,91.0,1997.0,29.0,A,継続活用,鶴見区焼野１丁目１番２号,bldg_07bde45e-0b28-4409-9a5d-99f622108448 bldg_7abe0f34-08d1-4655-899b-c232ae26e763,2,43.1,13.0,15.0,RC造,2.02,2.02,,138.0,,,1階まで,,PLATEAU建物,団地ごとの目視確認で修正（2つの建物で1棟）,34.717412,135.583203
鶴見区,焼野住宅,焼野住宅３号館,90.0,1997.0,29.0,A,継続活用,鶴見区焼野１丁目１番３号,bldg_23e923b4-5d8b-46fd-babf-df5c4a389618,1,43.3,13.0,15.0,RC造,1.99,1.99,,136.0,,,1階まで,,PLATEAU建物,団地ごとの目視確認済み,34.717259,135.583721
鶴見区,緑住宅,緑住宅１号館,20.0,1981.0,45.0,A,継続活用,鶴見区緑１丁目１２番１号,bldg_cb967a5b-e63f-47ce-9dd8-7e0b78adc780,1,14.0,5.0,5.0,RC造,1.57,1.57,,114.0,0.06,,1階まで,,PLATEAU建物,団地ごとの目視確認済み,34.712928,135.561447
鶴見区,緑住宅,緑住宅２号館,35.0,1982.0,44.0,A,継続活用,鶴見区緑１丁目１１番１２号,bldg_44d5abd8-a6b6-40de-b8fd-fa1665b8f296,1,14.0,5.0,5.0,RC造,1.57,1.57,,114.0,0.23,,1階まで,,PLATEAU建物,団地ごとの目視確認済み,34.712462,135.56211
鶴見区,緑住宅,緑住宅３号館,40.0,1981.0,45.0,A,継続活用,鶴見区緑１丁目１０番１４号,bldg_4b50be12-e758-40a2-8bf1-5d74bc353cd6,1,14.0,5.0,5.0,RC造,1.45,1.45,,105.0,,,1階まで,,PLATEAU建物,団地ごとの目視確認済み,34.711988,135.562411
鶴見区,緑住宅,緑住宅４号館,40.0,1981.0,45.0,A,継続活用,鶴見区緑１丁目７番４号,bldg_0a61f8c8-b026-4b08-9935-75085a137faf,1,14.0,5.0,5.0,RC造,1.68,1.68,,121.0,0.15,,1階まで,,PLATEAU建物,団地ごとの目視確認済み,34.711026,135.561867
鶴見区,緑住宅,緑住宅５号館,20.0,1982.0,44.0,A,継続活用,鶴見区緑１丁目６番１９号,bldg_aa620f21-4e63-4c13-82c6-cbe504b076a1,1,14.0,5.0,5.0,RC造,1.67,1.67,,120.0,0.21,,1階まで,,PLATEAU建物,団地ごとの目視確認済み,34.710548,135.562481
鶴見区,緑住宅,緑住宅６号館,20.0,1982.0,44.0,A,継続活用,鶴見区緑１丁目３番６号,bldg_108e98df-9d27-48b6-850b-21a66253aec8,1,14.0,5.0,5.0,RC造,1.64,1.64,,118.0,0.08,,1階まで,,PLATEAU建物,団地ごとの目視確認済み,34.709662,135.561244
鶴見区,茨田南住宅,茨田南住宅１号館,30.0,1985.0,41.0,A,継続活用,鶴見区諸口１丁目４番１号,bldg_a2af6be5-41e7-4b87-b6fc-b534ac6d6065,1,14.8,5.0,5.0,RC造,1.75,1.75,,119.0,,,1階まで,,PLATEAU建物,団地ごとの目視確認済み,34.698028,135.575876
鶴見区,茨田南住宅,茨田南住宅１０号館,35.0,1987.0,39.0,A,継続活用,鶴見区諸口１丁目１３番１０号,bldg_e5c2727e-e75c-4515-aeb5-d03d04d0fe4c,1,15.0,5.0,5.0,RC造,1.78,1.78,0.07,121.0,,,1階まで,,PLATEAU建物,団地ごとの目視確認済み,34.700757,135.57693
鶴見区,茨田南住宅,茨田南住宅１１号館,40.0,1987.0,39.0,A,継続活用,鶴見区諸口１丁目１４番１１号,bldg_7be4fbb9-fbae-41f3-a52f-ef166cb42381,1,14.8,5.0,5.0,RC造,1.9,1.9,,128.0,,,1階まで,,PLATEAU建物,団地ごとの目視確認済み,34.70088,135.577479
鶴見区,茨田南住宅,茨田南住宅１２号館,185.0,1986.0,40.0,A,継続活用,鶴見区諸口１丁目１０番１２号,bldg_e92685ab-0e41-48fd-b00e-fcc276f5502a,1,45.4,12.0,16.0,RC造,1.81,1.81,,123.0,,,1階まで,,PLATEAU建物,団地ごとの目視確認済み,34.700105,135.57689
鶴見区,茨田南住宅,茨田南住宅１３号館,35.0,1985.0,41.0,A,継続活用,鶴見区諸口１丁目８番１３号,bldg_1ef8d5df-d90f-459e-a3cd-b783c90d9eb9,1,14.9,5.0,5.0,RC造,1.77,1.77,,121.0,,,1階まで,,PLATEAU建物,団地ごとの目視確認済み,34.699649,135.577348
鶴見区,茨田南住宅,茨田南住宅２号館,30.0,1985.0,41.0,A,継続活用,鶴見区諸口１丁目４番２号,bldg_4876bc67-fe45-4130-89a5-f124c9f9aa82,1,14.8,5.0,5.0,RC造,1.78,1.78,,121.0,,,1階まで,,PLATEAU建物,団地ごとの目視確認済み,34.69833,135.575865
鶴見区,茨田南住宅,茨田南住宅３号館,30.0,1985.0,41.0,A,継続活用,鶴見区諸口１丁目４番３号,bldg_7ad873e1-f59a-4a78-9dd0-b26e63a28345,1,14.8,5.0,5.0,RC造,1.78,1.78,,121.0,,,1階まで,,PLATEAU建物,団地ごとの目視確認済み,34.698632,135.575852
鶴見区,茨田南住宅,茨田南住宅４号館,107.0,1984.0,42.0,A,継続活用,鶴見区諸口１丁目５番４号,bldg_2da7a57c-6717-4089-bf7d-a01f2f97ca4e,1,36.9,9.0,13.0,RC造,1.76,1.76,,120.0,,,1階まで,,PLATEAU建物,団地ごとの目視確認済み,34.698941,135.576192
鶴見区,茨田南住宅,茨田南住宅５号館,142.0,1984.0,42.0,A,継続活用,鶴見区諸口１丁目７番５号,bldg_44d91deb-1975-41f8-82cb-6e02424614ae,1,42.7,11.0,15.0,RC造,1.76,1.76,0.03,120.0,,,1階まで,,PLATEAU建物,団地ごとの目視確認済み,34.699451,135.576325
鶴見区,茨田南住宅,茨田南住宅６号館,30.0,1985.0,41.0,A,継続活用,鶴見区諸口１丁目１１番６号,bldg_1333334d-4a96-43af-a180-5eabf5310ab8,1,14.7,5.0,5.0,RC造,1.76,1.76,,120.0,,,1階まで,,PLATEAU建物,団地ごとの目視確認済み,34.700034,135.57591
鶴見区,茨田南住宅,茨田南住宅７号館,30.0,1985.0,41.0,A,継続活用,鶴見区諸口１丁目１１番７号,bldg_55a9adf0-1ce4-4510-b22d-48f70b48f9ba,1,14.7,5.0,5.0,RC造,1.76,1.76,,120.0,,,1階まで,,PLATEAU建物,団地ごとの目視確認済み,34.700359,135.575898
鶴見区,茨田南住宅,茨田南住宅８号館,16.0,1988.0,38.0,A,継続活用,鶴見区諸口１丁目１２番８号,bldg_aa387e40-b6a2-4bac-be7c-260035366103,1,12.1,4.0,4.0,RC造,1.82,1.82,,124.0,,,1階まで,,PLATEAU建物,団地ごとの目視確認済み,34.700968,135.575215
鶴見区,茨田南住宅,茨田南住宅９号館,25.0,1988.0,38.0,A,継続活用,鶴見区諸口１丁目１２番９号,bldg_31696402-1967-4d07-b324-b90154a75974,1,14.7,5.0,5.0,RC造,1.82,1.82,,124.0,,,1階まで,,PLATEAU建物,団地ごとの目視確認済み,34.7009,135.575599
鶴見区,茨田大宮住宅,茨田大宮住宅１６号館,38.0,1997.0,29.0,A,継続活用,鶴見区茨田大宮４丁目３４番１６号,bldg_ea72396a-b42b-42bc-a04f-e0e919820e83,1,14.4,5.0,5.0,RC造,2.8,2.8,0.68,176.0,,,1階まで,,PLATEAU建物,団地ごとの目視確認済み,34.714118,135.597861
鶴見区,茨田大宮住宅,茨田大宮住宅１７号館,47.0,1998.0,28.0,A,継続活用,鶴見区茨田大宮４丁目３４番１７号,bldg_632a21ad-9b8d-4461-bff6-34c041778b84,1,17.1,6.0,6.0,RC造,2.59,2.59,0.47,167.0,,,1階まで,,PLATEAU建物,団地ごとの目視確認済み,34.714104,135.598652
鶴見区,茨田大宮住宅,茨田大宮住宅１８号館,63.0,1996.0,30.0,A,継続活用,鶴見区茨田大宮４丁目２８番１８号,bldg_1e400ea3-9c01-4176-9ad5-70362ec1615c,1,36.4,9.0,13.0,RC造,2.9,2.9,0.82,179.0,,,1階まで,,PLATEAU建物,団地ごとの目視確認済み,34.713691,135.598179
鶴見区,茨田大宮住宅,茨田大宮住宅１９号館,143.0,1996.0,30.0,A,継続活用,鶴見区茨田大宮４丁目２８番１９号,bldg_d437cda9-b87e-4121-a8d4-b234f6adc0d6,1,53.8,15.0,19.0,RC造,2.84,2.84,0.78,177.0,,,1階まで,,PLATEAU建物,団地ごとの目視確認済み,34.713092,135.597978
鶴見区,茨田大宮第１住宅,茨田大宮第１住宅4号館,83.0,2020.0,6.0,A,継続活用,鶴見区茨田大宮４丁目３０番１号,,0,,,,,,,,,,,データなし,,位置のみ（建物なし）,団地ごとの目視確認済み,34.71317,135.595421
鶴見区,茨田大宮第１住宅,茨田大宮第１住宅１号館,244.0,2007.0,19.0,A,継続活用,鶴見区茨田大宮４丁目３０番１号,bldg_ba7ddaa3-7367-4b91-8292-16f170c39124 bldg_f6f15d72-1e68-4175-b67b-acaf90d84898 bldg_717f21d1-8cb6-4614-a323-fc2b4d1ac97a,3,44.8,13.0,15.0,非木造,2.53,2.53,0.45,165.0,,,1階まで,,PLATEAU建物,団地ごとの目視確認で修正（3つの建物で1棟）,34.713137,135.59665
鶴見区,茨田大宮第１住宅,茨田大宮第１住宅２号館,81.0,2010.0,16.0,A,継続活用,鶴見区茨田大宮４丁目３０番２号,bldg_6d11d910-f3ab-4041-b635-861d572d7d67,1,36.2,13.0,13.0,非木造,2.38,2.38,0.28,158.0,,,1階まで,,PLATEAU建物,団地ごとの目視確認済み,34.713154,135.595948
鶴見区,茨田大宮第１住宅,茨田大宮第１住宅３号館,59.0,2015.0,11.0,A,継続活用,鶴見区茨田大宮４丁目４０番３号,bldg_2170fde0-31b3-4680-a34e-627d3896c1d7,1,14.9,,5.0,不明,2.49,2.49,0.49,163.0,,,1階まで,,PLATEAU建物,団地ごとの目視確認済み,34.713967,135.596645
鶴見区,茨田大宮第２住宅,茨田大宮第２住宅26号館,62.0,2023.0,3.0,A,継続活用,鶴見区茨田大宮４丁目１７番１０号,,0,,,,,,,,,,,データなし,,位置のみ（建物なし）,団地ごとの目視確認済み,34.71123,135.596506
鶴見区,茨田大宮第２住宅,茨田大宮第２住宅１０号館,40.0,,,,,鶴見区茨田大宮４丁目１７番１０号,bldg_b48219e0-f62a-44bb-916c-6f284d7c4ab4,1,14.0,5.0,5.0,RC造,2.35,2.35,0.14,156.0,,,1階まで,,PLATEAU建物,団地ごとの目視確認済み,34.711492,135.595651
鶴見区,茨田大宮第２住宅,茨田大宮第２住宅１３号館,40.0,1969.0,57.0,A,建替(Ⅰ),鶴見区茨田大宮４丁目１５番１３号,bldg_ee6c4a78-c48c-4348-b50e-1d7619eb1390,1,14.2,5.0,5.0,RC造,2.13,2.13,0.04,144.0,,,1階まで,,PLATEAU建物,団地ごとの目視確認済み,34.711977,135.596484
鶴見区,茨田大宮第２住宅,茨田大宮第２住宅１５号館,40.0,1969.0,57.0,A,建替(Ⅰ),鶴見区茨田大宮４丁目２１番１５号,bldg_248f6079-3cca-4023-a2fb-6ac83f5a7dbb,1,14.2,5.0,5.0,RC造,2.2,2.2,0.03,148.0,,,1階まで,,PLATEAU建物,団地ごとの目視確認済み,34.712212,135.596551
鶴見区,茨田大宮第２住宅,茨田大宮第２住宅１７号館,40.0,1969.0,57.0,A,建替(Ⅰ),鶴見区茨田大宮４丁目２１番１７号,bldg_903d159a-9748-4d92-9892-156d66b3aa5f,1,14.5,5.0,5.0,RC造,2.23,2.23,0.1,150.0,,,1階まで,,PLATEAU建物,団地ごとの目視確認済み,34.712448,135.596618
鶴見区,茨田大宮第２住宅,茨田大宮第２住宅１９号館,111.0,1990.0,36.0,A,継続活用,鶴見区茨田大宮４丁目２３番１９号,bldg_d7b5e59b-ac0c-4798-9fa7-b62a37b7132a,1,50.0,14.0,17.0,RC造,2.98,2.98,0.9,181.0,,,2階まで,,PLATEAU建物,団地ごとの目視確認済み,34.711929,135.597583
鶴見区,茨田大宮第２住宅,茨田大宮第２住宅２０号館,105.0,1990.0,36.0,A,継続活用,鶴見区茨田大宮４丁目２３番２０号,bldg_0a2fda53-e933-4a63-bd45-d9889c8728b8,1,41.3,11.0,14.0,RC造,2.94,2.94,0.88,179.0,,,2階まで,,PLATEAU建物,団地ごとの目視確認済み,34.711401,135.597345
鶴見区,茨田大宮第２住宅,茨田大宮第２住宅２１号館,157.0,1993.0,33.0,A,継続活用,鶴見区茨田大宮４丁目２３番２１号,bldg_234d46ef-59e8-44c7-8367-7a9a3c3ae29b bldg_1befd7e9-13c2-45a1-ac94-ba80183c7e04,2,52.8,15.0,18.0,RC造,3.07,3.07,0.97,182.0,,,2階まで,,PLATEAU建物,団地ごとの目視確認で修正（2つの建物で1棟）,34.71084,135.597066
鶴見区,茨田大宮第２住宅,茨田大宮第２住宅２２号館,131.0,1998.0,28.0,A,継続活用,鶴見区茨田大宮４丁目２３番２２号,bldg_943dd13e-8a77-4030-b6f2-aef760a652d3,1,45.4,12.0,16.0,RC造,2.75,2.75,0.68,174.0,,,1階まで,,PLATEAU建物,団地ごとの目視確認済み,34.710247,135.596946
鶴見区,茨田大宮第２住宅,茨田大宮第２住宅２３号館,40.0,1998.0,28.0,A,継続活用,鶴見区茨田大宮４丁目４番２３号,bldg_2748308e-426b-4d9f-adda-376466e962a0,1,14.6,5.0,5.0,RC造,2.27,2.27,0.09,152.0,,,1階まで,,PLATEAU建物,団地ごとの目視確認済み,34.710245,135.595345
鶴見区,茨田大宮第２住宅,茨田大宮第２住宅２４号館,30.0,1998.0,28.0,A,継続活用,鶴見区茨田大宮４丁目１番２４号,bldg_6b0a4f35-139a-48e9-9dad-1d27ea7839ca,1,14.3,5.0,5.0,RC造,1.94,1.94,,132.0,,,1階まで,,PLATEAU建物,団地ごとの目視確認済み,34.710283,135.59447
鶴見区,茨田大宮第２住宅,茨田大宮第２住宅２５号館,65.0,2015.0,11.0,A,継続活用,鶴見区茨田大宮４丁目１５番２５号,bldg_f46ca51f-af98-462b-b740-4fa64bec3cdd,1,36.3,,13.0,不明,2.48,2.48,0.4,162.0,,,1階まで,,PLATEAU建物,団地ごとの目視確認済み,34.711459,135.596348
鶴見区,茨田大宮第２住宅,茨田大宮第２住宅３号館,40.0,1968.0,58.0,A,建替(Ⅰ),鶴見区茨田大宮４丁目５番３号,bldg_2e042a3e-5848-4d1c-b3bd-e77879b156b1,1,14.1,5.0,5.0,RC造,2.46,2.46,0.28,161.0,,,1階まで,,PLATEAU建物,団地ごとの目視確認済み,34.710689,135.596083
鶴見区,茨田大宮第２住宅,茨田大宮第２住宅５号館,40.0,1968.0,58.0,A,建替(Ⅰ),鶴見区茨田大宮４丁目５番５号,bldg_4d3299c5-fd82-4dda-928a-e208023d9be6,1,14.0,5.0,5.0,RC造,2.38,2.38,0.28,157.0,,,1階まで,,PLATEAU建物,団地ごとの目視確認済み,34.710932,135.596161
鶴見区,茨田大宮第２住宅,茨田大宮第２住宅６号館,30.0,1968.0,58.0,A,建替(Ⅰ),鶴見区茨田大宮４丁目３番６号,bldg_687df973-9e8c-4465-9bbb-00b8c2212358,1,13.9,,5.0,不明,2.38,2.38,0.23,157.0,,,1階まで,,PLATEAU建物,団地ごとの目視確認済み,34.711007,135.595406
鶴見区,茨田大宮第２住宅,茨田大宮第２住宅７号館,40.0,1968.0,58.0,A,建替(Ⅰ),鶴見区茨田大宮４丁目１４番７号,bldg_ac766f34-e280-4cee-93b8-873634d84a01,1,14.1,5.0,5.0,RC造,2.43,2.43,0.18,160.0,,,1階まで,,PLATEAU建物,団地ごとの目視確認済み,34.711194,135.596239
鶴見区,茨田大宮第２住宅,茨田大宮第２住宅８号館,40.0,,,,,鶴見区茨田大宮４丁目１７番８号,bldg_57f79bab-3396-47ab-b02d-4e0502470293,1,14.0,5.0,5.0,RC造,2.31,2.31,0.15,153.0,,,1階まで,,PLATEAU建物,団地ごとの目視確認済み,34.711252,135.59558
鶴見区,茨田大宮第３住宅,茨田大宮第３住宅１号館,89.0,1989.0,37.0,A,継続活用,鶴見区茨田大宮３丁目８番１号,bldg_b5b5e202-2dc1-4237-8f00-72e20f5933a5,1,36.0,9.0,12.0,RC造,3.03,3.03,0.97,181.0,,,2階まで,,PLATEAU建物,団地ごとの目視確認済み,34.708346,135.59645
鶴見区,茨田大宮第３住宅,茨田大宮第３住宅２号館,89.0,1989.0,37.0,A,継続活用,鶴見区茨田大宮３丁目８番２号,bldg_17dc5891-2b2d-4d4c-b510-50d34bb806f4,1,35.8,9.0,12.0,RC造,3.02,3.02,0.97,181.0,,,2階まで,,PLATEAU建物,団地ごとの目視確認済み,34.708821,135.596593
鶴見区,茨田大宮第３住宅,茨田大宮第３住宅３号館,99.0,1991.0,35.0,A,継続活用,鶴見区茨田大宮３丁目８番３号,bldg_4647ac6b-246a-4f05-a07d-1b0080a888fc,1,39.2,10.0,14.0,RC造,3.01,3.01,0.96,181.0,,,2階まで,,PLATEAU建物,団地ごとの目視確認済み,34.709277,135.596706
鶴見区,茨田大宮第３住宅,茨田大宮第３住宅４号館,113.0,1993.0,33.0,A,継続活用,鶴見区茨田大宮３丁目８番４号,bldg_24590933-7c53-436d-bfb0-c9b551800631,1,51.2,14.0,18.0,RC造,3.19,3.19,1.07,184.0,,,2階まで,,PLATEAU建物,団地ごとの目視確認済み,34.70978,135.596735
鶴見区,茨田大宮第３住宅,茨田大宮第３住宅５号館,40.0,1993.0,33.0,A,継続活用,鶴見区茨田大宮３丁目３番５号,bldg_5c322f84-dbb7-448b-9d5c-d87ae4575a4f,1,14.3,5.0,5.0,RC造,2.95,2.95,0.88,179.0,,,2階まで,,PLATEAU建物,団地ごとの目視確認済み,34.709569,135.597556
鶴見区,茨田大宮第３住宅,茨田大宮第３住宅６号館,40.0,1993.0,33.0,A,継続活用,鶴見区茨田大宮３丁目３番６号,bldg_57d124ba-6fe1-48cf-b090-15c323e2642d,1,14.5,5.0,5.0,RC造,2.92,2.92,0.78,179.0,,,2階まで,,PLATEAU建物,団地ごとの目視確認済み,34.708475,135.597241
鶴見区,茨田大宮第３住宅,茨田大宮第３住宅７号館,35.0,1993.0,33.0,A,継続活用,鶴見区茨田大宮３丁目３番７号,bldg_d95122ca-ee3c-4ed8-a0d1-2dcf6f6710c5,1,14.4,5.0,5.0,RC造,2.77,2.77,0.57,174.0,,,1階まで,,PLATEAU建物,団地ごとの目視確認済み,34.707782,135.59706
鶴見区,茨田大宮第３住宅,茨田大宮第３住宅８号館,25.0,1991.0,35.0,A,継続活用,鶴見区茨田大宮３丁目２番８号,bldg_9cd9d700-c214-4e4f-a9d8-3693aefbdb14,1,14.3,5.0,5.0,RC造,2.61,2.61,0.51,168.0,,,1階まで,,PLATEAU建物,団地ごとの目視確認済み,34.707121,135.596957
鶴見区,茨田大宮西住宅,茨田大宮西住宅１号館,104.0,1987.0,39.0,A,継続活用,鶴見区茨田大宮１丁目１０番１号,bldg_319262dc-ba1d-4575-80f8-68a7ec1eac6d bldg_bfad8084-7fa9-41ad-9d9b-eaf1f4efca56,2,33.6,8.0,12.0,RC造,1.46,1.46,,94.0,,,1階まで,,PLATEAU建物,団地ごとの目視確認で修正（2つの建物で1棟）,34.710238,135.590341
鶴見区,茨田諸口東住宅,茨田諸口東住宅１号館,35.0,1979.0,47.0,A,継続活用,鶴見区中茶屋１丁目１７番２０号,bldg_77f371fb-485f-46cd-982f-441bce5225d3,1,14.2,5.0,5.0,RC造,1.07,1.07,,65.0,,,1階まで,,PLATEAU建物,団地ごとの目視確認済み,34.70221,135.585184
鶴見区,茨田諸口西住宅,茨田諸口西住宅１号館,24.0,1979.0,47.0,A,継続活用,鶴見区諸口３丁目２番１号,bldg_6859c3ce-1e84-4ad7-9b99-3ef86d32049e,1,11.4,4.0,4.0,RC造,1.92,1.92,,130.0,,,1階まで,,PLATEAU建物,団地ごとの目視確認済み,34.701642,135.575571
鶴見区,茨田諸口西住宅,茨田諸口西住宅２号館,24.0,1979.0,47.0,A,継続活用,鶴見区諸口３丁目２番２号,bldg_1ab94f88-6e6e-48cc-aa6d-3ffe30e97c18,1,11.4,4.0,4.0,RC造,1.82,1.82,,124.0,,,1階まで,,PLATEAU建物,団地ごとの目視確認済み,34.701908,135.575567
鶴見区,茨田諸口西住宅,茨田諸口西住宅３号館,118.0,1979.0,47.0,A,継続活用,鶴見区諸口３丁目２番３号,bldg_9fe47355-7e45-4690-9780-a01f04739256,1,30.1,8.0,10.0,RC造,2.06,2.06,,134.0,,,1階まで,,PLATEAU建物,団地ごとの目視確認済み,34.702559,135.575959
鶴見区,茨田諸口西住宅,茨田諸口西住宅４号館,35.0,1979.0,47.0,A,継続活用,鶴見区諸口３丁目２番４号,bldg_fe6c345d-c58a-44e5-9d00-330319e55c3c,1,14.1,5.0,5.0,RC造,1.85,1.85,,126.0,,,1階まで,,PLATEAU建物,団地ごとの目視確認済み,34.702,135.576404
鶴見区,諸口住宅,諸口住宅１号館,35.0,1987.0,39.0,A,継続活用,鶴見区諸口４丁目３番１号,bldg_216366a7-38a9-4ce5-af06-e3d25d53e511,1,15.0,5.0,5.0,RC造,1.79,1.79,,123.0,,,1階まで,,PLATEAU建物,団地ごとの目視確認済み,34.702605,135.580754
鶴見区,諸口住宅,諸口住宅２号館,35.0,1987.0,39.0,A,継続活用,鶴見区諸口４丁目４番２号,bldg_48cd0605-ab6d-41d5-a961-809e40eff4ef,1,15.1,5.0,5.0,RC造,1.92,1.92,,132.0,,,1階まで,,PLATEAU建物,団地ごとの目視確認済み,34.702921,135.580769
鶴見区,諸口住宅,諸口住宅３号館,35.0,1987.0,39.0,A,継続活用,鶴見区諸口４丁目４番３号,bldg_127eee69-9709-452e-936f-0d5bdb5483db,1,15.2,5.0,5.0,RC造,1.88,1.88,,130.0,,,1階まで,,PLATEAU建物,団地ごとの目視確認済み,34.70324,135.58074
鶴見区,諸口住宅,諸口住宅４号館,25.0,1987.0,39.0,A,継続活用,鶴見区諸口４丁目９番４号,bldg_5ba4d8ce-492d-4794-802d-05d9606d71a1,1,15.1,5.0,5.0,RC造,1.97,1.97,,135.0,,,1階まで,,PLATEAU建物,団地ごとの目視確認済み,34.703557,135.580677
鶴見区,諸口住宅,諸口住宅５号館,69.0,1988.0,38.0,A,継続活用,鶴見区諸口４丁目１１番５号,bldg_b1b365de-c9dd-4727-ae0c-a8125a7cb0e5,1,30.7,7.0,11.0,RC造,1.88,1.88,,130.0,,,1階まで,,PLATEAU建物,団地ごとの目視確認済み,34.703586,135.581549
鶴見区,諸口住宅,諸口住宅６号館,69.0,1988.0,38.0,A,継続活用,鶴見区諸口４丁目１２番６号,bldg_cdf1de3f-e0b6-4c26-b464-c027bff26c3c,1,30.9,7.0,11.0,RC造,1.9,1.9,,131.0,,,1階まで,,PLATEAU建物,団地ごとの目視確認済み,34.703163,135.581673
鶴見区,諸口北住宅,諸口北住宅１号館,90.0,1984.0,42.0,A,継続活用,鶴見区諸口６丁目４番１号,bldg_908c744f-e25e-48eb-a442-49a7975b620e,1,30.7,7.0,11.0,RC造,1.86,1.86,,128.0,,,1階まで,,PLATEAU建物,団地ごとの目視確認済み,34.705536,135.577212
鶴見区,諸口北住宅,諸口北住宅２号館,111.0,1984.0,42.0,A,継続活用,鶴見区諸口６丁目４番２号,bldg_518609db-883e-4c0e-b669-d54f68da5dbd,1,33.7,8.0,12.0,RC造,1.83,1.83,,126.0,,,1階まで,,PLATEAU建物,団地ごとの目視確認済み,34.705989,135.577299
鶴見区,諸口北住宅,諸口北住宅３号館,119.0,1984.0,42.0,A,継続活用,鶴見区諸口６丁目４番３号,bldg_52fe25da-bae9-4b3e-baaa-e40a5a18e5c0,1,36.5,9.0,13.0,RC造,1.82,1.82,,126.0,,,1階まで,,PLATEAU建物,団地ごとの目視確認済み,34.705659,135.578315
鶴見区,諸口北住宅,諸口北住宅４号館,103.0,1984.0,42.0,A,継続活用,鶴見区諸口６丁目５番４号,bldg_32cbb66f-b654-44db-8b23-5a85a953d2ab,1,33.7,8.0,12.0,RC造,1.93,1.93,,132.0,,,1階まで,,PLATEAU建物,団地ごとの目視確認済み,34.706478,135.577398
鶴見区,諸口北住宅,諸口北住宅５号館,72.0,1984.0,42.0,A,継続活用,鶴見区諸口６丁目５番５号,bldg_a6a987fa-517e-4277-9e4b-2645eecaac92,1,36.5,9.0,13.0,RC造,2.1,2.1,,141.0,,,1階まで,,PLATEAU建物,団地ごとの目視確認済み,34.706956,135.576816
鶴見区,諸口南住宅,諸口南住宅１号館,153.0,1989.0,37.0,A,継続活用,鶴見区諸口２丁目６番１号,bldg_1459692c-5fe0-4402-901c-704781d246e0,1,50.8,14.0,18.0,RC造,2.09,2.09,0.23,139.0,,,1階まで,,PLATEAU建物,団地ごとの目視確認済み,34.699409,135.580123
鶴見区,諸口南住宅,諸口南住宅２号館,111.0,1990.0,36.0,A,継続活用,鶴見区諸口２丁目９番２号,bldg_cb1b62d9-2ea0-42a4-9fd7-801759300240,1,35.8,9.0,12.0,RC造,2.08,2.08,0.22,138.0,,,1階まで,,PLATEAU建物,団地ごとの目視確認済み,34.700121,135.580194
鶴見区,諸口南住宅,諸口南住宅３号館,181.0,1990.0,36.0,A,継続活用,鶴見区諸口２丁目１２番３号,bldg_ec71e09d-917e-4a65-ad62-5f021a1cdc54,1,50.0,14.0,17.0,RC造,2.1,2.1,0.26,139.0,,,1階まで,,PLATEAU建物,団地ごとの目視確認済み,34.699807,135.581376
鶴見区,諸口南住宅,諸口南住宅４号館,125.0,1989.0,37.0,A,継続活用,鶴見区諸口２丁目６番４号,bldg_f3fd16ca-66f8-4e72-a08a-8e0c5b6427ed,1,50.3,14.0,17.0,RC造,2.1,2.1,0.4,140.0,,,1階まで,,PLATEAU建物,団地ごとの目視確認済み,34.699268,135.580879
鶴見区,諸口南住宅,諸口南住宅５号館,40.0,1990.0,36.0,A,継続活用,鶴見区諸口２丁目５番５号,bldg_bcd54638-afd1-46be-8311-afccb3a3731b,1,14.5,5.0,5.0,RC造,2.08,2.08,0.35,138.0,,,1階まで,,PLATEAU建物,団地ごとの目視確認済み,34.698907,135.580736
鶴見区,諸口第２住宅,諸口第２住宅６号館,82.0,1984.0,42.0,A,継続活用,鶴見区諸口６丁目６番６号,bldg_89b4eadc-e135-4ed8-9827-fd4278ce91c0,1,36.5,9.0,13.0,RC造,1.87,1.87,,129.0,,,1階まで,,PLATEAU建物,団地ごとの目視確認済み,34.707015,135.577699
鶴見区,鶴見住宅,鶴見住宅１号館,126.0,1976.0,50.0,A,継続活用,鶴見区鶴見２丁目８番１号,bldg_e234771d-df87-4e5e-8f8c-f7a6b833a892,1,34.4,9.0,12.0,RC造,2.42,2.42,0.37,149.0,,0.24,1階まで,,PLATEAU建物,団地ごとの目視確認済み,34.698315,135.561947
鶴見区,鶴見住宅,鶴見住宅２号館,117.0,1978.0,48.0,A,継続活用,鶴見区鶴見２丁目８番２号,bldg_d6351fe8-2cdb-4f7e-9aeb-2d3b4191fb72,1,34.0,9.0,12.0,RC造,2.42,2.42,0.46,149.0,,0.16,1階まで,,PLATEAU建物,団地ごとの目視確認済み,34.698361,135.563136
鶴見区,鶴見住宅,鶴見住宅３号館,77.0,1978.0,48.0,A,継続活用,鶴見区鶴見２丁目７番３号,bldg_73294f41-563c-48ce-85d8-b09658fe292b,1,20.4,7.0,7.0,RC造,2.44,2.44,0.33,150.0,,0.27,1階まで,,PLATEAU建物,団地ごとの目視確認済み,34.698979,135.561908
鶴見区,鶴見住宅,鶴見住宅４号館,70.0,1978.0,48.0,A,継続活用,鶴見区鶴見２丁目７番４号,bldg_082c09c0-16a7-4ddb-808a-0dd6bc1a74c0,1,20.5,7.0,7.0,RC造,2.35,2.35,0.35,147.0,,0.18,1階まで,,PLATEAU建物,団地ごとの目視確認済み,34.69901,135.562995
鶴見区,鶴見住宅,鶴見住宅５号館,40.0,1978.0,48.0,A,継続活用,鶴見区鶴見１丁目２番５号,bldg_d4bb0eb5-1979-4f58-90a9-7b816f0f37ce,1,14.1,5.0,5.0,RC造,2.07,2.07,0.06,135.0,,,1階まで,,PLATEAU建物,団地ごとの目視確認済み,34.698163,135.56072
鶴見区,鶴見住宅,鶴見住宅６号館,30.0,1978.0,48.0,A,継続活用,鶴見区鶴見１丁目２番６号,bldg_8e9664b5-beb7-4937-bd5d-8779ddeba5c6,1,14.0,5.0,5.0,RC造,2.05,2.05,0.06,134.0,,,1階まで,,PLATEAU建物,団地ごとの目視確認済み,34.697737,135.560882
鶴見区,鶴見住宅,鶴見住宅７号館,30.0,1978.0,48.0,A,継続活用,鶴見区鶴見１丁目２番７号,bldg_c9c13222-be51-452a-b86e-e283401bbb1b,1,14.1,5.0,5.0,RC造,2.03,2.03,0.03,133.0,,,1階まで,,PLATEAU建物,団地ごとの目視確認済み,34.697447,135.560661
鶴見区,鶴見住宅,鶴見住宅８号館,131.0,1978.0,48.0,A,継続活用,鶴見区鶴見１丁目２番８号,bldg_c0cfb0aa-3f89-46f4-b078-b4fb8113ef48,1,39.3,11.0,14.0,RC造,2.01,2.01,0.15,132.0,,0.03,1階まで,,PLATEAU建物,団地ごとの目視確認済み,34.697761,135.560131
鶴見区,鶴見北住宅,鶴見北住宅１号館,72.0,1982.0,44.0,A,継続活用,鶴見区鶴見５丁目６番１号,bldg_b5425e18-4bcc-4a73-bde3-0d29768a08d8,1,33.9,8.0,12.0,RC造,1.89,1.89,,126.0,,,1階まで,,PLATEAU建物,団地ごとの目視確認済み,34.705941,135.564374
鶴見区,鶴見北住宅,鶴見北住宅２号館,125.0,1985.0,41.0,A,継続活用,鶴見区鶴見５丁目８番２号,bldg_d2740645-efd1-4fc3-9ffa-1649c0dd816a,1,37.2,9.0,13.0,RC造,1.95,1.95,,129.0,,,1階まで,,PLATEAU建物,団地ごとの目視確認済み,34.706409,135.565301
鶴見区,鶴見北住宅,鶴見北住宅３号館,134.0,1982.0,44.0,A,継続活用,鶴見区鶴見５丁目９番３号,bldg_a3f1b109-4dfc-4aa9-af5b-5f1dd2783759,1,37.4,9.0,13.0,RC造,1.75,1.75,,118.0,,,1階まで,,PLATEAU建物,団地ごとの目視確認済み,34.706783,135.566256
鶴見区,鶴見北住宅,鶴見北住宅４号館,45.0,1985.0,41.0,A,継続活用,鶴見区鶴見５丁目１１番４号,bldg_a1956b48-723b-4d75-9f1c-67915998e8fc,1,14.4,5.0,5.0,RC造,1.83,1.83,,123.0,,,1階まで,,PLATEAU建物,団地ごとの目視確認済み,34.706803,135.567326
鶴見区,鶴見北住宅,鶴見北住宅５号館,203.0,1983.0,43.0,A,継続活用,鶴見区鶴見５丁目９番５号,bldg_fa80d607-47dd-4d76-ab9c-6dd70c55befa,1,46.0,12.0,16.0,RC造,1.87,1.87,,125.0,,,1階まで,,PLATEAU建物,団地ごとの目視確認済み,34.706096,135.566322
鶴見区,鶴見第２住宅,鶴見第２住宅１号館,20.0,1980.0,46.0,A,継続活用,鶴見区鶴見２丁目１９番１号,bldg_4e8399a9-796a-4858-b544-115e047f994f,1,14.0,5.0,5.0,RC造,2.39,2.39,0.18,148.0,,,1階まで,,PLATEAU建物,団地ごとの目視確認済み,34.699266,135.566668
鶴見区,鶴見第２住宅,鶴見第２住宅２号館,63.0,1979.0,47.0,A,継続活用,鶴見区鶴見２丁目２１番２号,bldg_d86f2048-41f1-47ea-a36c-75b8d4688b4b,1,33.3,9.0,11.0,RC造,2.36,2.36,0.17,147.0,,,1階まで,,PLATEAU建物,団地ごとの目視確認済み,34.699738,135.566812
鶴見区,鶴見第２住宅,鶴見第２住宅３号館,72.0,1979.0,47.0,A,継続活用,鶴見区鶴見２丁目２０番３号,bldg_08afe37b-c2a2-45cc-b549-24ba44df30b0,1,30.3,8.0,10.0,RC造,2.4,2.4,0.25,149.0,,0.03,1階まで,,PLATEAU建物,団地ごとの目視確認済み,34.699547,135.56603
鶴見区,鶴見第２住宅,鶴見第２住宅４号館,48.0,1979.0,47.0,A,継続活用,鶴見区鶴見２丁目１６番４号,bldg_15d08cb2-6092-429d-abda-fce00a39cf3a,1,17.6,6.0,6.0,RC造,2.41,2.41,0.26,149.0,,0.01,1階まで,,PLATEAU建物,団地ごとの目視確認済み,34.699487,135.565085
鶴見区,鶴見第２住宅,鶴見第２住宅５号館,100.0,1981.0,45.0,A,継続活用,鶴見区鶴見２丁目２２番５号,bldg_93e9caa2-1270-4515-bc69-92530fbb42ae,1,35.8,9.0,12.0,RC造,2.59,2.59,0.43,156.0,,0.01,1階まで,,PLATEAU建物,団地ごとの目視確認済み,34.700091,135.566115
鶴見区,鶴見第２住宅,鶴見第２住宅６号館,64.0,1981.0,45.0,A,継続活用,鶴見区鶴見２丁目２１番６号,bldg_1924e3b8-4756-484a-bc85-8eafbf996432,1,32.7,8.0,11.0,RC造,2.56,2.56,0.43,154.0,,0.03,1階まで,,PLATEAU建物,団地ごとの目視確認済み,34.700255,135.56683
